,Age,Spending,Region,target
1,30.0,3686821.0,0,0
2,25.0,3910136.0,1,1
4,17.0,4533064.0,2,1
6,17.0,408588.0,2,0
7,30.0,4794367.0,1,0
9,17.0,663288.0,0,0
10,23.0,3302441.0,0,1
12,21.0,1184624.0,0,1
13,39.0,5868212.0,0,0
14,20.0,2262078.0,1,0
15,31.0,4968898.0,0,0
16,21.0,3211717.0,0,1
17,45.0,10040428.0,0,1
18,32.0,3736913.0,1,0
19,29.0,8474687.0,0,0
21,32.0,6193729.0,0,0
22,39.0,3590692.0,2,0
23,27.0,3445536.0,2,0
25,32.0,4137533.0,0,0
26,16.0,1025586.0,0,1
27,21.0,3502461.0,2,2
28,20.0,3574332.0,0,1
29,22.0,1880766.0,2,1
30,28.0,3932507.0,0,0
31,35.0,7375682.0,0,0
32,42.0,7557097.0,0,0
33,18.0,4091417.0,2,1
34,37.0,5173519.0,0,0
35,25.0,6141991.0,0,1
36,41.0,8826772.0,0,0
37,19.0,5103283.0,0,1
38,29.0,7092779.0,2,0
39,41.0,7796473.0,0,0
40,23.0,2990082.0,2,1
41,18.0,3999230.0,0,1
42,35.0,6092709.0,2,0
43,15.0,2881263.0,0,0
44,25.0,3011458.0,0,1
46,23.0,5702239.0,0,1
47,34.0,6090483.0,0,0
48,16.0,2961613.0,0,1
49,31.0,6898590.0,0,0
50,34.0,8235573.0,0,0
51,17.0,1345893.0,0,1
52,45.0,9174387.0,0,1
53,22.0,3914618.0,0,1
54,29.0,6495527.0,0,0
55,16.0,3464479.0,0,1
56,24.0,2370648.0,0,0
57,30.0,8042407.0,1,0
58,31.0,5756953.0,2,2
59,31.0,5451896.0,0,0
60,16.0,2804168.0,0,1
61,37.0,6521166.0,0,0
62,41.0,6343680.0,2,0
63,28.0,3706239.0,0,0
64,33.0,3535049.0,0,0
65,33.0,5497124.0,0,0
66,26.0,5925055.0,0,0
67,32.0,2710565.0,0,0
68,43.0,6831417.0,0,0
69,43.0,5969081.0,0,0
70,19.0,2552444.0,0,1
71,23.0,3568760.0,0,0
72,29.0,3132818.0,0,0
73,15.0,1810996.0,0,1
74,43.0,6068890.0,0,2
75,26.0,2235349.0,0,1
76,18.0,3101189.0,0,1
77,41.0,8287129.0,0,0
78,42.0,6064922.0,1,0
79,39.0,5871233.0,2,0
80,17.0,4201813.0,0,0
82,24.0,2932871.0,0,1
83,18.0,6583749.0,0,1
84,21.0,6042470.0,0,1
85,25.0,2987888.0,0,1
86,19.0,3334476.0,0,1
87,19.0,1772321.0,0,1
88,17.0,2129543.0,0,1
89,25.0,3125384.0,0,0
90,29.0,6589574.0,0,0
91,27.0,4733352.0,0,1
93,27.0,7433582.0,0,2
94,32.0,7288078.0,0,0
95,39.0,6425175.0,0,0
96,34.0,5546338.0,0,0
97,22.0,3728163.0,2,1
99,45.0,8410473.0,0,1
100,24.0,2107954.0,0,1
101,34.0,7408604.0,1,0
102,18.0,4770040.0,0,1
103,23.0,2942841.0,0,0
104,26.0,4749398.0,0,1
105,24.0,3477610.0,2,1
106,35.0,4950414.0,0,0
108,33.0,5982193.0,0,0
109,15.0,1061099.0,2,0
110,26.0,4945576.0,0,1
111,36.0,2869520.0,0,0
112,37.0,4305412.0,2,0
113,44.0,3342069.0,0,0
114,29.0,6448748.0,2,0
115,33.0,8284315.0,2,2
116,17.0,2006462.0,0,1
118,45.0,6154147.0,0,1
119,30.0,5394105.0,0,0
120,34.0,5476513.0,0,0
121,41.0,6337592.0,0,0
122,20.0,3019971.0,0,0
124,41.0,7961734.0,0,0
125,44.0,8121365.0,0,0
126,25.0,4708446.0,1,1
127,23.0,5535075.0,0,0
128,25.0,3446291.0,0,0
129,22.0,3351339.0,0,1
130,40.0,7636909.0,0,0
131,38.0,5541954.0,0,0
132,29.0,4977467.0,0,0
133,26.0,3673030.0,0,1
134,17.0,1904905.0,0,2
135,15.0,2120251.0,0,0
136,40.0,6083336.0,0,0
137,43.0,6650568.0,0,0
138,23.0,122546.0,0,1
139,16.0,1504631.0,0,1
140,19.0,2592355.0,0,1
141,27.0,5607754.0,0,1
142,40.0,6450351.0,2,0
143,19.0,2762107.0,0,1
144,17.0,2219983.0,1,1
145,42.0,7072013.0,0,0
146,18.0,3824862.0,0,0
147,28.0,3310760.0,0,0
148,39.0,6432649.0,0,0
149,29.0,2817914.0,0,0
150,31.0,8128917.0,2,0
151,32.0,2481047.0,0,2
152,23.0,1612738.0,2,1
153,41.0,6485459.0,2,0
154,28.0,4992185.0,0,0
155,42.0,6623287.0,0,0
156,33.0,8349631.0,0,0
157,26.0,4656124.0,0,1
158,38.0,5878766.0,1,0
159,34.0,5715108.0,0,0
160,22.0,5523832.0,0,0
161,29.0,2715603.0,2,0
162,39.0,5384388.0,0,0
163,31.0,6038427.0,0,0
164,21.0,5044434.0,0,0
165,37.0,5664750.0,0,0
166,23.0,4727368.0,2,0
167,20.0,1452662.0,0,0
168,34.0,5763609.0,0,2
169,37.0,7260992.0,0,0
170,23.0,3307443.0,0,0
171,40.0,5463834.0,1,0
172,36.0,3828670.0,2,0
173,21.0,2231606.0,2,1
174,21.0,4518548.0,0,0
175,40.0,5620429.0,2,0
176,31.0,3750057.0,0,0
177,27.0,2557512.0,2,1
179,21.0,5808057.0,2,1
180,36.0,6370478.0,0,0
182,26.0,6472057.0,0,1
183,40.0,5637348.0,0,0
184,42.0,8036528.0,0,0
185,29.0,3556268.0,2,0
186,33.0,6238648.0,0,0
187,31.0,4112743.0,1,0
188,33.0,8630812.0,0,0
189,30.0,3536449.0,0,2
190,45.0,10537274.0,0,1
191,37.0,6715007.0,0,0
194,43.0,7308143.0,2,0
195,17.0,2408062.0,0,1
196,37.0,7492033.0,2,0
197,34.0,7250155.0,0,0
198,23.0,5162904.0,2,1
199,45.0,7658952.0,0,1
200,37.0,4577916.0,0,0
201,45.0,5902717.0,0,1
202,32.0,7932106.0,0,0
204,27.0,2579279.0,0,1
205,24.0,3778460.0,2,2
206,34.0,7466954.0,2,0
207,22.0,2839653.0,2,0
208,43.0,7778146.0,1,0
209,15.0,3917601.0,0,1
210,43.0,9593105.0,2,0
211,21.0,432143.0,0,0
212,28.0,5351460.0,0,0
213,35.0,6161266.0,0,0
214,41.0,6209373.0,0,0
215,23.0,3145545.0,0,0
216,27.0,6415905.0,0,1
217,18.0,3664402.0,0,1
218,34.0,4765149.0,0,0
219,17.0,283965.0,0,0
220,25.0,4900957.0,0,1
221,35.0,4820136.0,0,0
222,15.0,3619672.0,2,1
223,24.0,3391032.0,0,2
224,44.0,6945057.0,2,0
225,39.0,6940464.0,2,0
226,28.0,4453819.0,0,0
227,43.0,5980928.0,0,0
228,35.0,4673739.0,0,0
229,34.0,6337967.0,2,0
230,41.0,7207811.0,0,0
231,37.0,6521704.0,0,0
232,29.0,4149717.0,0,0
233,33.0,2871649.0,0,0
234,42.0,8025253.0,0,0
235,24.0,6155239.0,0,1
236,35.0,4334029.0,0,0
237,37.0,7992461.0,0,0
238,24.0,3950551.0,0,1
239,42.0,4805287.0,0,0
240,15.0,4073652.0,0,1
241,21.0,5496866.0,0,1
242,25.0,6218891.0,0,2
243,16.0,3360411.0,0,1
244,19.0,3055573.0,0,1
245,24.0,5760899.0,0,0
246,28.0,5023145.0,0,0
247,43.0,5778539.0,0,0
248,20.0,3967715.0,0,1
249,18.0,2353150.0,2,1
250,45.0,4950073.0,0,0
251,32.0,5539808.0,2,0
252,23.0,4035068.0,0,1
253,28.0,2468613.0,0,0
254,25.0,5112872.0,0,1
255,27.0,5624406.0,0,1
256,23.0,4205304.0,0,1
257,35.0,6379480.0,0,0
258,45.0,6984869.0,2,1
259,23.0,1995146.0,0,1
260,22.0,2427057.0,2,0
261,25.0,3479964.0,0,1
262,44.0,4387557.0,0,0
263,17.0,182118.0,2,2
265,33.0,5313689.0,0,0
266,33.0,6151777.0,0,0
268,45.0,11050385.0,2,1
269,40.0,8464829.0,0,0
270,24.0,1635575.0,2,0
271,21.0,4371121.0,2,0
272,44.0,7759408.0,2,0
273,45.0,8481483.0,0,1
274,20.0,3232204.0,0,1
275,35.0,4536449.0,0,0
276,38.0,5077209.0,0,0
277,22.0,2481050.0,0,1
278,45.0,8607595.0,0,1
279,44.0,7918214.0,0,0
280,24.0,3145871.0,0,1
281,32.0,5395953.0,0,0
282,31.0,3692022.0,0,2
283,34.0,9593315.0,0,0
284,33.0,5833120.0,0,0
285,27.0,4946670.0,2,1
286,19.0,3717333.0,2,1
287,41.0,6449000.0,0,0
288,32.0,6381187.0,2,0
289,37.0,3998281.0,0,0
290,39.0,4192640.0,2,0
291,41.0,7107500.0,2,0
292,20.0,2984625.0,2,1
293,40.0,4170955.0,0,0
294,30.0,4262107.0,2,0
295,41.0,6442085.0,2,0
296,39.0,8274910.0,0,0
297,16.0,2119734.0,0,1
298,28.0,1255774.0,0,2
299,37.0,4044525.0,0,0
300,43.0,6946081.0,0,0
301,21.0,5348858.0,2,1
302,33.0,3765574.0,0,0
303,32.0,6142519.0,0,0
304,44.0,6551695.0,0,0
305,43.0,5806980.0,0,0
306,17.0,5914989.0,0,1
307,23.0,2770975.0,0,0
308,23.0,2040761.0,0,1
309,16.0,117958.0,0,1
310,27.0,4329489.0,0,0
311,33.0,3409821.0,0,0
312,38.0,4196666.0,0,0
313,31.0,7370745.0,0,2
314,21.0,4318464.0,0,0
315,23.0,2750874.0,2,0
316,26.0,1677735.0,0,0
317,33.0,6172262.0,0,0
318,35.0,1052901.0,2,0
319,18.0,652072.0,2,1
320,16.0,4683532.0,0,1
321,21.0,3560102.0,0,0
322,19.0,2956822.0,0,1
323,23.0,4463730.0,0,1
324,41.0,6482914.0,2,0
325,40.0,6111852.0,0,0
326,20.0,3123098.0,0,1
327,44.0,5712601.0,2,0
328,35.0,9469402.0,2,0
329,37.0,5245121.0,2,2
330,29.0,5147121.0,2,0
331,41.0,5989270.0,0,0
332,45.0,6339501.0,0,1
333,41.0,3367510.0,0,0
334,16.0,263040.0,0,1
335,40.0,7734664.0,0,0
336,16.0,3055992.0,0,1
337,39.0,6193738.0,0,0
338,19.0,805041.0,2,1
339,36.0,7713334.0,2,0
340,35.0,2768262.0,2,0
341,39.0,5555601.0,0,0
342,27.0,2166341.0,2,1
343,29.0,3437849.0,0,0
344,19.0,3150652.0,0,2
345,31.0,2301632.0,0,0
346,40.0,5500791.0,0,0
347,33.0,5716688.0,0,0
348,27.0,5990767.0,0,1
349,38.0,3236566.0,0,0
350,20.0,2395437.0,0,1
351,17.0,2106913.0,0,1
352,25.0,3088540.0,0,1
353,40.0,6870794.0,0,0
354,23.0,2081656.0,0,1
355,22.0,3530832.0,0,1
356,41.0,5812141.0,0,0
357,32.0,6438217.0,2,0
358,16.0,1208808.0,0,1
359,44.0,5932250.0,0,0
361,33.0,4013394.0,0,2
362,34.0,7739663.0,0,0
363,32.0,3272620.0,0,0
365,16.0,2892043.0,0,1
366,42.0,10143576.0,0,0
367,25.0,8023440.0,0,0
368,43.0,7748907.0,0,0
369,24.0,5367906.0,0,1
370,44.0,8049695.0,0,0
371,18.0,4834722.0,0,1
372,45.0,6924803.0,0,1
373,36.0,7329868.0,0,0
374,35.0,8046483.0,2,0
375,40.0,5530991.0,0,0
376,31.0,4229381.0,0,0
377,44.0,6492256.0,0,0
378,41.0,6614626.0,0,0
379,35.0,5144411.0,0,0
380,31.0,4038193.0,2,0
381,43.0,5030780.0,2,0
382,38.0,7122026.0,2,0
383,25.0,4039380.0,0,1
384,33.0,2518420.0,0,0
385,15.0,3019775.0,0,2
386,44.0,7013685.0,0,0
387,24.0,1494520.0,0,1
388,24.0,2927870.0,0,1
389,22.0,3187972.0,2,1
390,45.0,6124520.0,0,0
391,25.0,4216769.0,0,1
392,18.0,3001134.0,0,1
393,35.0,3798914.0,0,0
394,23.0,1875118.0,2,1
395,18.0,5982114.0,0,1
396,33.0,4276060.0,0,0
397,36.0,6122636.0,0,0
398,42.0,6099439.0,0,0
399,37.0,5907004.0,0,0
400,23.0,5674943.0,0,1
401,35.0,6451661.0,0,0
402,32.0,5553943.0,0,0
403,29.0,6485353.0,0,0
404,37.0,7273297.0,0,0
405,19.0,1224106.0,0,1
406,39.0,7304043.0,2,0
407,17.0,3500128.0,2,1
408,25.0,4270174.0,0,1
409,16.0,2576737.0,2,1
410,28.0,4649703.0,0,0
411,40.0,6439176.0,0,0
412,21.0,3254341.0,2,1
413,25.0,7935878.0,2,1
414,34.0,4162058.0,2,0
415,20.0,2458254.0,0,1
416,34.0,1799724.0,0,0
417,34.0,5056900.0,2,0
418,42.0,7611088.0,2,0
419,36.0,5811849.0,0,0
420,45.0,7268458.0,0,1
421,30.0,5311687.0,2,0
422,24.0,4513856.0,0,1
423,17.0,1588034.0,0,0
424,32.0,6765818.0,0,0
425,39.0,4540926.0,0,0
426,37.0,4493030.0,2,0
427,42.0,7215706.0,0,0
428,20.0,2325326.0,0,1
429,28.0,5581432.0,0,0
430,16.0,3797151.0,0,1
431,15.0,900136.0,0,1
432,22.0,2568983.0,2,1
433,37.0,5523068.0,0,0
434,26.0,4095141.0,2,1
435,44.0,7371700.0,0,0
436,32.0,5539748.0,0,0
437,34.0,6791359.0,0,0
438,28.0,2951983.0,2,0
439,34.0,5454616.0,2,0
440,35.0,3189723.0,0,0
441,26.0,3460595.0,0,1
442,33.0,4336539.0,2,0
443,15.0,233680.0,2,1
444,32.0,5090779.0,0,0
445,33.0,5754499.0,0,0
446,30.0,6161560.0,0,0
447,19.0,163963.0,0,1
448,19.0,2054305.0,0,1
449,36.0,3402012.0,0,0
450,22.0,3961797.0,0,1
451,39.0,8114342.0,0,0
452,20.0,2418200.0,0,1
453,26.0,4943158.0,2,1
454,36.0,7323609.0,0,0
455,16.0,3553111.0,0,1
456,45.0,6929276.0,0,1
457,44.0,4551272.0,2,0
458,22.0,4461113.0,2,1
459,32.0,7494072.0,0,0
460,42.0,8144058.0,0,0
461,34.0,5144234.0,0,0
462,30.0,3798373.0,0,0
463,21.0,4252716.0,0,1
464,16.0,3556522.0,2,1
465,36.0,5882906.0,0,0
466,16.0,3852387.0,0,0
467,23.0,2501520.0,0,1
468,34.0,5624182.0,0,0
469,20.0,981352.0,0,1
470,34.0,4663872.0,0,0
471,24.0,4434801.0,0,1
472,21.0,14361.0,0,0
473,34.0,7302467.0,0,0
474,20.0,4454343.0,0,0
475,21.0,2381675.0,0,1
476,27.0,4338735.0,2,1
477,22.0,991155.0,0,1
478,45.0,5132817.0,0,1
479,27.0,4370587.0,0,1
480,40.0,6900740.0,0,0
481,16.0,1920744.0,0,0
482,24.0,3101245.0,2,1
483,26.0,6276040.0,0,1
484,26.0,4302105.0,0,0
485,28.0,9169480.0,0,0
486,16.0,962393.0,0,1
487,17.0,3731470.0,0,0
488,40.0,5917620.0,0,0
489,26.0,3119222.0,0,0
490,29.0,5015597.0,2,0
491,33.0,6678098.0,0,0
492,32.0,3669156.0,0,0
493,16.0,3300051.0,0,1
494,44.0,7716978.0,0,0
495,15.0,198084.0,2,0
496,32.0,4778587.0,0,0
497,45.0,7247134.0,0,1
498,38.0,4415329.0,0,0
499,41.0,7531153.0,2,0
500,22.0,3972807.0,0,1
501,25.0,4611747.0,0,1
502,29.0,6649254.0,0,0
503,15.0,3646517.0,0,1
504,22.0,3770551.0,0,1
505,41.0,5779206.0,0,0
506,23.0,3938757.0,2,1
507,27.0,5783139.0,2,1
508,45.0,6561226.0,0,1
509,25.0,2312345.0,0,1
510,31.0,6785957.0,0,0
511,31.0,10595707.0,0,0
512,22.0,5659492.0,0,1
513,21.0,6151609.0,2,1
514,27.0,1744732.0,0,0
515,40.0,5643422.0,0,0
516,31.0,1929629.0,0,0
517,44.0,9481990.0,0,0
518,34.0,4145777.0,0,0
519,26.0,2057035.0,0,1
520,20.0,5284315.0,0,0
521,28.0,3336915.0,0,0
522,18.0,2772217.0,0,1
523,20.0,6229622.0,0,1
524,27.0,3621810.0,0,0
525,29.0,4899874.0,0,0
526,38.0,7027428.0,0,0
527,29.0,3099805.0,0,0
528,22.0,3576528.0,0,1
529,23.0,3691125.0,2,0
530,15.0,4665526.0,0,1
531,21.0,1761442.0,0,1
532,23.0,5445105.0,0,0
533,21.0,3433046.0,0,1
534,18.0,1353774.0,0,1
535,39.0,7396161.0,2,0
536,34.0,5893334.0,0,0
537,30.0,2689946.0,0,0
538,29.0,1917806.0,0,0
539,15.0,2718934.0,0,1
540,28.0,4577946.0,2,0
541,30.0,6036045.0,2,0
542,31.0,5448778.0,0,0
543,28.0,1784724.0,0,0
544,28.0,4479539.0,2,0
545,41.0,6816023.0,0,0
546,17.0,3927472.0,0,0
547,16.0,440741.0,2,0
548,24.0,3579531.0,0,1
549,15.0,179851.0,0,0
550,23.0,3634089.0,0,1
551,28.0,2383960.0,0,0
552,18.0,1561348.0,0,1
553,23.0,4102429.0,0,1
554,24.0,4589605.0,2,1
555,29.0,6324367.0,0,0
556,42.0,4683313.0,2,0
557,41.0,8015637.0,0,0
558,29.0,4388367.0,2,0
559,33.0,5103406.0,0,0
560,40.0,5550036.0,0,0
561,23.0,5003708.0,0,1
562,23.0,4314496.0,2,0
563,17.0,1634606.0,0,1
564,36.0,5230694.0,0,0
565,42.0,8209175.0,2,0
566,44.0,6159454.0,0,0
567,19.0,4188574.0,0,1
568,25.0,3003245.0,2,1
569,38.0,6020820.0,0,0
570,36.0,7201789.0,0,0
571,15.0,609850.0,2,1
572,27.0,7039723.0,0,1
573,26.0,3625401.0,0,1
574,45.0,6557761.0,0,1
575,26.0,5650528.0,2,0
576,27.0,5483027.0,0,0
577,19.0,1253138.0,2,1
578,42.0,6704409.0,2,0
579,22.0,2528206.0,0,1
580,19.0,1884783.0,0,1
581,17.0,4325785.0,0,0
582,37.0,7573376.0,2,0
583,32.0,4393313.0,0,0
584,34.0,7764449.0,0,0
585,22.0,2487424.0,2,1
586,26.0,3448510.0,0,1
587,45.0,8463744.0,2,1
588,20.0,6104857.0,0,1
589,45.0,5194556.0,0,1
590,16.0,3425277.0,0,1
591,40.0,8457265.0,2,0
592,45.0,5059985.0,0,1
593,16.0,1293954.0,0,0
594,19.0,3052641.0,0,1
595,19.0,4408507.0,0,1
596,16.0,2121423.0,0,1
597,37.0,4723916.0,0,0
598,22.0,2929701.0,0,1
599,30.0,3380442.0,0,0
600,17.0,1572667.0,0,0
601,16.0,6524091.0,2,1
602,33.0,4040536.0,0,0
603,40.0,4567539.0,0,0
604,28.0,2163482.0,0,0
605,20.0,6239855.0,0,1
606,17.0,2642022.0,2,1
607,45.0,5873521.0,0,1
608,26.0,3940201.0,0,1
609,45.0,9309591.0,0,1
610,39.0,9718423.0,0,0
611,25.0,2217966.0,2,1
612,30.0,3905414.0,0,0
613,21.0,3161236.0,0,1
614,43.0,7339510.0,2,0
615,27.0,3775913.0,0,1
616,33.0,4831048.0,2,0
617,24.0,3792713.0,0,0
618,22.0,3148093.0,2,1
619,43.0,7915404.0,0,0
620,26.0,5815674.0,2,1
621,27.0,3848064.0,0,1
622,43.0,10333323.0,0,0
623,41.0,8677793.0,2,0
624,27.0,5857288.0,0,1
625,44.0,7830617.0,0,0
626,41.0,6815607.0,2,0
627,36.0,6870960.0,0,0
628,17.0,1231301.0,2,1
629,33.0,4518713.0,0,0
630,24.0,5534270.0,0,1
631,17.0,2614735.0,0,0
632,34.0,5224393.0,0,0
633,37.0,7904877.0,0,0
634,21.0,868879.0,0,0
635,24.0,6007638.0,0,0
636,29.0,2451686.0,0,0
637,41.0,7428690.0,0,0
638,17.0,1080884.0,2,1
639,20.0,3021419.0,0,1
640,41.0,7482439.0,2,0
641,33.0,4394707.0,0,0
642,39.0,4614396.0,0,0
643,23.0,1412153.0,0,1
644,40.0,5614175.0,0,0
645,35.0,3253567.0,0,0
646,30.0,3196003.0,2,0
647,35.0,7356957.0,0,0
648,30.0,4916687.0,0,0
649,20.0,3835588.0,0,1
650,31.0,3759260.0,0,0
651,34.0,7231814.0,0,0
652,20.0,2226232.0,0,0
653,27.0,3238728.0,2,1
654,41.0,4179239.0,0,0
655,15.0,4398077.0,2,1
656,20.0,974074.0,0,1
657,21.0,1278074.0,0,1
658,17.0,4200485.0,0,1
659,28.0,5556366.0,0,0
660,38.0,4150228.0,0,0
661,20.0,4554330.0,0,0
662,24.0,3753024.0,0,1
663,38.0,5643212.0,0,0
664,25.0,5670295.0,0,1
665,39.0,5438746.0,0,0
666,43.0,6451934.0,0,0
667,27.0,6918345.0,0,1
668,15.0,4018711.0,2,1
669,44.0,6146279.0,2,0
670,44.0,6377950.0,0,0
671,36.0,6715962.0,0,0
672,43.0,7401201.0,0,0
673,44.0,7835465.0,0,0
674,40.0,7007874.0,0,0
675,29.0,5528497.0,2,0
676,16.0,4272718.0,2,1
677,41.0,6267772.0,0,0
678,45.0,6915924.0,0,0
679,43.0,4923098.0,0,0
680,34.0,4753993.0,0,0
681,29.0,4869667.0,0,0
682,35.0,6697464.0,0,0
683,18.0,4352783.0,0,1
684,35.0,6568924.0,0,0
685,38.0,6473999.0,0,0
686,16.0,2677532.0,2,1
687,31.0,6667135.0,0,0
688,29.0,1897823.0,2,0
689,34.0,4678644.0,0,0
690,32.0,2406915.0,0,0
691,15.0,2131664.0,0,1
692,20.0,5766888.0,0,1
693,24.0,1418001.0,0,1
694,40.0,3304483.0,0,0
695,27.0,4330602.0,0,0
696,43.0,4625292.0,2,0
697,43.0,5813381.0,0,0
698,35.0,5921732.0,2,0
699,23.0,4670394.0,0,1
700,24.0,3986448.0,0,0
701,29.0,2706987.0,2,0
702,25.0,97926.0,0,1
703,45.0,10592472.0,0,1
704,16.0,3303219.0,0,1
705,42.0,5748365.0,0,0
706,23.0,610343.0,0,1
707,34.0,7895746.0,2,0
708,18.0,2305610.0,2,0
709,34.0,7760750.0,2,0
710,34.0,3582355.0,0,0
711,36.0,5974024.0,0,0
712,41.0,8120867.0,0,0
713,38.0,8064837.0,0,0
714,23.0,2577911.0,0,1
715,44.0,4956631.0,2,0
716,15.0,3158627.0,0,1
717,32.0,4796194.0,0,0
718,21.0,5387383.0,0,0
719,27.0,4245957.0,0,0
720,18.0,1967955.0,0,1
721,38.0,9423699.0,0,0
722,24.0,3598715.0,0,1
723,24.0,7810444.0,0,1
724,18.0,336965.0,2,0
725,36.0,5550793.0,0,0
726,26.0,4853427.0,0,1
727,17.0,3359670.0,0,1
728,26.0,3788402.0,2,1
729,38.0,6137243.0,0,0
730,37.0,5416853.0,0,0
731,18.0,3527114.0,0,1
732,37.0,3046963.0,2,0
733,42.0,5786936.0,0,0
734,34.0,6060045.0,0,0
735,35.0,5339366.0,0,0
736,23.0,950526.0,0,0
737,17.0,4461471.0,0,1
738,20.0,3626472.0,0,1
739,36.0,4731765.0,2,0
740,18.0,3543351.0,0,0
741,27.0,4544957.0,0,0
742,24.0,5349968.0,2,1
743,34.0,5709226.0,0,0
744,31.0,2050710.0,0,0
745,30.0,4105301.0,0,0
746,37.0,8218049.0,0,0
747,44.0,5942106.0,0,0
748,34.0,5998952.0,2,0
749,20.0,4884388.0,0,0
750,40.0,3814646.0,0,0
751,43.0,8099594.0,0,0
752,15.0,208924.0,2,0
753,40.0,4871479.0,0,0
754,28.0,5684526.0,2,0
755,15.0,2827322.0,0,1
756,36.0,6396463.0,0,0
757,25.0,3007589.0,2,1
758,41.0,7592591.0,0,0
759,27.0,3755901.0,0,1
760,18.0,2367556.0,2,1
761,27.0,5623255.0,0,1
762,19.0,5223201.0,0,1
763,37.0,5520680.0,0,0
764,43.0,8184864.0,0,0
765,19.0,2814981.0,0,1
766,24.0,4709199.0,0,1
767,28.0,3397920.0,0,0
768,35.0,5241240.0,0,0
769,42.0,5602257.0,0,0
770,43.0,7968907.0,0,0
771,44.0,6939981.0,0,0
772,41.0,5918562.0,0,0
773,16.0,3512801.0,0,1
774,45.0,9695784.0,0,1
775,22.0,5059990.0,0,1
776,30.0,7394557.0,0,0
777,22.0,174108.0,0,1
778,26.0,7008816.0,0,1
779,38.0,6994986.0,0,0
780,45.0,5034065.0,0,0
781,38.0,4198575.0,0,0
782,20.0,5152303.0,0,1
783,15.0,997414.0,0,1
784,44.0,7924606.0,0,0
785,36.0,6640937.0,2,0
786,22.0,5223033.0,2,0
787,44.0,3078478.0,0,0
788,33.0,3120114.0,2,0
789,18.0,2558641.0,0,1
790,33.0,3212596.0,0,0
791,16.0,2346272.0,0,1
792,27.0,5216383.0,2,0
793,29.0,4491374.0,2,0
794,32.0,5163506.0,0,0
795,41.0,6901107.0,0,0
796,23.0,3447429.0,2,1
797,40.0,7317782.0,0,0
798,38.0,5901186.0,0,0
799,38.0,6401696.0,0,0
800,32.0,3360287.0,2,0
801,34.0,5656424.0,0,0
802,18.0,2440754.0,0,1
803,36.0,6803377.0,0,0
804,34.0,5249327.0,2,0
805,38.0,7199132.0,0,0
806,43.0,7180548.0,2,0
807,16.0,4592408.0,0,1
808,32.0,5184922.0,2,0
809,23.0,3654593.0,0,1
810,32.0,5302830.0,0,0
811,37.0,5363967.0,0,0
812,39.0,4117132.0,0,0
813,23.0,4956330.0,0,1
814,16.0,2284018.0,0,1
815,41.0,9104882.0,0,0
816,38.0,5437512.0,0,0
817,30.0,4813933.0,2,0
818,22.0,4681653.0,0,0
819,39.0,5560887.0,0,0
820,38.0,6088118.0,0,0
821,34.0,4129084.0,0,0
822,39.0,5970732.0,2,0
823,34.0,4633370.0,2,0
824,43.0,8474336.0,0,0
825,28.0,3379369.0,0,0
826,29.0,4556805.0,0,0
827,43.0,8693989.0,0,0
828,26.0,5123233.0,0,1
829,26.0,3555279.0,2,1
830,41.0,5231772.0,2,0
831,38.0,4462326.0,0,0
832,30.0,5655223.0,0,0
833,34.0,7515102.0,0,0
834,19.0,2146199.0,0,0
835,33.0,2808932.0,0,0
836,39.0,5483083.0,0,0
837,31.0,3085740.0,0,0
838,20.0,5224185.0,0,1
839,19.0,2742491.0,0,1
840,39.0,4583925.0,0,0
841,29.0,3319059.0,0,0
842,31.0,4309057.0,2,0
843,30.0,4714878.0,0,0
844,29.0,6289615.0,0,0
845,28.0,5762858.0,2,0
846,43.0,6852353.0,0,0
847,40.0,6565686.0,2,0
848,34.0,5748957.0,0,0
849,30.0,3028778.0,2,0
850,17.0,4373944.0,2,1
851,33.0,4246608.0,2,0
852,30.0,4987553.0,2,0
853,21.0,4312019.0,0,0
854,33.0,6126079.0,0,0
855,28.0,3009269.0,0,0
856,43.0,8262015.0,0,0
857,15.0,3169893.0,2,1
858,23.0,2877310.0,2,1
859,23.0,4659494.0,0,0
860,41.0,5712656.0,2,0
861,28.0,5391204.0,0,0
862,34.0,4530070.0,0,0
863,22.0,4602918.0,0,1
864,45.0,5232573.0,0,0
865,19.0,2407957.0,2,0
866,23.0,1958995.0,0,1
867,39.0,5603263.0,0,0
868,39.0,6137155.0,0,0
869,33.0,5249749.0,0,0
870,31.0,7547386.0,2,0
871,23.0,4259480.0,0,1
872,37.0,4681083.0,0,0
873,41.0,7145211.0,0,0
874,38.0,7593605.0,0,0
875,33.0,5453202.0,0,0
876,22.0,800792.0,2,0
877,24.0,5762982.0,0,1
878,35.0,4201203.0,0,0
879,24.0,1394987.0,0,0
880,41.0,3779387.0,0,0
881,33.0,4861998.0,0,0
882,18.0,1858781.0,0,1
883,41.0,5817061.0,0,0
884,27.0,5815987.0,0,1
885,27.0,6130015.0,0,1
886,17.0,1885095.0,0,1
887,18.0,3670352.0,0,0
888,37.0,4403462.0,0,0
889,26.0,2755094.0,0,1
890,43.0,6690646.0,0,0
891,45.0,7127054.0,2,0
892,25.0,3316408.0,0,1
893,44.0,6542028.0,0,0
894,26.0,4443781.0,0,1
895,43.0,5490764.0,2,0
896,34.0,5664759.0,2,0
897,45.0,7029665.0,2,1
898,45.0,8326709.0,2,0
899,25.0,4179243.0,0,0
900,40.0,6352561.0,0,0
901,43.0,5173939.0,0,0
902,43.0,3532268.0,0,0
903,39.0,7011200.0,0,0
904,41.0,5532998.0,0,0
905,30.0,5621900.0,0,0
906,35.0,7663006.0,0,0
907,36.0,4463003.0,2,0
908,34.0,6979092.0,0,0
909,29.0,3897082.0,0,0
910,21.0,2127960.0,2,1
911,15.0,1364038.0,2,0
912,44.0,6577278.0,0,0
913,38.0,2723239.0,2,0
914,44.0,5958716.0,0,0
915,30.0,5041170.0,0,0
916,33.0,3670459.0,0,0
917,45.0,6530564.0,0,1
918,40.0,5614279.0,0,0
919,29.0,6547672.0,0,0
920,27.0,2468760.0,0,0
921,15.0,3840907.0,0,0
922,29.0,4948980.0,0,0
923,43.0,7169835.0,0,0
924,15.0,2703406.0,0,1
925,30.0,4121955.0,0,0
926,18.0,4267031.0,2,1
927,31.0,8606791.0,2,0
928,20.0,2281990.0,0,1
929,33.0,5569064.0,0,0
930,39.0,4250743.0,0,0
931,33.0,7138014.0,0,0
932,34.0,4918642.0,0,0
933,22.0,4645711.0,0,1
934,20.0,1763402.0,0,1
935,25.0,4755211.0,0,1
936,16.0,2750618.0,0,0
937,25.0,3130422.0,0,1
938,34.0,3721902.0,0,0
939,35.0,4545571.0,0,0
940,23.0,2986079.0,0,0
941,27.0,6023195.0,0,1
942,26.0,1387415.0,0,0
943,39.0,6661249.0,0,0
944,20.0,3852975.0,2,1
945,35.0,5668574.0,0,0
946,17.0,4291764.0,2,1
947,20.0,823377.0,2,0
948,42.0,4867660.0,0,0
949,16.0,1443034.0,0,1
950,24.0,4323895.0,0,1
951,35.0,6174979.0,0,0
952,39.0,4446006.0,2,0
953,28.0,2811614.0,0,0
954,23.0,5340983.0,0,1
955,19.0,3308490.0,0,0
956,20.0,1537576.0,2,1
957,42.0,5880483.0,2,0
958,37.0,4478114.0,0,0
959,27.0,6850355.0,0,1
960,35.0,10067870.0,0,0
961,35.0,6208972.0,0,0
962,30.0,1258643.0,0,0
963,25.0,4490944.0,0,1
964,26.0,2941565.0,0,1
965,37.0,3822342.0,0,0
966,45.0,6569901.0,0,0
967,35.0,6037752.0,0,0
968,37.0,5699879.0,0,0
969,29.0,4025196.0,0,0
970,44.0,6807499.0,0,0
971,40.0,6246606.0,0,0
972,22.0,490634.0,0,1
973,15.0,1210659.0,0,1
974,27.0,1907550.0,0,1
975,36.0,5115322.0,0,0
976,34.0,9325202.0,2,0
977,39.0,3412260.0,0,0
978,39.0,7117414.0,0,0
979,31.0,4793861.0,0,0
980,40.0,6568104.0,2,0
981,22.0,5112135.0,2,1
982,32.0,5836885.0,0,0
983,30.0,7769347.0,0,0
984,36.0,5581398.0,0,0
985,23.0,427193.0,2,0
986,16.0,4008328.0,2,1
987,29.0,2356639.0,0,0
988,36.0,7937642.0,0,0
989,26.0,4293097.0,0,1
990,26.0,5033976.0,0,1
991,18.0,1160014.0,0,0
992,31.0,6769703.0,0,0
993,24.0,4503708.0,0,1
994,22.0,4343045.0,0,1
995,22.0,2631692.0,0,0
996,33.0,5256690.0,0,0
997,24.0,3267844.0,2,0
998,39.0,8973680.0,2,0
999,29.0,4148730.0,0,0
1000,21.0,2053560.0,0,1
1001,41.0,5773195.0,0,0
1002,33.0,4055336.0,0,0
1003,16.0,1662233.0,2,1
1004,19.0,2484868.0,0,1
1005,34.0,7680496.0,0,0
1006,16.0,2966293.0,2,1
1007,36.0,5752502.0,0,0
1008,19.0,3787525.0,0,1
1009,23.0,5888696.0,0,1
1010,44.0,8777104.0,0,0
1011,36.0,6820954.0,0,0
1012,34.0,3447035.0,2,0
1013,40.0,8301406.0,0,0
1014,32.0,5929454.0,0,0
1015,21.0,3912249.0,0,1
1016,16.0,3850440.0,0,1
1017,36.0,5348619.0,0,0
1018,36.0,4948276.0,0,0
1019,39.0,6325637.0,0,0
1020,28.0,2355432.0,2,0
1021,37.0,2697937.0,2,0
1022,23.0,5910035.0,0,1
1023,23.0,6249881.0,2,1
1024,28.0,6420955.0,0,0
1025,36.0,7199314.0,0,0
1026,28.0,4029430.0,0,0
1027,16.0,1719846.0,0,0
1028,27.0,4969552.0,2,1
1029,38.0,5930046.0,2,0
1030,39.0,5605110.0,0,0
1031,32.0,2753331.0,0,0
1032,25.0,5089273.0,0,1
1033,34.0,6588261.0,2,0
1034,22.0,4002386.0,0,1
1035,29.0,3754821.0,2,0
1036,43.0,5599685.0,2,0
1037,20.0,1365460.0,0,1
1038,23.0,3760921.0,0,1
1039,36.0,4388731.0,0,0
1040,16.0,5443451.0,0,0
1041,23.0,3947573.0,0,1
1042,40.0,4603171.0,0,0
1043,38.0,8205093.0,0,0
1044,16.0,1917868.0,2,1
1045,38.0,3833146.0,0,0
1046,23.0,2968339.0,0,1
1047,19.0,698869.0,0,0
1048,32.0,5485295.0,0,0
1049,36.0,4888350.0,0,0
1050,30.0,4954173.0,0,0
1051,22.0,497011.0,0,0
1052,38.0,7710138.0,2,0
1053,29.0,5471643.0,0,0
1054,37.0,6449427.0,2,0
1055,36.0,6175315.0,0,0
1056,26.0,4983989.0,0,1
1057,26.0,6131772.0,0,1
1058,33.0,5380864.0,0,0
1059,24.0,2922407.0,2,1
1060,18.0,2148629.0,0,0
1061,25.0,6110995.0,2,0
1062,41.0,2936038.0,0,0
1063,35.0,5426359.0,0,0
1064,16.0,4647940.0,0,1
1065,28.0,3957457.0,2,0
1066,21.0,2080278.0,0,1
1067,21.0,4672595.0,0,1
1068,43.0,6571990.0,0,0
1069,29.0,3493455.0,0,0
1070,39.0,9455673.0,0,0
1071,35.0,7147224.0,0,0
1072,43.0,3881732.0,0,0
1073,16.0,2320170.0,0,1
1074,19.0,4958845.0,0,0
1075,43.0,5021432.0,2,0
1076,22.0,996587.0,2,1
1077,21.0,3883651.0,2,1
1078,15.0,3268605.0,0,0
1079,27.0,6127061.0,0,1
1080,28.0,5493104.0,0,0
1081,34.0,7878252.0,0,0
1082,34.0,6061524.0,0,0
1083,38.0,5030039.0,2,0
1084,39.0,6635874.0,2,0
1085,39.0,6250639.0,0,0
1086,16.0,3128711.0,0,0
1087,26.0,3367817.0,2,1
1088,16.0,3082873.0,0,0
1089,34.0,5002368.0,0,0
1090,29.0,7725715.0,2,0
1091,19.0,2715621.0,0,0
1092,25.0,2313931.0,2,1
1093,16.0,4890424.0,0,1
1094,38.0,2863257.0,0,0
1095,38.0,4857804.0,0,0
1096,15.0,3924619.0,2,0
1097,29.0,8846606.0,0,0
1098,15.0,1560586.0,2,1
1099,38.0,7554523.0,0,0
1100,19.0,1257582.0,0,0
1101,30.0,5022381.0,2,0
1102,20.0,6054826.0,2,0
1103,42.0,9008790.0,0,0
1104,36.0,5464773.0,2,0
1105,32.0,5160423.0,0,0
1106,29.0,5978973.0,2,0
1107,18.0,2993087.0,0,1
1108,23.0,3559315.0,2,1
1109,29.0,2733515.0,0,0
1110,38.0,5765666.0,2,0
1111,21.0,1797981.0,0,1
1112,37.0,4128554.0,2,0
1113,18.0,656780.0,0,1
1114,15.0,1838283.0,2,1
1115,22.0,1668532.0,0,1
1116,38.0,6330109.0,2,0
1117,32.0,7276347.0,0,0
1118,37.0,5504955.0,0,0
1119,20.0,4896157.0,0,1
1120,39.0,8260858.0,0,0
1121,22.0,5175510.0,0,1
1122,30.0,2885671.0,0,0
1123,41.0,6785221.0,0,0
1124,28.0,3029243.0,0,0
1125,39.0,8232888.0,2,0
1126,38.0,4418429.0,2,0
1127,39.0,4409746.0,0,0
1128,23.0,4191595.0,0,0
1129,28.0,2177627.0,0,0
1130,28.0,6325434.0,0,0
1131,21.0,2071871.0,0,0
1132,22.0,605001.0,0,0
1133,29.0,6569381.0,0,0
1134,26.0,4478046.0,2,1
1135,36.0,6234450.0,0,0
1136,26.0,4964271.0,2,1
1137,35.0,4027871.0,2,0
1138,27.0,5551582.0,0,1
1139,17.0,3724617.0,0,1
1140,41.0,6895298.0,2,0
1141,44.0,5823206.0,2,0
1142,31.0,4780449.0,2,0
1143,24.0,3257705.0,2,1
1144,29.0,3449690.0,2,0
1145,24.0,2791021.0,0,1
1146,43.0,5080117.0,2,0
1147,34.0,3615070.0,2,0
1148,25.0,2179875.0,2,0
1149,31.0,3062340.0,2,0
1150,16.0,3403144.0,0,1
1151,43.0,6638979.0,0,0
1152,31.0,1653136.0,2,0
1153,39.0,3588079.0,2,0
1154,32.0,5032820.0,2,0
1155,17.0,5497487.0,0,0
1156,33.0,5943678.0,0,0
1157,32.0,4186643.0,2,0
1158,39.0,7316735.0,2,0
1159,39.0,4929881.0,2,0
1160,39.0,6356592.0,2,0
1161,42.0,4824060.0,0,0
1162,18.0,1367588.0,0,1
1163,31.0,5411300.0,2,0
1164,24.0,1280911.0,2,1
1165,18.0,4669037.0,2,1
1166,32.0,3150369.0,0,0
1167,34.0,6092628.0,0,0
1168,43.0,6680718.0,0,0
1169,34.0,7200823.0,2,0
1170,37.0,6790958.0,2,0
1171,26.0,2856699.0,2,0
1172,17.0,4017548.0,2,1
1173,17.0,2339843.0,2,1
1174,41.0,5235530.0,0,0
1175,38.0,5279798.0,2,0
1176,15.0,4653240.0,2,1
1177,37.0,6718960.0,2,0
1178,16.0,3287057.0,0,0
1179,18.0,6142603.0,0,1
1180,36.0,5419427.0,0,0
1181,34.0,7463288.0,0,0
1182,21.0,785469.0,0,0
1183,19.0,675554.0,2,1
1184,33.0,3659662.0,0,0
1185,43.0,7583028.0,2,0
1186,43.0,7364039.0,0,0
1187,24.0,5223420.0,0,1
1188,28.0,4903087.0,0,0
1189,27.0,4714505.0,0,1
1190,25.0,2774049.0,2,1
1191,15.0,667711.0,0,0
1192,39.0,7547280.0,0,0
1193,39.0,7526758.0,2,0
1194,16.0,2264904.0,0,1
1195,29.0,3202945.0,0,0
1196,21.0,4774330.0,2,1
1197,33.0,4414296.0,0,0
1198,26.0,4359043.0,0,1
1199,34.0,5468123.0,0,0
1200,38.0,5075515.0,2,0
1201,33.0,4726008.0,2,0
1202,36.0,4536713.0,2,0
1203,36.0,6920129.0,0,0
1204,27.0,4974226.0,0,0
1205,34.0,3858882.0,0,0
1206,29.0,3574951.0,0,0
1207,19.0,3886595.0,0,1
1208,19.0,2572666.0,0,1
1209,28.0,4576354.0,2,0
1210,19.0,3175377.0,0,1
1211,19.0,3271311.0,2,1
1212,43.0,6222665.0,0,0
1213,36.0,3584373.0,0,0
1214,40.0,7993675.0,2,0
1215,30.0,4007133.0,0,0
1216,34.0,4693494.0,0,0
1217,39.0,6786026.0,0,0
1218,41.0,6736095.0,2,0
1219,44.0,9440195.0,0,0
1220,33.0,4498575.0,2,0
1221,34.0,7371386.0,0,0
1222,19.0,2885705.0,2,1
1223,32.0,7342051.0,0,0
1224,35.0,6917378.0,2,0
1225,19.0,3664804.0,2,0
1226,22.0,2565818.0,2,1
1227,15.0,2471254.0,2,1
1228,25.0,3510681.0,0,1
1229,32.0,3014344.0,2,0
1230,17.0,5113715.0,2,1
1231,45.0,8257797.0,2,0
1232,16.0,5282693.0,0,0
1233,29.0,7603948.0,0,0
1234,44.0,7074566.0,2,0
1235,37.0,5793293.0,0,0
1236,41.0,5702476.0,0,0
1237,31.0,2799678.0,0,0
1238,40.0,3996030.0,2,0
1239,33.0,3523301.0,0,0
1240,24.0,4061484.0,0,1
1241,37.0,4816223.0,0,0
1242,15.0,1035356.0,2,1
1243,16.0,774167.0,0,1
1244,29.0,5233512.0,2,0
1245,22.0,2754543.0,2,0
1246,41.0,8338380.0,0,0
1247,36.0,4233914.0,2,0
1248,21.0,774036.0,0,1
1249,29.0,6153481.0,2,0
1250,42.0,7250986.0,0,0
1251,42.0,5571996.0,2,0
1252,30.0,3079176.0,2,0
1253,31.0,7401803.0,2,0
1254,17.0,3051210.0,2,1
1255,28.0,5668415.0,0,0
1256,26.0,1067094.0,0,0
1257,39.0,6566722.0,0,0
1258,39.0,4716080.0,2,0
1259,21.0,3092655.0,0,1
1260,30.0,2914872.0,2,0
1261,17.0,3052575.0,2,0
1262,39.0,5591449.0,2,0
1263,31.0,4124644.0,2,0
1264,45.0,6514228.0,0,1
1265,39.0,5789385.0,2,0
1266,40.0,5613061.0,2,0
1267,39.0,3795887.0,2,0
1268,45.0,4616305.0,0,1
1269,39.0,4766840.0,2,0
1270,42.0,6162219.0,2,0
1271,23.0,3121376.0,2,0
1272,24.0,3656838.0,2,0
1273,22.0,2216933.0,2,1
1274,29.0,5075559.0,2,0
1275,32.0,4296828.0,2,0
1276,15.0,6675658.0,2,1
1277,37.0,6122815.0,2,0
1278,16.0,2504307.0,2,1
1279,42.0,5911805.0,0,0
1280,45.0,8079857.0,2,0
1281,41.0,3993333.0,0,0
1282,44.0,3567681.0,2,0
1283,39.0,5821880.0,2,0
1284,26.0,5200474.0,0,1
1285,44.0,6298085.0,0,0
1286,34.0,5885267.0,2,0
1287,19.0,3368354.0,2,1
1288,17.0,3227593.0,2,1
1289,45.0,7104007.0,2,1
1290,18.0,4255239.0,2,1
1291,37.0,6701631.0,0,0
1292,28.0,3698826.0,2,0
1293,23.0,3543469.0,0,1
1294,45.0,4747151.0,0,1
1295,31.0,4741851.0,2,0
1296,36.0,5835324.0,0,0
1297,32.0,4537707.0,0,0
1298,32.0,4147014.0,2,0
1299,39.0,5808942.0,0,0
1300,16.0,1885879.0,0,1
1301,24.0,4136525.0,0,0
1302,42.0,5438276.0,0,0
1303,34.0,6819695.0,0,0
1304,32.0,4217259.0,2,0
1305,32.0,4670731.0,2,0
1306,35.0,6758304.0,0,0
1307,32.0,5386047.0,0,0
1308,18.0,4167536.0,2,0
1309,21.0,3948230.0,0,1
1310,16.0,1807363.0,2,0
1311,31.0,4239788.0,0,0
1312,42.0,4498445.0,0,0
1313,18.0,2239870.0,0,1
1314,17.0,4864244.0,2,1
1315,26.0,4936378.0,0,1
1316,17.0,3230711.0,0,1
1317,17.0,4321447.0,0,1
1318,29.0,4087926.0,2,0
1319,32.0,4761269.0,2,0
1320,34.0,5472037.0,2,0
1321,37.0,5796805.0,2,0
1322,21.0,4578868.0,2,1
1323,22.0,4017229.0,2,1
1324,34.0,4214242.0,2,0
1325,41.0,6891898.0,2,0
1326,20.0,3904951.0,2,1
1327,44.0,7395249.0,2,0
1328,22.0,3033698.0,0,0
1329,23.0,3382846.0,0,1
1330,16.0,530113.0,2,1
1331,44.0,5817074.0,0,0
1332,41.0,5100210.0,0,0
1333,18.0,469163.0,0,1
1334,37.0,3357044.0,0,0
1335,40.0,5492075.0,2,0
1336,21.0,5386337.0,0,1
1337,44.0,10571989.0,2,0
1338,31.0,2175505.0,2,0
1339,26.0,5181407.0,2,0
1340,20.0,5937383.0,2,1
1341,39.0,8723877.0,0,0
1342,41.0,6859832.0,2,0
1343,21.0,4045416.0,0,1
1344,42.0,6776362.0,2,0
1345,18.0,1730280.0,0,1
1346,32.0,4669891.0,2,0
1347,37.0,8192612.0,2,0
1348,39.0,6712728.0,2,0
1349,26.0,7441305.0,2,1
1350,42.0,6903055.0,0,0
1351,37.0,4875461.0,0,0
1352,16.0,4867929.0,0,1
1353,23.0,4983297.0,2,1
1354,43.0,7481740.0,0,0
1355,21.0,3679489.0,0,1
1356,17.0,2538791.0,2,1
1357,35.0,5319098.0,0,0
1358,18.0,3863848.0,2,1
1359,23.0,5975382.0,0,1
1360,17.0,4810952.0,2,1
1361,29.0,6773564.0,2,0
1362,20.0,4708636.0,0,0
1363,17.0,5170658.0,0,1
1364,20.0,2175397.0,0,1
1365,32.0,3943053.0,0,0
1366,32.0,3491134.0,2,0
1367,41.0,5977262.0,0,0
1368,18.0,3451281.0,2,1
1369,40.0,5478356.0,2,0
1370,31.0,8430151.0,0,0
1371,17.0,2949756.0,2,1
1372,24.0,2943884.0,0,1
1373,19.0,2655111.0,0,1
1374,28.0,6087314.0,0,0
1375,30.0,6072243.0,0,0
1376,16.0,2761938.0,0,1
1377,32.0,4978756.0,0,0
1378,37.0,6459955.0,2,0
1379,28.0,2123995.0,0,0
1380,41.0,7049144.0,2,0
1381,22.0,4664653.0,2,1
1382,26.0,5149773.0,0,0
1383,33.0,5433681.0,0,0
1384,40.0,7011739.0,2,0
1385,21.0,3194881.0,0,1
1386,33.0,4844295.0,2,0
1387,22.0,2324274.0,2,0
1388,19.0,4157410.0,0,1
1389,25.0,3687357.0,2,1
1390,37.0,7366453.0,2,0
1391,39.0,4129850.0,0,0
1392,28.0,5458491.0,0,0
1393,21.0,4557960.0,0,0
1394,38.0,7310214.0,2,0
1395,43.0,5281414.0,0,0
1396,26.0,4998157.0,0,0
1397,35.0,5799814.0,0,0
1398,33.0,6824577.0,2,0
1399,23.0,3963347.0,0,1
1400,21.0,1158614.0,0,1
1401,35.0,5612284.0,2,0
1402,35.0,7061072.0,2,0
1403,44.0,4128351.0,2,0
1404,19.0,3131515.0,2,1
1405,45.0,7990531.0,2,1
1406,21.0,1932859.0,0,1
1407,22.0,3364828.0,0,1
1408,44.0,8099407.0,2,0
1409,40.0,6555112.0,0,0
1410,37.0,3801487.0,2,0
1411,33.0,3055804.0,2,0
1412,16.0,1292919.0,0,1
1413,25.0,3883571.0,0,0
1414,31.0,5294439.0,0,0
1415,25.0,2492756.0,2,0
1416,37.0,3954444.0,2,0
1417,18.0,2919016.0,2,1
1418,35.0,4411002.0,0,0
1419,25.0,6065611.0,2,1
1420,18.0,4862636.0,2,1
1421,31.0,4395013.0,0,0
1422,38.0,6326063.0,0,0
1423,33.0,5145774.0,0,0
1424,39.0,7070606.0,0,0
1425,37.0,6698947.0,2,0
1426,44.0,8911853.0,2,0
1427,33.0,4358175.0,2,0
1428,22.0,2322558.0,0,0
1429,25.0,2589686.0,0,1
1430,41.0,7297910.0,2,0
1431,43.0,9328150.0,2,0
1432,16.0,3383333.0,0,1
1433,28.0,2402694.0,0,0
1434,28.0,3883864.0,0,0
1435,16.0,2471299.0,2,0
1436,45.0,8956956.0,0,1
1437,41.0,8307183.0,2,0
1438,32.0,2294046.0,2,0
1439,25.0,2753242.0,2,1
1440,37.0,6723025.0,0,0
1441,33.0,4557211.0,2,0
1442,35.0,5874343.0,2,0
1443,30.0,3635418.0,2,0
1444,21.0,2467606.0,2,1
1445,21.0,1478978.0,0,0
1446,26.0,2935593.0,0,0
1447,32.0,3542030.0,0,0
1448,21.0,1175160.0,2,1
1449,30.0,5776126.0,2,0
1450,31.0,4447938.0,2,0
1451,31.0,6981698.0,2,0
1452,30.0,5694289.0,2,0
1453,21.0,3064257.0,0,1
1454,45.0,5834042.0,2,1
1455,35.0,4253501.0,2,0
1456,40.0,7283180.0,2,0
1457,22.0,3999793.0,0,1
1458,31.0,3614905.0,2,0
1459,42.0,8594284.0,2,0
1460,15.0,453421.0,0,1
1461,28.0,2407114.0,2,0
1462,40.0,6934282.0,2,0
1463,35.0,5103414.0,2,0
1464,37.0,7267697.0,0,0
1465,29.0,4970003.0,0,0
1466,32.0,4986189.0,0,0
1467,20.0,3423722.0,0,1
1468,17.0,2071955.0,0,0
1469,18.0,2715783.0,0,1
1470,37.0,4453434.0,2,0
1471,24.0,2411618.0,2,1
1472,29.0,6312045.0,2,0
1473,36.0,6125335.0,2,0
1474,17.0,2836160.0,0,1
1475,35.0,4041749.0,0,0
1476,41.0,4809618.0,0,0
1477,38.0,7691598.0,2,0
1478,23.0,6048245.0,2,1
1479,39.0,6036445.0,2,0
1480,21.0,5990211.0,0,1
1481,25.0,3126270.0,2,1
1482,44.0,7192857.0,2,0
1483,18.0,2592371.0,0,1
1484,31.0,4747086.0,2,0
1485,41.0,6580376.0,0,0
1486,19.0,4735599.0,0,0
1487,36.0,6822592.0,2,0
1488,44.0,7085488.0,2,0
1489,23.0,2497100.0,0,1
1490,25.0,3917306.0,0,1
1491,37.0,9283426.0,2,0
1492,43.0,9250985.0,0,0
1493,15.0,557210.0,0,1
1494,27.0,1474842.0,0,1
1495,45.0,8571042.0,0,1
1496,18.0,4196196.0,0,1
1497,36.0,9822852.0,2,0
1498,15.0,3581941.0,0,0
1499,19.0,4539631.0,0,0
1500,19.0,3565573.0,0,1
1501,39.0,3792989.0,0,0
1502,40.0,9812730.0,0,0
1503,20.0,2316728.0,2,0
1504,29.0,3095477.0,2,0
1505,17.0,3475932.0,0,1
1506,32.0,5441082.0,0,0
1507,29.0,3148231.0,2,0
1508,21.0,6125090.0,2,1
1509,25.0,5271622.0,0,0
1510,41.0,9662086.0,2,0
1511,39.0,6638370.0,0,0
1512,45.0,8007724.0,0,1
1513,24.0,6730017.0,2,0
1514,33.0,4803851.0,0,0
1515,24.0,5079843.0,2,1
1516,37.0,4280395.0,2,0
1517,16.0,2133550.0,2,1
1518,29.0,4233182.0,0,0
1519,30.0,6054527.0,2,0
1520,40.0,6602006.0,0,0
1521,23.0,1828668.0,0,1
1522,15.0,3420064.0,2,1
1523,45.0,6082021.0,0,0
1524,42.0,7293213.0,0,0
1525,31.0,3893840.0,0,0
1526,19.0,2889548.0,0,1
1527,36.0,9470352.0,0,0
1528,27.0,3442411.0,2,1
1529,30.0,4086679.0,0,0
1530,16.0,3241555.0,2,1
1531,40.0,3568939.0,0,0
1532,19.0,2369785.0,0,1
1533,45.0,6218777.0,2,0
1534,37.0,6324929.0,2,0
1535,27.0,5333121.0,2,0
1536,45.0,4243840.0,2,1
1537,32.0,8680415.0,0,0
1538,39.0,7491324.0,0,0
1539,27.0,1502019.0,0,1
1540,26.0,6350624.0,2,1
1541,33.0,4746429.0,0,0
1542,34.0,5248004.0,0,0
1543,36.0,7746895.0,0,0
1544,39.0,4717807.0,2,0
1545,27.0,5623103.0,2,0
1546,24.0,4056505.0,2,1
1547,22.0,2438421.0,2,1
1548,22.0,2277516.0,2,1
1549,45.0,6604070.0,0,1
1550,44.0,7512795.0,2,0
1551,33.0,6686154.0,0,0
1552,36.0,6543670.0,2,0
1553,37.0,6517849.0,2,0
1554,27.0,3514371.0,2,0
1555,19.0,6909257.0,2,1
1556,45.0,4879039.0,2,1
1557,31.0,4444554.0,2,0
1558,45.0,7807195.0,0,1
1559,37.0,6476800.0,0,0
1560,27.0,1213005.0,2,1
1561,22.0,2325325.0,2,0
1562,21.0,3816160.0,0,1
1563,32.0,4511749.0,0,0
1564,40.0,5547083.0,2,0
1565,22.0,2387204.0,0,1
1566,43.0,8351246.0,0,0
1567,21.0,2602753.0,2,1
1568,33.0,8091980.0,0,0
1569,26.0,6004504.0,0,0
1570,32.0,4497539.0,0,0
1571,34.0,5192133.0,0,0
1572,34.0,7066709.0,0,0
1573,35.0,6972654.0,2,0
1574,33.0,4597499.0,2,0
1575,28.0,2425189.0,2,0
1576,15.0,2798934.0,0,1
1577,22.0,3281228.0,2,1
1578,16.0,5902497.0,2,1
1579,25.0,7648963.0,0,0
1580,45.0,5835848.0,2,0
1581,32.0,2781050.0,2,0
1582,34.0,3770495.0,2,0
1583,21.0,4619746.0,0,1
1584,15.0,4306015.0,2,0
1585,16.0,3324892.0,2,1
1586,36.0,3924805.0,2,0
1587,34.0,6065530.0,0,0
1588,35.0,6504531.0,2,0
1589,38.0,889135.0,2,0
1590,42.0,6071128.0,2,0
1591,28.0,5981051.0,2,0
1592,21.0,4752161.0,0,0
1593,23.0,4215089.0,0,1
1594,25.0,2927410.0,2,1
1595,20.0,5144388.0,2,1
1596,31.0,2814339.0,0,0
1597,45.0,6242958.0,2,1
1598,19.0,4235354.0,2,1
1599,23.0,3568557.0,2,0
1600,21.0,5543721.0,0,1
1601,42.0,6156787.0,0,0
1602,45.0,4994499.0,2,1
1603,15.0,789605.0,0,0
1604,18.0,3172218.0,0,1
1605,24.0,2437162.0,2,1
1606,22.0,3779402.0,0,1
1607,18.0,4988201.0,2,0
1608,35.0,8201926.0,2,0
1609,23.0,3499642.0,0,1
1610,24.0,6869572.0,2,1
1611,27.0,4095329.0,2,1
1612,42.0,6147490.0,0,0
1613,17.0,2890287.0,2,1
1614,45.0,6583477.0,0,0
1615,16.0,3047879.0,2,0
1616,44.0,8300133.0,0,0
1617,44.0,7541543.0,2,0
1618,34.0,5283963.0,0,0
1619,25.0,5081932.0,2,1
1620,22.0,4506995.0,2,1
1621,24.0,260411.0,2,1
1622,34.0,4292021.0,2,0
1623,17.0,5081055.0,0,1
1624,41.0,6861772.0,2,0
1625,24.0,5025716.0,0,0
1626,21.0,1114637.0,2,0
1627,42.0,6610150.0,0,0
1628,40.0,7964557.0,0,0
1629,29.0,3570685.0,0,0
1630,33.0,4852441.0,0,0
1631,20.0,967817.0,0,1
1632,28.0,4695855.0,2,0
1633,15.0,2343583.0,2,0
1634,26.0,5154454.0,0,1
1635,32.0,7902061.0,0,0
1636,39.0,7547892.0,0,0
1637,24.0,3896808.0,0,1
1638,31.0,2963110.0,0,0
1639,39.0,9590483.0,0,0
1640,42.0,7357508.0,0,0
1641,43.0,3996858.0,2,0
1642,38.0,5737720.0,0,0
1643,24.0,1548116.0,2,1
1644,24.0,5043460.0,0,1
1645,44.0,6621526.0,2,0
1646,27.0,986446.0,2,0
1647,42.0,8562932.0,2,0
1648,36.0,4652688.0,2,0
1649,16.0,663769.0,0,1
1650,35.0,4696035.0,0,0
1651,19.0,4812008.0,0,1
1652,41.0,5581332.0,2,0
1653,17.0,3719330.0,2,0
1654,42.0,8216829.0,2,0
1655,36.0,7345443.0,0,0
1656,30.0,6576605.0,2,0
1657,38.0,4683918.0,2,0
1658,15.0,2852233.0,0,1
1659,19.0,2749582.0,2,1
1660,37.0,9235711.0,2,0
1661,22.0,1904840.0,2,1
1662,20.0,994200.0,2,1
1663,38.0,4060868.0,0,0
1664,32.0,6983102.0,0,0
1665,34.0,4942021.0,2,0
1666,31.0,6052871.0,0,0
1667,43.0,6856299.0,0,0
1668,40.0,6638379.0,2,0
1669,17.0,3757901.0,2,1
1670,30.0,5291245.0,0,0
1671,31.0,5948741.0,0,0
1672,34.0,4199173.0,0,0
1673,18.0,1648246.0,0,1
1674,44.0,7767058.0,2,0
1675,37.0,5624320.0,2,0
1676,19.0,3035467.0,2,0
1677,44.0,8792984.0,2,0
1678,17.0,3402155.0,2,1
1679,42.0,8002710.0,0,0
1680,41.0,5625741.0,2,0
1681,40.0,8540876.0,2,0
1682,21.0,4937810.0,0,0
1683,32.0,6826662.0,2,0
1684,16.0,2007651.0,2,1
1685,19.0,3016993.0,0,0
1686,33.0,6021465.0,2,0
1687,43.0,8768885.0,2,0
1688,32.0,4578653.0,2,0
1689,33.0,4233586.0,0,0
1690,34.0,5099395.0,2,0
1691,15.0,1670870.0,0,1
1692,44.0,7825194.0,0,0
1693,24.0,1880660.0,0,1
1694,24.0,3013443.0,2,0
1695,26.0,4661965.0,2,1
1696,19.0,499797.0,0,0
1697,29.0,5631405.0,2,0
1698,35.0,5438845.0,2,0
1699,28.0,5862406.0,2,0
1700,28.0,2628514.0,2,0
1701,17.0,3192290.0,2,1
1702,29.0,3753426.0,0,0
1703,39.0,6330347.0,2,0
1704,28.0,4450935.0,2,0
1705,22.0,4472523.0,0,0
1706,45.0,7000885.0,2,1
1707,38.0,8076879.0,2,0
1708,33.0,3009658.0,2,0
1709,18.0,5939113.0,0,1
1710,44.0,5266272.0,2,0
1711,33.0,4727084.0,2,0
1712,28.0,4324046.0,0,0
1713,25.0,4861438.0,0,1
1714,41.0,7903699.0,0,0
1715,35.0,2869582.0,0,0
1716,25.0,3205780.0,0,1
1717,25.0,5251670.0,0,1
1718,20.0,2384549.0,2,1
1719,37.0,5044905.0,0,0
1720,29.0,3978377.0,2,0
1721,42.0,7626322.0,2,0
1722,31.0,5690201.0,2,0
1723,45.0,5896409.0,2,1
1724,29.0,9542022.0,2,0
1725,36.0,5724411.0,2,0
1726,35.0,4798558.0,2,0
1727,18.0,2457256.0,2,1
1728,24.0,1477098.0,2,1
1729,17.0,3908887.0,0,0
1730,20.0,3488857.0,0,0
1731,20.0,2119120.0,0,0
1732,15.0,798862.0,0,1
1733,33.0,7092413.0,0,0
1734,32.0,5994885.0,0,0
1735,38.0,8064394.0,0,0
1736,35.0,5612065.0,2,0
1737,36.0,6520174.0,0,0
1738,25.0,2526581.0,0,0
1739,19.0,5032277.0,0,1
1740,25.0,3455885.0,2,1
1741,25.0,2405232.0,2,1
1742,36.0,6068044.0,0,0
1743,16.0,1073337.0,2,1
1744,32.0,2660793.0,0,0
1745,19.0,2776023.0,2,1
1746,18.0,2404874.0,2,1
1747,20.0,2752688.0,0,0
1748,21.0,3889235.0,0,1
1749,35.0,5837866.0,0,0
1750,35.0,4877577.0,0,0
1751,38.0,7843965.0,0,0
1752,37.0,3414715.0,2,0
1753,44.0,4360184.0,0,0
1754,36.0,6280007.0,0,0
1755,28.0,3943795.0,2,0
1756,21.0,3022505.0,2,0
1757,19.0,3861885.0,2,1
1758,19.0,2960709.0,2,1
1759,24.0,6489937.0,2,1
1760,30.0,3443959.0,2,0
1761,43.0,6078182.0,0,0
1762,27.0,4748890.0,2,1
1763,28.0,4645164.0,2,0
1764,15.0,5773680.0,2,1
1765,30.0,3527091.0,0,0
1766,28.0,3544716.0,2,0
1767,20.0,4812365.0,0,1
1768,16.0,3027197.0,0,1
1769,27.0,4466678.0,0,1
1770,37.0,3401283.0,2,0
1771,45.0,8045024.0,2,1
1772,25.0,3242419.0,2,1
1773,18.0,5859287.0,2,0
1774,26.0,3244830.0,2,1
1775,42.0,8394917.0,2,0
1776,19.0,2707582.0,0,1
1777,34.0,2496352.0,2,0
1778,26.0,3127411.0,2,1
1779,28.0,3643597.0,2,0
1780,33.0,6958986.0,2,0
1781,16.0,5321612.0,2,1
1782,27.0,1692649.0,0,1
1783,39.0,9232053.0,2,0
1784,21.0,4121987.0,0,0
1785,40.0,6935853.0,0,0
1786,26.0,5604776.0,2,1
1787,21.0,3546278.0,2,0
1788,24.0,5793609.0,2,1
1789,36.0,5582900.0,0,0
1790,37.0,4138276.0,2,0
1791,32.0,6122096.0,0,0
1792,24.0,5434009.0,0,1
1793,42.0,5197116.0,2,0
1794,37.0,4576423.0,0,0
1795,27.0,8940438.0,2,1
1796,15.0,4795612.0,2,1
1797,20.0,5733050.0,2,1
1798,23.0,2957005.0,2,1
1799,20.0,3420332.0,0,1
1800,21.0,4954877.0,2,0
1801,28.0,4434701.0,2,0
1802,43.0,5953924.0,2,0
1803,25.0,2429041.0,0,1
1804,32.0,6586880.0,0,0
1805,27.0,3302935.0,2,1
1806,32.0,5687571.0,2,0
1807,24.0,3514453.0,2,1
1808,34.0,4314123.0,0,0
1809,28.0,5759327.0,0,0
1810,33.0,4688401.0,2,0
1811,16.0,2667089.0,0,1
1812,35.0,6420430.0,0,0
1813,28.0,4782872.0,0,0
1814,41.0,6140719.0,0,0
1815,17.0,1371911.0,2,1
1816,30.0,3744075.0,0,0
1817,23.0,6298318.0,2,0
1818,34.0,4924611.0,2,0
1819,18.0,3633754.0,2,1
1820,23.0,5032745.0,2,1
1821,20.0,740455.0,0,1
1822,29.0,7613492.0,0,0
1823,33.0,3991695.0,2,0
1824,22.0,3255500.0,2,1
1825,26.0,3991496.0,0,1
1826,21.0,4058523.0,0,0
1827,27.0,4823153.0,0,1
1828,31.0,3234968.0,0,0
1829,34.0,7027561.0,0,0
1830,29.0,3164883.0,2,0
1831,26.0,3894932.0,0,1
1832,42.0,6754094.0,2,0
1833,30.0,5152571.0,0,0
1834,19.0,1329070.0,2,1
1835,42.0,8039344.0,2,0
1836,44.0,6740517.0,0,0
1837,42.0,7434698.0,0,0
1838,29.0,4899041.0,0,0
1839,15.0,2961536.0,0,1
1840,22.0,4749714.0,0,1
1841,45.0,6777383.0,2,1
1842,18.0,2006362.0,2,1
1843,27.0,2297997.0,2,0
1844,26.0,558952.0,2,0
1845,24.0,2059794.0,2,0
1846,24.0,2128292.0,0,1
1847,43.0,5811495.0,0,0
1848,18.0,3266233.0,2,1
1849,18.0,2481170.0,2,1
1850,25.0,2253670.0,0,1
1851,35.0,3720381.0,0,0
1852,24.0,1317956.0,2,1
1853,40.0,6098292.0,2,0
1854,31.0,6646039.0,2,0
1855,31.0,4269155.0,0,0
1856,45.0,9525062.0,2,1
1857,18.0,1815290.0,2,1
1858,35.0,5579622.0,2,0
1859,29.0,5165737.0,0,0
1860,38.0,4328777.0,2,0
1861,33.0,7197783.0,2,0
1862,22.0,3377294.0,0,1
1863,27.0,3515766.0,0,1
1864,42.0,6646180.0,2,0
1865,31.0,7483122.0,2,0
1866,23.0,5067182.0,0,1
1867,37.0,5602018.0,0,0
1868,30.0,5085753.0,0,0
1869,21.0,1768366.0,0,1
1870,32.0,4502093.0,2,0
1871,38.0,6220813.0,0,0
1872,17.0,3329354.0,0,1
1873,19.0,3296461.0,2,1
1874,32.0,5411777.0,0,0
1875,45.0,5527566.0,0,1
1876,25.0,1183804.0,0,1
1877,25.0,6294571.0,2,1
1878,41.0,6005106.0,2,0
1879,39.0,5537929.0,0,0
1880,23.0,2111623.0,0,1
1881,22.0,4894164.0,2,1
1882,19.0,4775146.0,2,1
1883,19.0,1601606.0,0,1
1884,38.0,7756295.0,0,0
1885,25.0,2358670.0,0,0
1886,32.0,5045615.0,2,0
1887,36.0,8323779.0,0,0
1888,37.0,6885805.0,2,0
1889,40.0,10014199.0,0,0
1890,20.0,2199089.0,0,1
1891,17.0,3337269.0,0,1
1892,41.0,6708154.0,0,0
1893,16.0,3093705.0,2,0
1894,33.0,5843415.0,0,0
1895,34.0,4534390.0,0,0
1896,28.0,3375085.0,2,0
1897,23.0,3590082.0,0,0
1898,30.0,3751777.0,0,0
1899,22.0,2921270.0,2,0
1900,24.0,4540966.0,0,1
1901,18.0,2217314.0,0,1
1902,42.0,6794757.0,2,0
1903,30.0,5621084.0,0,0
1904,41.0,4931056.0,0,0
1905,45.0,6822614.0,2,1
1906,27.0,4776256.0,0,1
1907,37.0,3845905.0,2,0
1908,17.0,3419869.0,2,1
1909,37.0,6320872.0,2,0
1910,34.0,5183244.0,0,0
1911,16.0,1505644.0,0,1
1912,17.0,3729106.0,2,1
1913,34.0,3840386.0,2,0
1914,17.0,2312566.0,0,0
1915,45.0,6012248.0,2,1
1916,44.0,5670635.0,0,0
1917,32.0,4645546.0,0,0
1918,43.0,3870861.0,0,0
1919,42.0,6170311.0,0,0
1920,37.0,7841269.0,0,0
1921,36.0,10516499.0,2,0
1922,38.0,3739265.0,2,0
1923,22.0,2954601.0,0,1
1924,34.0,6797453.0,2,0
1925,22.0,5131216.0,0,1
1926,36.0,5593850.0,2,0
1927,16.0,1069863.0,0,1
1928,45.0,9357906.0,0,1
1929,15.0,1722641.0,0,1
1930,19.0,6061828.0,0,1
1931,38.0,5239905.0,2,0
1932,26.0,3299554.0,2,1
1933,38.0,3200972.0,0,0
1934,30.0,4583456.0,2,0
1935,27.0,5011065.0,2,1
1936,19.0,3857472.0,2,1
1937,44.0,6737349.0,2,0
1938,27.0,5074939.0,0,1
1939,39.0,6450639.0,0,0
1940,28.0,5188313.0,2,0
1941,24.0,5877837.0,2,1
1942,43.0,8116405.0,2,0
1943,35.0,7189660.0,0,0
1944,24.0,4222651.0,2,1
1945,36.0,5883468.0,2,0
1946,20.0,4574227.0,0,1
1947,24.0,4196550.0,0,1
1948,16.0,4486219.0,2,0
1949,17.0,2072911.0,0,0
1950,38.0,5889275.0,2,0
1951,26.0,4405668.0,0,1
1952,35.0,4917098.0,2,0
1953,41.0,6468363.0,0,0
1954,42.0,4737128.0,2,0
1955,37.0,4741146.0,0,0
1956,33.0,5858861.0,2,0
1957,38.0,7080709.0,0,0
1958,24.0,3673589.0,2,1
1959,16.0,2148638.0,2,1
1960,19.0,2150803.0,2,1
1961,34.0,5579716.0,2,0
1962,43.0,7901461.0,0,0
1963,23.0,3035758.0,0,1
1964,45.0,8271566.0,2,1
1965,34.0,5409928.0,0,0
1966,33.0,8440498.0,0,0
1967,44.0,7597965.0,2,0
1968,17.0,169239.0,2,1
1969,43.0,4409427.0,0,0
1970,15.0,3094938.0,2,1
1971,20.0,2997568.0,2,0
1972,20.0,5264177.0,2,1
1973,15.0,1694013.0,2,1
1974,27.0,3657058.0,2,1
1975,30.0,4864268.0,0,0
1976,26.0,5747130.0,2,0
1977,31.0,5117912.0,2,0
1978,41.0,5734250.0,2,0
1979,22.0,5046282.0,0,1
1980,18.0,3514175.0,2,1
1981,27.0,4910226.0,0,1
1982,33.0,8949968.0,0,0
1983,39.0,5647706.0,2,0
1984,15.0,4239079.0,0,1
1985,23.0,4027339.0,2,1
1986,24.0,4357582.0,0,1
1987,30.0,3703952.0,2,0
1988,33.0,2823634.0,2,0
1989,40.0,6699560.0,0,0
1990,19.0,2083855.0,0,1
1991,33.0,6977221.0,0,0
1992,25.0,4876465.0,0,1
1993,22.0,3379621.0,0,1
1994,19.0,5765111.0,2,1
1995,42.0,6065755.0,0,0
1996,41.0,7486032.0,0,0
1997,43.0,7467196.0,2,0
1998,20.0,4403744.0,0,0
1999,24.0,3563190.0,2,1
2000,24.0,5672014.0,2,1
2001,21.0,4299713.0,2,1
2002,30.0,5243406.0,0,0
2003,16.0,2083410.0,0,1
2004,15.0,967751.0,2,1
2005,31.0,5886356.0,2,0
2006,24.0,2699682.0,0,1
2007,44.0,7425383.0,2,0
2008,43.0,7378940.0,2,0
2009,24.0,1617949.0,0,0
2010,43.0,6884490.0,2,0
2011,36.0,7481562.0,0,0
2012,38.0,5499126.0,2,0
2013,43.0,7628759.0,0,0
2014,21.0,6938514.0,0,1
2015,19.0,4748482.0,2,1
2016,45.0,7327276.0,2,0
2017,32.0,6784765.0,2,0
2018,45.0,6985811.0,2,1
2019,31.0,7789937.0,0,0
2020,40.0,5388686.0,2,0
2021,45.0,7833925.0,2,1
2022,34.0,4810217.0,2,0
2023,19.0,4517042.0,0,1
2024,15.0,274768.0,2,1
2025,19.0,2340758.0,0,1
2026,18.0,4624464.0,2,1
2027,36.0,5462481.0,0,0
2028,44.0,8521764.0,2,0
2029,34.0,5739446.0,0,0
2030,31.0,5747923.0,0,0
2031,41.0,4294952.0,0,0
2032,24.0,5427917.0,2,1
2033,26.0,4057672.0,0,0
2034,32.0,4235888.0,0,0
2035,27.0,4204733.0,0,1
2036,18.0,35174.0,0,1
2037,38.0,6881556.0,0,0
2038,37.0,7752509.0,0,0
2039,21.0,2855199.0,0,1
2040,23.0,3818685.0,2,1
2041,37.0,7772375.0,2,0
2042,40.0,8949675.0,0,0
2043,22.0,1341571.0,0,1
2044,23.0,5875122.0,0,0
2045,36.0,6635721.0,2,0
2046,22.0,4172458.0,0,1
2047,26.0,4111122.0,2,1
2048,19.0,2536952.0,0,1
2049,26.0,5914060.0,0,0
2050,27.0,3633562.0,2,1
2051,39.0,5948576.0,2,0
2052,21.0,3485741.0,2,1
2053,42.0,7410909.0,0,0
2054,27.0,1971024.0,2,0
2055,16.0,1618727.0,2,1
2056,23.0,3373120.0,0,0
2057,28.0,4486769.0,2,0
2058,26.0,5011707.0,0,1
2059,23.0,4040118.0,2,1
2060,21.0,2171346.0,0,1
2061,26.0,4022435.0,2,0
2062,16.0,5333866.0,2,1
2063,37.0,7167462.0,0,0
2064,15.0,2972439.0,0,1
2065,44.0,6431327.0,0,0
2066,29.0,5219618.0,0,0
2067,16.0,3289141.0,0,1
2068,15.0,3076785.0,2,1
2069,17.0,436715.0,2,1
2070,30.0,6690671.0,0,0
2071,29.0,3901341.0,0,0
2072,17.0,4328900.0,2,1
2073,35.0,5241781.0,2,0
2074,23.0,4644440.0,0,1
2075,45.0,5797752.0,0,1
2076,20.0,4892989.0,0,0
2077,18.0,1249849.0,0,0
2078,36.0,7194493.0,2,0
2079,27.0,3245439.0,0,1
2080,34.0,6799000.0,2,0
2081,25.0,8130217.0,0,1
2082,23.0,3040346.0,0,1
2083,43.0,7383331.0,0,0
2084,35.0,8234060.0,2,0
2085,22.0,1973888.0,2,1
2086,21.0,1605218.0,0,0
2087,20.0,4746767.0,0,1
2088,40.0,7278270.0,0,0
2089,26.0,6173595.0,0,1
2090,39.0,5901555.0,2,0
2091,23.0,3580786.0,0,1
2092,35.0,7130933.0,0,0
2093,43.0,10084041.0,0,0
2094,25.0,1460789.0,0,1
2095,29.0,4633997.0,2,0
2096,24.0,6881492.0,0,0
2097,35.0,5450983.0,0,0
2098,19.0,4056270.0,2,1
2099,45.0,7224619.0,2,0
2100,25.0,5073968.0,0,1
2101,37.0,5612074.0,2,0
2102,31.0,6044716.0,0,0
2103,33.0,6861308.0,0,0
2104,19.0,3829604.0,0,1
2105,24.0,3191874.0,2,1
2106,26.0,723940.0,0,0
2107,28.0,5178266.0,2,0
2108,23.0,4183461.0,2,0
2109,32.0,8649656.0,2,0
2110,27.0,5395765.0,0,1
2111,27.0,3940270.0,2,1
2113,19.0,5186661.0,0,1
2114,37.0,7058258.0,1,0
2115,32.0,5980041.0,2,0
2116,21.0,3935245.0,2,1
2117,17.0,3778832.0,0,1
2118,36.0,3107353.0,1,0
2120,45.0,4994102.0,0,1
2121,32.0,1164672.0,2,0
2122,22.0,5868968.0,0,1
2123,30.0,3810219.0,2,0
2124,28.0,3180038.0,0,0
2126,16.0,56920.0,0,1
2127,17.0,1770383.0,1,1
2128,40.0,6937929.0,2,0
2129,27.0,2721951.0,2,1
2130,20.0,4848561.0,1,1
2131,38.0,6665314.0,0,0
2133,35.0,3852166.0,0,0
2134,35.0,3160643.0,2,0
2135,29.0,7259722.0,1,0
2136,20.0,5863237.0,0,1
2137,26.0,7571857.0,0,1
2139,17.0,2166238.0,2,1
2140,28.0,3835209.0,0,0
2141,22.0,713577.0,2,1
2142,37.0,4200991.0,1,0
2144,26.0,3600819.0,0,1
2145,23.0,3011640.0,0,1
2146,25.0,3304795.0,2,1
2147,44.0,9285054.0,2,0
2148,33.0,5994993.0,0,0
2149,15.0,2700628.0,2,0
2151,31.0,5192863.0,0,0
2152,20.0,2260682.0,2,1
2153,29.0,1912782.0,1,0
2154,21.0,3158333.0,0,1
2155,18.0,623395.0,0,1
2157,36.0,5313993.0,2,0
2158,29.0,5117850.0,2,0
2159,39.0,3689927.0,0,0
2160,15.0,2992477.0,2,1
2162,31.0,7421911.0,0,0
2163,22.0,3183271.0,2,1
2164,18.0,624674.0,2,1
2165,31.0,4767538.0,1,0
2167,18.0,628770.0,2,0
2168,18.0,1681886.0,0,1
2169,29.0,7368042.0,2,0
2170,39.0,6521703.0,0,0
2172,26.0,3681520.0,2,1
2173,34.0,6488616.0,0,0
2174,18.0,1575425.0,2,0
