,Label,Rank,Combination,Dry,Normal,Oily,target
0,0,4.1,0,0,0,0,0
1,0,4.1,0,0,0,0,0
2,0,4.4,0,0,0,0,1
3,0,3.8,0,0,0,0,0
4,0,4.1,0,0,0,0,0
5,0,4.2,0,1,0,0,0
6,0,4.2,0,0,0,0,1
7,0,4.4,0,0,0,0,1
8,0,4.4,0,0,0,0,0
9,0,5.0,1,1,1,1,1
10,0,4.3,1,1,1,1,1
11,0,4.4,0,0,0,0,0
12,0,4.5,0,1,0,0,1
13,0,4.1,0,0,0,0,0
14,0,4.6,0,0,0,0,0
15,0,4.4,0,0,0,0,1
16,0,4.6,0,0,0,0,0
17,0,4.4,0,0,0,0,0
18,0,4.4,1,1,1,1,1
19,0,4.3,1,0,0,1,0
20,0,4.1,0,0,0,0,0
21,0,3.9,1,1,1,1,1
22,0,4.6,1,1,1,1,1
23,0,4.1,0,0,0,1,1
24,0,4.6,1,0,0,1,1
25,0,4.4,1,1,1,1,1
26,0,4.5,0,0,0,0,1
27,0,4.4,0,0,0,0,0
28,0,3.9,0,0,1,1,1
29,0,4.1,0,0,0,0,0
30,0,4.4,1,1,1,1,1
31,0,4.5,0,0,0,0,0
32,0,4.2,0,0,0,0,0
33,0,4.5,1,0,1,0,0
34,0,3.9,0,0,0,0,1
35,0,3.9,1,1,1,1,1
36,0,4.4,0,0,0,0,0
37,0,4.4,1,0,0,1,0
38,0,4.1,0,0,0,0,0
39,0,4.2,1,1,1,1,1
40,0,4.0,0,0,0,1,0
41,0,4.4,1,0,0,1,1
42,0,4.5,0,1,1,0,1
43,0,4.3,0,0,0,0,1
44,0,4.2,0,0,0,0,0
45,0,4.1,0,0,0,0,0
46,0,4.6,0,0,0,0,0
47,0,3.7,1,1,1,1,1
48,0,4.2,0,0,0,1,0
49,0,4.3,0,1,0,0,0
50,0,4.5,0,0,0,0,0
51,0,4.8,0,0,0,0,0
52,0,4.2,0,0,0,0,0
53,0,4.4,0,0,0,0,0
54,0,4.3,0,0,0,0,1
55,0,4.5,1,1,1,1,1
56,0,4.4,0,0,0,0,0
57,0,4.4,1,1,1,1,1
58,0,4.6,0,0,0,0,0
59,0,4.3,0,0,0,1,0
60,0,4.6,0,0,0,0,0
61,0,4.0,0,0,0,0,0
62,0,4.5,0,1,0,0,1
63,0,4.2,0,0,0,0,0
64,0,4.2,0,0,0,0,0
65,0,4.4,0,1,0,0,1
66,0,4.1,0,0,0,0,0
67,0,4.0,1,1,1,1,1
68,0,4.1,0,0,0,0,0
69,0,4.0,1,1,1,1,1
70,0,3.9,0,0,0,0,0
71,0,4.5,0,0,0,1,0
72,0,4.0,0,0,0,0,1
73,0,4.4,1,1,1,1,1
74,0,4.6,0,0,0,1,0
75,0,4.4,1,0,0,1,0
76,0,4.4,1,1,1,1,1
77,0,4.3,0,0,0,0,0
78,0,4.4,0,0,0,0,0
79,0,4.3,0,0,0,0,1
80,0,4.1,0,0,0,0,0
81,0,4.4,0,0,0,0,0
82,0,4.5,0,0,0,0,1
83,0,4.3,0,0,0,0,0
84,0,4.0,1,1,1,1,1
85,0,4.4,0,0,0,0,0
86,0,4.2,0,0,0,0,0
87,0,3.8,0,0,0,0,0
88,0,4.3,1,0,0,1,1
89,0,4.1,1,1,1,1,1
90,0,4.3,1,1,0,0,1
91,0,4.3,1,1,1,1,1
92,0,4.4,0,0,1,1,1
93,0,3.9,0,0,0,0,0
94,0,4.7,0,0,0,0,0
95,0,4.5,1,1,1,1,1
96,0,4.1,0,1,0,0,0
97,0,0.0,1,1,1,1,1
98,0,3.3,0,0,0,0,0
99,0,4.1,0,0,0,0,0
100,0,3.8,0,0,0,0,0
101,0,4.3,0,0,0,0,0
102,0,4.3,0,0,0,0,0
103,0,3.6,1,1,1,1,1
104,0,4.3,0,0,0,0,0
105,0,4.0,0,1,0,0,0
106,0,4.1,0,0,0,0,0
107,0,4.4,1,0,1,1,0
108,0,4.6,1,1,1,1,1
109,0,4.3,0,0,0,0,0
110,0,4.5,1,0,0,0,1
111,0,4.5,1,0,1,1,0
112,0,4.3,0,0,0,0,0
113,0,4.7,0,0,0,0,0
114,0,3.5,1,1,1,1,1
115,0,4.2,0,1,0,0,0
116,0,0.0,1,1,1,1,1
117,0,4.2,0,0,0,0,0
118,0,4.3,1,1,1,1,1
119,0,4.7,0,0,0,1,0
120,0,4.3,1,1,1,1,1
121,0,4.3,1,0,0,1,1
122,0,4.3,1,1,1,1,1
123,0,4.2,1,1,1,1,1
124,0,4.2,1,1,1,1,1
125,0,4.7,0,0,0,0,0
126,0,3.9,0,1,0,0,1
127,0,4.3,0,1,0,0,0
128,0,4.4,0,0,0,0,0
129,0,4.8,1,1,1,1,1
130,0,4.7,0,0,0,1,1
131,0,4.8,0,0,0,1,0
132,0,4.4,1,1,1,1,1
133,0,4.5,0,0,0,0,0
134,0,4.4,0,0,0,0,0
135,0,4.1,0,0,0,0,0
136,0,4.3,0,0,0,0,0
137,0,4.6,0,0,0,0,0
138,0,4.0,1,1,1,1,1
139,0,4.4,0,0,0,0,0
140,0,4.2,0,0,0,0,0
141,0,4.4,0,0,0,0,0
142,0,4.2,1,1,1,1,1
143,0,4.1,0,0,0,0,1
144,0,3.5,0,0,0,0,0
145,0,4.3,0,0,0,0,0
146,0,4.6,0,1,0,0,0
147,0,4.2,0,0,0,0,0
148,0,4.1,0,0,0,0,0
149,0,4.9,0,0,0,0,0
150,0,4.2,0,1,1,0,1
151,0,4.3,0,1,1,0,1
152,0,4.3,0,0,0,0,0
153,0,4.1,0,1,0,1,1
154,0,4.2,0,0,0,0,0
155,0,4.1,0,0,0,0,1
156,0,4.6,0,0,0,0,0
157,0,4.2,0,0,0,0,0
158,0,4.3,0,1,0,0,1
159,0,4.1,0,0,0,0,1
160,0,4.2,1,0,0,1,1
161,0,4.7,0,0,0,1,0
162,0,3.6,0,0,0,0,0
163,0,4.1,0,1,1,0,1
164,0,4.3,1,1,1,1,1
165,0,4.1,0,0,0,0,0
166,0,4.5,1,1,1,1,1
167,0,4.0,0,0,0,0,0
168,0,3.8,1,1,1,1,1
169,0,4.2,0,0,0,0,0
170,0,4.0,0,0,0,0,0
171,0,4.2,0,1,0,0,1
172,0,4.5,1,1,1,1,1
173,0,4.4,1,1,1,1,1
174,0,4.1,1,1,1,1,1
175,0,4.4,0,0,0,0,1
176,0,4.0,0,0,0,0,0
177,0,5.0,1,1,1,1,1
178,0,4.5,0,0,0,0,0
179,0,4.5,1,1,1,1,1
180,0,4.6,0,0,0,0,0
181,0,4.4,0,0,0,0,0
182,0,3.9,0,0,0,0,0
183,0,3.9,1,1,1,1,1
184,0,4.7,1,1,1,1,1
185,0,4.2,0,1,0,0,1
186,0,4.4,0,0,0,0,0
187,0,4.4,1,1,1,1,1
188,0,4.0,0,0,0,0,1
189,0,4.4,0,0,0,0,0
190,0,3.9,0,0,0,1,0
191,0,4.1,0,0,0,0,1
192,0,4.2,1,0,0,1,0
193,0,4.4,0,0,0,0,0
194,0,5.0,0,1,1,0,1
195,0,4.6,0,0,0,0,0
196,0,4.8,1,1,1,1,1
197,0,4.2,1,1,1,1,1
198,0,4.3,1,1,1,1,1
199,0,4.4,0,0,1,0,0
200,0,3.8,0,0,0,0,0
201,0,4.1,1,1,1,1,1
202,0,4.2,0,0,0,0,1
203,0,4.2,0,0,0,0,0
204,0,4.4,1,1,1,1,1
205,0,4.0,0,0,0,0,0
206,0,4.3,0,0,0,0,0
207,0,4.4,0,0,0,0,0
208,0,4.3,0,0,0,0,0
209,0,4.3,1,1,1,1,1
210,0,4.5,0,0,0,0,0
211,0,4.1,0,0,0,0,0
212,0,4.1,0,0,0,1,0
213,0,4.2,1,1,1,1,1
214,0,4.4,0,0,0,0,0
215,0,4.1,0,1,0,1,0
216,0,4.4,1,1,1,1,1
217,0,4.4,0,0,0,0,0
218,0,4.1,0,0,0,0,0
219,0,4.3,1,1,1,1,1
220,0,4.5,1,1,1,1,1
221,0,3.9,0,0,0,0,0
222,0,4.5,0,0,0,1,0
223,0,4.0,0,0,0,1,1
224,0,4.4,0,0,0,0,0
225,0,4.3,1,1,1,1,1
226,0,3.7,0,0,0,0,0
227,0,4.2,0,0,0,0,0
228,0,5.0,1,1,1,1,1
229,0,3.9,0,0,0,0,1
230,0,4.2,0,0,0,0,0
231,0,4.9,0,0,0,0,0
232,0,4.7,1,1,1,1,1
233,0,4.6,0,0,0,0,0
234,0,4.3,0,0,0,0,0
235,0,4.1,1,1,1,1,1
236,0,4.2,0,0,0,1,0
237,0,4.6,1,1,0,1,0
238,0,4.4,1,1,1,1,1
239,0,4.5,1,0,0,1,0
240,0,4.0,0,0,0,0,0
241,0,3.9,1,1,1,1,1
242,0,4.2,0,1,0,0,0
243,0,4.2,0,0,0,0,1
244,0,5.0,0,0,0,1,1
245,0,4.4,0,0,0,0,1
246,0,4.2,1,1,1,1,1
247,0,4.1,0,1,0,0,1
248,0,3.9,0,0,0,0,0
249,0,4.4,0,0,0,0,0
250,0,3.8,1,1,1,1,1
251,0,4.4,0,0,0,0,0
252,0,4.2,0,0,0,0,0
253,0,4.6,0,0,0,0,1
254,0,4.3,0,0,0,0,0
255,0,4.3,0,0,0,0,1
256,0,4.3,0,0,0,1,0
257,0,4.1,1,1,1,1,1
258,0,4.5,1,1,1,1,1
259,0,4.2,1,1,1,1,1
260,0,4.5,0,0,0,1,0
261,0,3.4,1,0,1,1,1
262,0,3.9,1,1,1,1,1
263,0,4.1,0,0,0,0,0
264,0,4.0,0,0,0,0,0
265,0,4.6,0,0,0,0,0
266,0,4.7,1,1,1,1,1
267,0,4.5,0,0,0,0,0
268,0,4.5,0,1,0,0,0
269,0,4.6,0,0,0,0,0
270,0,4.1,1,1,1,1,1
271,0,4.1,1,1,1,1,1
272,0,3.9,0,0,0,0,0
273,0,4.5,1,1,1,1,1
274,0,4.3,1,1,1,1,1
275,0,4.4,1,1,1,1,1
276,0,4.1,0,0,0,0,0
277,0,4.3,0,0,0,0,0
278,0,4.3,1,1,1,1,1
279,0,0.0,0,0,1,1,1
280,0,4.0,0,0,0,0,0
281,0,4.5,1,1,1,1,1
282,0,4.2,0,0,0,0,0
283,0,3.9,0,0,0,0,0
284,0,4.7,1,1,1,1,1
285,0,4.0,1,1,1,1,1
286,0,4.2,0,0,0,0,1
287,0,4.4,0,0,0,0,0
288,0,4.1,1,1,1,1,1
289,0,4.7,1,0,0,1,1
290,0,3.9,1,1,1,1,1
291,0,4.6,0,0,0,1,1
292,0,4.6,0,0,0,0,0
293,0,3.9,1,1,0,0,1
294,0,4.2,0,1,1,0,0
295,0,4.5,1,1,1,1,1
296,0,4.1,0,0,0,0,0
297,0,4.8,0,0,0,0,0
298,1,4.5,0,0,0,0,1
299,1,4.3,0,0,0,0,1
300,1,4.4,1,1,1,1,1
301,1,4.6,0,0,0,0,0
302,1,4.5,0,0,0,0,0
303,1,4.6,1,1,1,1,1
304,1,4.2,1,1,1,1,1
305,1,4.4,0,0,0,0,0
306,1,4.6,0,0,0,0,0
307,1,4.3,1,1,1,1,1
308,1,4.7,1,1,1,1,1
309,1,4.5,1,1,1,1,1
310,1,4.4,0,1,0,0,0
311,1,4.4,0,0,0,0,0
312,1,4.3,0,0,0,0,0
313,1,4.9,1,1,1,1,1
314,1,4.4,0,0,0,0,1
315,1,4.3,1,1,1,1,1
316,1,4.5,0,0,0,0,0
317,1,4.1,0,1,0,0,0
318,1,4.5,0,1,0,0,0
319,1,4.4,0,0,0,0,0
320,1,4.7,0,0,0,0,0
321,1,4.6,1,1,1,1,1
322,1,4.1,0,0,0,0,0
323,1,4.6,1,1,1,1,1
324,1,4.3,0,0,0,0,0
325,1,4.5,1,1,1,1,1
326,1,4.4,1,1,1,1,1
327,1,4.4,0,0,0,0,0
328,1,4.3,0,1,0,0,0
329,1,4.7,0,0,0,0,0
330,1,4.4,1,1,1,1,1
331,1,4.7,0,0,0,0,0
332,1,4.3,0,0,0,0,0
333,1,4.7,0,0,0,0,1
334,1,4.4,0,0,0,0,0
335,1,4.2,0,0,0,0,1
336,1,4.8,0,0,0,0,1
337,1,4.3,0,0,0,0,0
338,1,4.6,0,0,0,0,0
339,1,4.5,1,1,1,1,1
340,1,4.4,0,0,0,0,0
341,1,4.6,0,0,0,0,0
342,1,4.4,1,1,1,1,1
343,1,4.5,0,0,0,0,0
344,1,4.8,0,0,0,0,1
345,1,4.5,0,0,0,0,1
346,1,4.7,1,1,1,1,1
347,1,4.5,1,1,1,1,1
348,1,4.1,0,0,0,0,1
349,1,4.3,0,0,0,0,1
350,1,4.4,1,1,1,1,1
351,1,3.8,0,1,0,0,0
352,1,4.3,0,0,0,0,0
353,1,4.3,1,1,1,1,1
354,1,4.4,0,0,0,0,0
355,1,4.1,0,0,0,0,0
356,1,4.4,1,1,1,1,1
357,1,4.3,0,1,0,0,1
358,1,4.1,0,0,0,0,0
359,1,4.5,0,0,0,0,0
360,1,4.6,0,0,0,0,0
361,1,4.5,0,1,0,0,1
362,1,4.3,0,0,0,0,0
363,1,4.2,0,0,0,0,1
364,1,4.5,0,0,0,0,0
365,1,0.0,1,1,1,1,1
366,1,4.4,0,0,0,0,0
367,1,4.6,0,1,0,1,1
368,1,4.6,1,1,1,1,1
369,1,4.5,0,0,0,0,0
370,1,4.5,0,1,0,1,1
371,1,4.4,1,1,1,1,1
372,1,4.5,0,0,0,1,0
373,1,4.7,0,1,1,0,1
374,1,4.0,0,0,0,0,0
375,1,4.6,0,0,0,0,1
376,1,4.5,0,0,0,0,0
377,1,4.6,0,1,1,0,1
378,1,3.7,0,0,0,0,0
379,1,4.4,0,0,0,0,0
380,1,4.5,0,0,0,1,0
381,1,4.7,1,1,1,1,1
382,1,4.4,0,0,0,0,0
383,1,4.1,0,0,0,0,1
384,1,4.4,0,0,0,0,0
385,1,4.4,0,0,0,0,0
386,1,4.6,1,1,1,1,1
387,1,4.4,0,0,0,0,1
388,1,4.6,0,1,0,0,0
389,1,0.0,1,1,1,1,1
390,1,4.4,1,1,1,1,1
391,1,4.7,0,0,0,0,0
392,1,4.6,1,1,1,1,1
393,1,4.6,1,1,1,1,1
394,1,4.4,0,0,0,0,0
395,1,4.4,0,0,0,0,0
396,1,5.0,0,0,0,0,1
397,1,4.6,0,0,0,0,0
398,1,4.5,0,0,0,1,0
399,1,4.5,1,1,1,1,1
400,1,4.2,0,0,0,0,0
401,1,4.7,0,0,0,0,1
402,1,4.5,1,1,1,1,1
403,1,4.8,1,1,1,1,1
404,1,4.4,0,0,0,0,0
405,1,5.0,1,1,1,1,1
406,1,4.7,1,1,1,1,1
407,1,4.6,0,0,0,0,0
408,1,4.3,0,0,0,0,0
409,1,3.9,0,1,0,0,1
410,1,4.5,1,1,1,1,1
411,1,4.5,0,0,0,0,0
412,1,4.6,1,1,1,1,1
413,1,4.2,1,1,1,1,1
414,1,4.6,1,1,1,1,1
415,1,4.5,0,1,1,0,1
416,1,4.5,0,0,0,0,1
417,1,4.5,0,0,0,0,0
418,1,4.8,0,0,0,0,0
419,1,4.6,1,1,1,1,1
420,1,3.8,0,0,0,0,1
421,1,4.5,1,1,1,1,1
422,1,4.1,0,0,0,0,0
423,1,4.5,1,1,1,1,1
424,1,4.6,1,1,1,1,1
425,1,4.2,1,1,1,1,1
426,1,4.2,1,1,1,1,1
427,1,4.5,1,1,1,1,1
428,1,4.4,1,1,1,1,1
429,1,4.6,1,1,1,1,1
430,1,3.6,1,1,1,1,1
431,1,5.0,1,1,1,1,1
432,1,4.4,0,0,0,0,0
433,1,4.3,0,0,0,0,0
434,1,3.3,0,0,0,0,0
435,1,4.1,0,0,0,0,0
436,1,4.4,0,0,0,0,0
437,1,4.3,1,1,1,1,1
438,1,4.5,1,1,1,1,1
439,1,3.9,0,0,0,0,0
440,1,3.8,0,0,0,1,0
441,1,4.5,1,1,1,1,1
442,1,4.2,0,0,0,0,0
443,1,4.2,0,1,0,0,1
444,1,4.4,0,1,1,0,1
445,1,4.5,1,1,1,1,1
446,1,4.5,1,1,1,1,1
447,1,4.7,0,0,0,0,0
448,1,4.9,0,0,0,0,0
449,1,4.2,1,1,1,1,1
450,1,4.4,1,1,1,1,1
451,1,4.5,0,1,0,0,1
452,1,0.0,1,1,1,1,1
453,1,4.5,1,1,1,1,1
454,1,4.5,0,0,0,0,0
455,1,4.1,0,0,0,0,0
456,1,4.7,0,1,0,0,1
457,1,4.2,0,0,0,0,0
458,1,4.3,1,1,1,1,1
459,1,3.9,0,1,0,0,0
460,1,3.9,1,1,1,1,1
461,1,4.6,0,0,0,0,0
462,1,4.6,0,0,0,0,0
463,1,4.1,0,0,0,0,0
464,1,4.3,0,1,0,0,1
465,1,4.2,1,1,1,1,1
466,1,4.3,1,1,1,1,1
467,1,4.4,1,1,1,1,1
468,1,4.4,1,1,1,1,1
469,1,4.3,1,1,1,1,1
470,1,4.3,1,1,1,1,1
471,1,4.4,1,1,1,1,1
472,1,4.3,0,0,0,0,0
473,1,4.1,1,1,1,1,1
474,1,4.5,0,0,0,0,0
475,1,4.1,1,0,1,1,0
476,1,4.3,0,0,0,0,0
477,1,4.5,0,0,0,0,0
478,1,4.3,1,1,1,0,0
479,1,4.3,0,0,0,0,0
480,1,3.7,0,0,0,0,0
481,1,4.2,0,0,0,0,0
482,1,4.2,0,0,0,0,0
483,1,3.6,0,0,0,0,0
484,1,4.6,0,0,0,0,1
485,1,4.3,1,1,1,1,1
486,1,4.4,1,1,1,1,1
487,1,4.4,0,0,0,0,0
488,1,4.5,1,1,1,1,1
489,1,4.2,0,1,0,0,1
490,1,4.5,0,0,0,0,0
491,1,4.4,1,1,1,1,1
492,1,4.9,1,1,1,1,1
493,1,2.8,1,1,1,1,1
494,1,4.5,0,1,1,0,1
495,1,4.8,0,0,0,0,0
496,1,4.4,0,0,0,0,1
497,1,4.4,0,0,0,0,0
498,1,4.6,1,1,1,1,1
499,1,4.5,0,0,0,0,0
500,1,4.3,1,1,1,1,1
501,1,4.3,0,0,0,0,0
502,1,4.3,0,0,0,0,0
503,1,4.4,1,1,1,1,1
504,1,4.3,0,0,0,0,1
505,1,4.5,1,1,1,1,1
506,1,4.4,0,0,0,0,0
507,1,4.3,0,0,0,0,0
508,1,4.3,1,1,1,1,1
509,1,4.4,1,1,1,1,1
510,1,4.5,0,0,0,0,0
511,1,4.2,0,0,0,0,0
512,1,4.6,1,1,1,1,1
513,1,4.3,1,1,1,1,1
514,1,4.6,1,1,1,1,1
515,1,4.5,0,0,0,0,0
516,1,4.3,0,0,0,0,0
517,1,4.1,1,1,1,1,1
518,1,4.3,0,0,0,0,0
519,1,4.5,1,1,1,1,1
520,1,4.5,1,1,1,1,1
521,1,3.4,1,1,1,1,1
522,1,4.2,1,1,1,1,1
523,1,4.3,1,1,1,1,1
524,1,4.5,1,1,1,1,1
525,1,4.4,0,0,0,0,0
526,1,4.7,0,0,0,0,0
527,1,4.6,0,0,0,0,0
528,1,4.1,1,1,1,1,1
529,1,4.2,1,1,1,1,1
530,1,4.5,1,1,1,1,1
531,1,0.0,0,0,0,0,1
532,1,4.5,1,1,1,1,1
533,1,3.9,0,0,0,0,0
534,1,0.0,1,1,1,1,1
535,1,4.4,0,1,0,1,1
536,1,4.3,1,1,1,1,1
537,1,4.5,1,1,1,1,1
538,1,4.1,0,0,0,0,0
539,1,4.0,0,0,0,0,0
540,1,4.9,0,0,0,0,0
541,1,4.5,0,0,0,0,0
542,1,3.9,0,0,0,0,1
543,1,4.2,0,0,0,0,0
544,1,4.5,0,0,0,0,1
545,1,4.5,1,1,1,1,1
546,1,4.2,1,1,1,1,1
547,1,4.1,1,1,1,1,1
548,1,4.3,1,1,1,1,1
549,1,4.6,1,1,1,1,1
550,1,4.0,1,0,1,1,0
551,1,4.3,0,0,0,0,0
552,1,4.2,0,1,0,0,1
553,1,4.4,0,0,0,0,1
554,1,4.4,0,0,0,0,0
555,1,4.6,1,0,0,1,0
556,1,5.0,1,0,1,1,1
557,1,4.4,1,1,1,1,1
558,1,4.5,0,0,0,0,0
559,1,4.5,1,1,1,1,1
560,1,4.4,1,1,1,1,1
561,1,4.4,1,1,1,1,1
562,1,4.3,0,0,0,0,0
563,1,4.7,0,0,0,0,0
564,1,4.7,1,1,1,1,1
565,1,4.9,0,0,0,0,0
566,1,4.2,0,0,0,0,0
567,1,4.4,1,1,1,1,1
568,1,3.5,0,1,1,0,1
569,1,4.7,1,1,1,1,1
570,1,5.0,0,0,0,0,0
571,1,3.7,0,0,0,0,0
572,1,5.0,1,1,1,1,1
573,1,5.0,0,0,0,0,0
574,1,3.9,1,1,1,1,1
575,1,4.4,1,1,1,1,1
576,1,4.4,1,1,1,1,1
577,1,4.5,1,1,1,1,1
578,1,3.9,1,1,1,1,1
579,2,4.1,0,0,0,0,1
580,2,4.3,0,0,0,0,1
581,2,4.3,0,0,0,0,0
582,2,4.3,0,0,0,0,0
583,2,2.0,1,1,1,1,1
584,2,4.5,0,0,0,0,1
585,2,4.5,0,0,0,0,0
586,2,3.5,0,0,0,0,0
587,2,3.9,1,1,1,1,1
588,2,4.2,0,0,0,0,0
589,2,4.2,0,1,0,0,1
590,2,4.2,0,0,0,0,1
591,2,4.5,0,0,0,0,1
592,2,4.0,0,0,0,0,1
593,2,4.2,0,0,0,0,0
594,2,4.4,0,1,0,0,0
595,2,4.2,1,1,1,1,1
596,2,3.9,0,0,0,0,0
597,2,4.0,0,0,0,0,0
598,2,4.2,0,0,0,0,0
599,2,3.8,0,0,0,0,1
600,2,4.1,0,0,0,0,0
601,2,3.9,0,0,0,0,0
602,2,4.5,0,1,0,0,1
603,2,4.0,0,0,0,0,0
604,2,4.3,0,0,0,0,0
605,2,4.3,0,0,0,0,0
606,2,4.3,0,0,0,0,0
607,2,4.1,0,0,0,1,0
608,2,3.8,0,0,0,0,1
609,2,4.5,0,0,0,0,1
610,2,4.5,0,0,0,1,0
611,2,4.4,0,0,0,0,0
612,2,4.3,1,1,1,1,1
613,2,4.2,0,0,0,0,0
614,2,4.2,0,0,0,0,0
615,2,4.3,0,0,0,0,1
616,2,4.6,0,0,0,0,1
617,2,4.3,0,0,0,0,0
618,2,5.0,0,0,0,0,0
619,2,4.4,0,0,0,0,0
620,2,4.4,0,1,0,0,1
621,2,4.4,0,0,0,0,1
622,2,4.5,0,0,0,0,0
623,2,4.2,0,0,0,0,0
624,2,4.0,0,0,0,0,1
625,2,4.4,1,1,1,1,1
626,2,4.4,1,1,1,1,1
627,2,4.3,0,0,0,0,0
628,2,4.6,0,0,0,0,0
629,2,4.4,0,0,0,0,0
630,2,4.7,1,1,1,1,1
631,2,4.0,0,0,0,0,0
632,2,4.6,0,0,0,1,1
633,2,3.6,1,1,1,1,1
634,2,3.4,0,0,0,0,1
635,2,4.3,1,1,1,1,1
636,2,4.6,0,0,0,0,0
637,2,3.9,0,0,0,0,0
638,2,4.9,0,0,0,0,0
639,2,4.0,0,0,0,0,0
640,2,3.9,0,0,0,0,1
641,2,4.7,0,0,0,0,0
642,2,4.8,0,0,0,0,1
643,2,4.2,0,0,0,0,0
644,2,4.3,0,0,0,0,1
645,2,4.3,0,0,0,0,0
646,2,4.1,0,0,0,0,0
647,2,4.6,1,1,1,1,1
648,2,4.5,0,0,0,0,0
649,2,4.3,1,1,1,1,0
650,2,3.9,0,0,0,0,0
651,2,4.2,0,0,0,0,0
652,2,4.7,1,1,1,1,1
653,2,4.0,0,0,1,1,0
654,2,4.3,0,0,0,0,0
655,2,4.1,0,0,0,0,0
656,2,3.6,1,1,1,1,1
657,2,4.0,1,1,1,1,1
658,2,4.2,0,0,0,0,1
659,2,4.1,0,0,0,0,0
660,2,3.8,1,1,1,1,1
661,2,3.9,0,0,0,0,0
662,2,4.8,0,0,0,1,1
663,2,5.0,0,0,0,0,0
664,2,4.1,0,1,1,0,1
665,2,5.0,0,0,0,0,0
666,2,3.7,0,0,0,0,0
667,2,4.5,0,0,0,0,1
668,2,3.1,0,0,0,0,0
669,2,5.0,0,0,0,1,1
670,2,4.1,0,0,0,0,0
671,2,4.9,0,1,0,1,1
672,2,4.4,1,1,1,1,1
673,2,4.2,0,0,0,0,0
674,2,4.3,0,0,0,0,0
675,2,4.1,0,0,0,0,0
676,2,4.3,0,0,0,0,0
677,2,5.0,0,0,0,0,1
678,2,4.4,0,1,0,0,1
679,2,4.6,0,0,0,0,0
680,2,4.2,0,0,0,0,0
681,2,4.2,0,0,0,0,0
682,2,4.7,0,0,0,0,0
683,2,4.5,0,0,0,0,0
684,2,4.5,0,0,0,0,0
685,2,4.7,0,0,0,0,0
686,2,3.7,0,0,0,0,1
687,2,3.4,0,0,0,0,1
688,2,4.5,0,0,0,0,1
689,2,3.9,0,0,0,0,0
690,2,3.9,0,0,0,0,0
691,2,4.2,1,1,1,1,1
692,2,3.9,0,0,0,0,0
693,2,3.9,0,0,0,0,1
694,2,4.0,1,1,1,1,1
695,2,4.0,0,0,0,0,0
696,2,4.3,0,0,0,0,0
697,2,4.5,1,1,1,1,1
698,2,3.9,0,0,0,0,0
699,2,4.1,0,0,0,0,0
700,2,4.6,0,0,0,0,0
701,2,4.0,0,0,0,0,0
702,2,4.8,0,0,0,0,0
703,2,4.3,0,0,0,0,0
704,2,3.6,0,1,1,0,1
705,2,4.4,1,1,1,1,1
706,2,3.8,0,0,0,0,0
707,2,3.9,0,0,0,0,1
708,2,5.0,0,0,0,1,1
709,2,4.1,0,0,0,0,0
710,2,3.9,0,0,0,0,0
711,2,4.2,1,1,1,1,1
712,2,4.1,0,0,0,0,0
713,2,4.1,0,0,0,0,0
714,2,4.0,1,1,1,1,1
715,2,4.4,0,0,0,1,0
716,2,4.0,0,0,0,0,1
717,2,4.3,0,0,0,0,0
718,2,4.6,0,0,0,0,0
719,2,4.4,1,1,1,1,1
720,2,4.7,0,0,0,0,1
721,2,3.6,0,0,0,0,0
722,2,3.3,0,1,1,0,1
723,2,4.5,0,0,0,0,0
724,2,5.0,1,0,0,1,1
725,2,3.8,0,1,0,0,0
726,2,4.4,1,0,0,1,1
727,2,3.6,0,0,0,0,0
728,2,4.3,0,1,0,0,0
729,2,4.6,0,0,0,0,0
730,2,4.6,0,1,0,0,1
731,2,4.0,1,1,1,1,1
732,2,4.3,0,0,0,0,0
733,2,4.4,0,0,0,0,0
734,2,4.2,0,0,0,0,0
735,2,4.4,0,0,0,0,1
736,2,4.0,0,0,0,0,0
737,2,4.4,1,1,1,1,1
738,2,4.3,1,1,1,1,1
739,2,4.0,0,0,0,0,0
740,2,4.4,0,0,0,0,0
741,2,4.1,1,1,1,1,1
742,2,3.7,1,1,1,1,1
743,2,4.5,0,0,0,0,0
744,2,3.7,1,1,1,1,1
745,2,4.1,0,0,0,0,0
746,2,4.1,1,1,1,1,1
747,2,4.0,1,1,1,1,1
748,2,4.6,0,0,0,0,0
749,2,4.6,0,1,0,0,1
750,2,4.0,1,1,1,1,1
751,2,4.0,1,1,1,1,1
752,2,0.0,1,1,1,1,1
753,2,3.9,1,1,1,1,1
754,2,4.1,1,1,1,1,1
755,2,5.0,0,0,0,0,0
756,2,4.3,0,0,0,0,0
757,2,4.4,0,1,1,0,1
758,2,3.7,0,0,0,0,0
759,2,4.1,0,1,1,0,1
760,2,4.2,0,0,0,0,0
761,2,4.1,0,0,0,0,0
762,2,4.3,0,0,0,0,0
763,2,4.5,0,0,0,0,0
764,2,3.9,0,1,1,0,1
765,2,4.4,0,0,0,0,1
766,2,4.9,0,0,0,1,1
767,2,4.6,0,1,0,1,1
768,2,4.4,1,1,1,1,1
769,2,4.7,0,0,0,0,1
770,2,4.2,0,0,0,0,0
771,2,4.7,0,0,0,0,0
772,2,4.6,0,0,0,0,0
773,2,4.2,1,1,1,1,1
774,2,3.8,0,0,0,0,1
775,2,4.3,1,1,1,1,1
776,2,4.5,0,0,0,0,0
777,2,3.7,0,0,0,0,1
778,2,4.5,1,1,1,1,1
779,2,4.2,1,1,1,1,1
780,2,3.9,0,0,0,0,1
781,2,4.1,1,1,1,1,1
782,2,4.3,1,1,1,1,1
783,2,3.6,1,1,1,1,1
784,2,4.0,1,1,1,1,1
785,2,5.0,0,0,0,0,1
786,2,3.7,0,0,0,0,0
787,2,4.1,0,0,0,0,0
788,2,4.4,1,1,1,1,1
789,2,4.3,1,1,1,1,1
790,2,4.3,0,0,0,0,0
791,2,4.2,1,1,1,1,1
792,2,4.4,0,0,0,0,0
793,2,3.7,1,1,1,1,1
794,2,4.6,1,1,1,1,1
795,2,4.3,0,0,0,0,0
796,2,4.0,0,0,0,0,0
797,2,4.7,0,0,0,0,1
798,2,4.5,0,0,0,0,0
799,2,4.5,0,0,0,0,0
800,2,5.0,0,0,0,0,0
801,2,4.5,1,1,1,1,1
802,2,4.4,0,0,0,0,0
803,2,4.8,0,0,0,0,1
804,2,4.3,1,1,1,1,1
805,2,4.0,1,1,1,1,1
806,2,3.6,0,0,0,0,0
807,2,4.5,1,1,1,1,1
808,2,4.6,1,1,1,1,1
809,2,4.4,0,0,0,0,1
810,2,3.8,1,1,1,1,1
811,2,4.8,0,0,0,0,0
812,2,4.2,1,1,1,1,1
813,2,4.5,1,1,1,1,1
814,2,4.2,1,1,1,1,1
815,2,4.2,1,1,1,1,1
816,2,4.1,1,1,1,1,1
817,2,3.8,1,1,1,1,1
818,2,3.6,0,0,0,0,0
819,2,3.8,1,1,1,1,1
820,2,4.5,1,1,1,1,1
821,2,3.9,1,1,1,1,1
822,2,4.3,1,1,1,1,1
823,2,5.0,1,1,1,1,1
824,2,3.6,1,1,1,1,1
825,2,4.1,1,1,1,1,1
826,2,4.3,0,0,0,0,0
827,3,4.8,0,0,0,0,0
828,3,4.4,0,0,0,0,0
829,3,4.9,0,0,0,0,0
830,3,5.0,0,0,0,0,0
831,3,4.1,0,0,0,0,0
832,3,4.3,0,0,0,0,0
833,3,4.6,1,1,1,1,1
834,3,4.2,1,1,1,1,1
835,3,4.7,1,1,1,1,1
836,3,4.3,1,1,1,1,1
837,3,4.5,0,0,0,0,1
838,3,4.3,0,0,0,0,0
839,3,4.1,0,0,0,0,1
840,3,4.9,1,1,1,1,1
841,3,4.7,0,0,0,0,1
842,3,4.2,0,0,0,0,0
843,3,4.3,0,0,0,0,0
844,3,4.6,1,1,1,1,1
845,3,4.1,0,0,0,0,0
846,3,4.1,0,0,0,0,0
847,3,3.9,0,0,0,0,0
848,3,5.0,0,0,0,0,1
849,3,4.0,1,1,1,1,1
850,3,4.6,0,0,0,0,0
851,3,4.7,0,0,0,0,1
852,3,3.8,0,0,0,0,0
853,3,3.7,0,0,0,0,0
854,3,4.1,0,0,0,0,0
855,3,4.5,1,1,1,1,1
856,3,4.0,0,0,0,1,1
857,3,4.7,0,1,0,0,1
858,3,4.8,0,0,0,0,1
859,3,4.6,0,0,0,0,0
860,3,4.4,0,0,0,0,1
861,3,4.0,0,0,0,0,0
862,3,4.4,1,1,1,1,1
863,3,4.5,0,0,0,0,0
864,3,0.0,0,0,0,0,0
865,3,4.7,0,0,0,0,1
866,3,4.1,1,1,1,1,1
867,3,3.9,0,0,0,0,0
868,3,4.4,1,1,1,1,1
869,3,3.7,1,1,1,1,1
870,3,4.5,0,0,0,0,0
871,3,4.4,1,1,1,1,1
872,3,4.4,1,1,1,1,1
873,3,3.9,0,0,0,0,0
874,3,4.7,1,1,1,1,1
875,3,4.6,0,0,0,0,0
876,3,4.4,0,0,0,0,0
877,3,4.2,0,0,0,0,0
878,3,4.6,0,0,0,0,0
879,3,4.3,0,0,0,1,0
880,3,4.3,0,0,0,0,1
881,3,4.6,0,0,0,0,0
882,3,4.6,1,1,1,1,1
883,3,4.5,0,0,0,0,0
884,3,4.5,0,0,0,0,0
885,3,4.3,0,0,0,1,0
886,3,4.5,0,0,0,0,0
887,3,4.3,0,0,0,0,0
888,3,4.4,1,1,1,1,1
889,3,4.3,1,1,1,1,1
890,3,4.5,1,1,1,1,1
891,3,4.4,1,1,1,1,1
892,3,4.4,0,0,0,0,0
893,3,4.5,1,1,1,1,0
894,3,3.6,0,0,0,0,1
895,3,4.0,0,0,0,0,0
896,3,4.5,0,0,0,0,0
897,3,3.9,0,0,0,0,1
898,3,4.1,0,0,0,0,0
899,3,4.5,1,1,1,1,1
900,3,4.3,0,0,0,0,0
901,3,2.6,0,0,0,0,1
902,3,4.4,0,0,0,0,0
903,3,4.6,0,0,0,0,0
904,3,4.6,0,0,0,0,0
905,3,4.7,0,0,0,0,0
906,3,4.3,0,0,0,0,1
907,3,3.5,0,1,0,0,0
908,3,4.4,0,0,0,0,0
909,3,4.4,0,0,0,0,0
910,3,4.7,0,0,0,0,0
911,3,3.9,0,0,0,0,0
912,3,4.0,0,0,0,1,0
913,3,4.3,0,0,0,0,0
914,3,4.3,0,0,0,0,0
915,3,4.3,0,0,0,0,0
916,3,4.3,0,0,0,1,0
917,3,4.7,0,0,0,0,0
918,3,4.5,0,0,0,0,0
919,3,3.5,0,0,0,0,0
920,3,4.6,1,1,1,1,1
921,3,4.4,0,0,0,0,0
922,3,4.0,0,0,0,0,0
923,3,4.1,0,1,0,0,1
924,3,4.7,1,1,1,1,1
925,3,4.2,0,0,0,1,0
926,3,4.4,0,0,0,0,1
927,3,4.4,0,0,0,0,0
928,3,4.4,0,0,0,0,0
929,3,4.4,0,0,0,0,1
930,3,4.4,1,1,1,1,1
931,3,4.3,1,1,1,1,1
932,3,4.7,0,0,0,0,0
933,3,4.1,0,0,0,0,0
934,3,4.8,0,0,0,0,1
935,3,4.0,1,1,1,1,1
936,3,4.2,1,1,1,1,1
937,3,4.2,0,0,0,0,0
938,3,4.6,1,1,1,1,1
939,3,4.1,0,0,0,0,0
940,3,4.1,0,0,0,0,0
941,3,4.7,0,0,0,0,0
942,3,4.6,0,0,0,1,0
943,3,4.3,0,1,0,1,1
944,3,4.5,0,0,0,0,0
945,3,3.8,0,0,0,0,0
946,3,4.1,0,0,0,0,0
947,3,4.4,0,1,0,0,1
948,3,3.3,0,0,0,0,1
949,3,4.3,0,0,0,1,0
950,3,4.4,0,0,0,0,0
951,3,4.5,1,1,1,1,1
952,3,4.3,0,0,0,0,0
953,3,5.0,0,0,0,0,0
954,3,5.0,0,0,0,0,0
955,3,4.3,0,0,0,0,0
956,3,4.3,0,0,0,0,0
957,3,5.0,1,1,1,1,1
958,3,4.7,0,0,0,0,0
959,3,4.5,0,0,0,0,0
960,3,4.5,0,0,0,0,1
961,3,4.6,0,0,0,0,0
962,3,3.8,0,0,0,0,0
963,3,4.3,0,0,0,0,1
964,3,3.8,1,1,1,1,1
965,3,4.8,0,0,0,0,0
966,3,5.0,0,0,0,0,0
967,3,4.7,1,1,1,1,1
968,3,3.9,0,0,0,0,0
969,3,2.8,1,1,1,1,1
970,3,4.6,0,0,0,0,0
971,3,4.3,1,1,1,1,1
972,3,4.5,1,1,1,1,1
973,3,4.4,0,0,0,0,0
974,3,5.0,0,0,0,0,0
975,3,3.4,0,0,0,0,0
976,3,3.0,1,1,1,1,1
977,3,4.9,0,0,0,0,0
978,3,4.3,0,0,0,1,0
979,3,4.3,0,0,0,0,0
980,3,4.2,1,1,1,1,1
981,3,4.0,0,0,0,0,0
982,3,3.9,0,0,0,0,0
983,3,4.3,0,0,0,0,0
984,3,4.6,0,1,0,0,1
985,3,4.1,0,1,1,0,1
986,3,4.9,0,0,0,0,0
987,3,3.2,1,1,1,1,1
988,3,5.0,0,0,0,0,1
989,3,3.7,1,1,1,1,1
990,3,5.0,0,1,0,0,1
991,3,4.5,1,1,1,1,1
992,3,4.8,1,1,1,1,1
993,3,4.2,0,0,0,0,0
994,3,4.1,0,0,0,1,1
995,3,4.0,0,0,0,0,0
996,3,3.9,1,1,1,1,1
997,3,4.8,0,0,0,0,0
998,3,4.1,0,0,0,0,0
999,3,5.0,0,0,0,0,1
1000,3,4.3,0,0,0,0,0
1001,3,4.6,1,1,1,1,1
1002,3,4.4,1,1,1,1,1
1003,3,5.0,0,0,0,0,0
1004,3,4.0,0,0,0,0,0
1005,3,4.0,0,0,0,0,0
1006,3,4.4,0,0,0,0,0
1007,3,3.8,1,1,1,1,1
1008,3,3.8,0,0,0,0,0
1009,3,4.1,0,1,0,0,1
1010,3,4.3,0,0,0,0,0
1011,3,4.5,1,1,1,1,1
1012,3,4.5,1,1,1,1,1
1013,3,4.6,1,1,1,1,1
1014,3,4.6,0,0,0,0,0
1015,3,4.5,0,0,0,0,1
1016,3,0.0,0,0,0,0,0
1017,3,5.0,0,0,0,0,0
1018,3,4.2,0,0,0,0,0
1019,3,3.6,0,0,0,0,0
1020,3,3.8,0,0,0,0,0
1021,3,4.1,0,0,0,0,0
1022,3,3.3,0,0,0,0,0
1023,3,2.8,0,0,0,0,0
1024,3,4.6,0,0,0,1,1
1025,3,4.0,0,0,0,0,0
1026,3,3.9,0,0,0,0,0
1027,3,4.2,0,0,0,1,0
1028,3,4.1,0,0,0,0,0
1029,3,1.0,0,0,0,0,0
1030,3,3.8,0,0,0,0,0
1031,3,4.2,0,1,0,0,1
1032,3,3.3,0,0,0,0,0
1033,3,4.1,0,0,0,0,0
1034,3,4.1,0,0,0,0,0
1035,3,4.8,0,0,0,0,0
1036,3,4.3,1,1,1,1,1
1037,3,3.8,0,0,0,0,1
1038,3,3.4,0,0,0,0,0
1039,3,4.3,0,1,1,0,1
1040,3,4.3,0,0,0,0,0
1041,3,3.8,0,0,0,0,0
1042,3,4.0,0,0,0,0,1
1043,3,0.0,1,1,1,1,1
1044,3,3.4,0,0,0,1,0
1045,3,4.9,1,1,1,1,1
1046,3,4.5,0,0,0,0,0
1047,3,4.2,0,0,0,0,0
1048,3,4.3,0,0,0,0,0
1049,3,4.2,0,0,0,1,0
1050,3,3.7,0,1,1,0,1
1051,3,4.5,0,0,0,0,0
1052,3,3.9,1,1,1,1,1
1053,3,4.2,0,0,0,0,0
1054,3,4.1,1,1,1,1,1
1055,3,4.3,1,1,1,1,1
1056,3,4.6,1,1,1,1,1
1057,3,3.8,0,0,0,0,1
1058,3,4.2,0,0,0,0,0
1059,3,4.0,1,1,1,1,1
1060,3,4.0,0,0,0,1,0
1061,3,4.3,1,0,0,1,0
1062,3,3.0,0,1,0,0,1
1063,3,2.9,0,0,0,0,0
1064,3,3.6,0,0,0,0,1
1065,3,5.0,0,0,0,0,0
1066,3,4.1,0,0,0,0,0
1067,3,4.3,0,0,0,0,0
1068,3,4.3,0,0,0,0,0
1069,3,4.4,1,1,1,1,1
1070,3,3.6,0,0,0,0,0
1071,3,3.8,0,0,0,0,0
1072,3,4.4,1,1,1,1,1
1073,3,3.8,0,0,0,1,1
1074,3,4.6,0,0,0,0,0
1075,3,3.9,0,0,0,0,0
1076,3,4.0,0,0,0,0,1
1077,3,4.6,1,1,1,1,1
1078,3,4.4,1,1,1,1,1
1079,3,4.2,0,0,0,0,0
1080,3,2.7,0,0,0,0,0
1081,3,3.6,0,0,0,0,0
1082,3,3.5,1,1,1,1,1
1083,3,3.8,0,0,0,0,0
1084,3,4.5,0,0,0,0,0
1085,3,0.0,0,0,0,0,1
1086,3,4.2,0,0,0,0,0
1087,3,3.7,0,0,0,0,0
1088,3,4.4,0,0,0,1,0
1089,3,3.9,0,1,0,0,1
1090,3,3.8,0,0,0,0,0
1091,3,2.7,0,0,0,0,0
1092,3,4.5,1,1,1,1,1
1093,4,3.6,1,1,1,1,1
1094,4,0.0,0,0,0,0,0
1095,4,4.3,0,0,0,0,0
1096,4,4.3,0,0,0,0,0
1097,4,4.2,0,0,0,0,0
1098,4,4.4,0,0,0,0,1
1099,4,4.0,0,0,0,0,0
1100,4,4.6,0,0,0,0,0
1101,4,4.1,1,1,1,1,1
1102,4,4.0,0,0,0,0,0
1103,4,4.0,0,0,0,0,0
1104,4,4.4,0,0,0,0,1
1105,4,3.9,0,0,0,0,0
1106,4,4.2,0,0,0,0,0
1107,4,4.5,0,0,0,0,0
1108,4,3.7,0,0,0,0,0
1109,4,4.3,0,0,0,0,0
1110,4,3.8,0,0,0,0,0
1111,4,3.8,0,0,0,0,0
1112,4,3.6,0,0,0,0,0
1113,4,4.4,0,0,0,0,0
1114,4,4.0,0,0,0,0,0
1115,4,3.9,0,0,0,0,0
1116,4,4.3,0,0,0,0,0
1117,4,4.0,0,0,0,0,0
1118,4,4.2,0,0,0,0,0
1119,4,4.2,1,1,1,1,1
1120,4,3.5,1,1,1,1,1
1121,4,4.2,1,1,1,1,1
1122,4,4.1,0,0,0,0,0
1123,4,4.1,0,0,0,0,0
1124,4,3.2,0,0,0,0,1
1125,4,3.8,0,0,0,0,0
1126,4,4.2,0,0,0,0,0
1127,4,4.1,0,0,0,0,0
1128,4,4.6,0,0,0,0,1
1129,4,3.9,0,0,0,0,0
1130,4,4.0,0,0,0,0,0
1131,4,4.0,1,1,1,1,1
1132,4,4.1,0,0,0,0,0
1133,4,3.7,0,0,0,0,0
1134,4,4.2,1,1,1,1,1
1135,4,4.0,0,0,0,0,0
1136,4,4.4,0,0,0,0,0
1137,4,3.7,0,0,0,0,0
1138,4,3.9,0,0,0,0,0
1139,4,4.1,0,0,0,0,0
1140,4,3.5,0,0,0,0,0
1141,4,4.3,0,0,0,0,0
1142,4,4.1,1,1,1,1,1
1143,4,4.6,0,0,0,0,0
1144,4,4.0,0,0,0,0,0
1145,4,4.2,0,0,0,0,0
1146,4,3.8,0,0,0,0,0
1147,4,4.3,1,1,1,1,1
1148,4,4.1,1,1,1,1,1
1149,4,4.0,0,0,0,0,0
1150,4,4.1,1,1,1,1,1
1151,4,3.3,0,0,0,0,0
1152,4,3.9,0,0,0,0,0
1153,4,4.2,0,0,0,0,0
1154,4,4.0,0,0,0,0,0
1155,4,3.9,0,0,0,0,0
1156,4,3.9,0,0,0,0,0
1157,4,4.1,0,0,0,1,0
1158,4,4.2,0,0,0,0,0
1159,4,3.6,1,1,1,1,1
1160,4,4.4,0,0,0,0,0
1161,4,4.5,0,0,0,0,0
1162,4,3.0,1,1,1,1,1
1163,4,3.9,1,1,1,1,1
1164,4,3.8,0,0,0,1,1
1165,4,3.3,0,0,0,0,0
1166,4,4.4,0,0,0,0,0
1167,4,5.0,0,0,0,0,0
1168,4,4.5,0,1,0,1,1
1169,4,4.0,1,1,1,1,1
1170,4,4.3,0,0,0,1,1
1171,4,3.8,1,1,1,1,1
1172,4,3.9,0,0,0,0,0
1173,4,3.8,0,0,0,0,0
1174,4,4.3,1,1,1,1,1
1175,4,3.9,0,0,0,0,0
1176,4,3.7,0,0,0,0,1
1177,4,3.5,1,1,1,1,1
1178,4,4.2,0,0,0,0,0
1179,4,4.3,1,0,1,1,1
1180,4,4.1,1,1,1,1,1
1181,4,5.0,0,0,0,0,1
1182,4,3.7,1,1,1,1,1
1183,4,3.8,1,1,1,1,1
1184,4,4.0,0,0,0,0,0
1185,4,5.0,0,0,0,0,1
1186,4,4.2,1,1,1,1,1
1187,4,3.4,0,0,0,0,0
1188,4,3.7,0,0,0,0,0
1189,4,3.9,0,0,0,0,0
1190,4,4.5,0,0,0,0,0
1191,4,3.0,0,0,0,0,0
1192,4,4.6,1,0,1,1,1
1193,4,3.5,1,1,1,1,1
1194,4,4.4,1,1,1,1,1
1195,4,3.9,0,0,0,0,0
1196,4,3.7,1,1,1,1,1
1197,4,3.8,1,1,1,1,1
1198,4,2.8,0,0,0,0,0
1199,4,4.0,0,0,0,0,0
1200,4,3.5,1,1,1,1,1
1201,4,4.0,1,1,1,1,1
1202,4,3.6,1,1,1,1,1
1203,4,3.9,0,0,0,0,0
1204,4,3.5,1,1,1,1,1
1205,4,3.7,1,1,1,1,1
1206,4,3.5,0,0,0,0,0
1207,4,3.5,0,0,0,0,1
1208,4,3.8,1,1,1,1,1
1209,4,4.0,1,1,1,1,1
1210,4,4.1,1,1,1,1,1
1211,4,4.0,1,1,1,1,1
1212,4,4.3,0,0,0,0,0
1213,4,3.8,1,1,1,1,1
1214,4,3.7,1,1,1,1,1
1215,4,3.9,0,0,0,0,0
1216,4,3.3,1,1,1,1,1
1217,4,3.9,0,0,0,0,0
1218,4,4.2,1,1,1,1,1
1219,4,5.0,0,0,0,0,1
1220,4,4.2,1,1,1,1,1
1221,4,3.6,1,1,1,1,1
1222,4,4.3,1,1,1,1,1
1223,4,3.8,1,1,1,1,1
1224,4,3.3,1,1,1,1,1
1225,4,4.0,0,0,0,0,0
1226,4,3.6,1,1,1,1,1
1227,4,0.0,1,1,1,1,1
1228,4,4.0,0,0,0,0,0
1229,4,3.8,0,0,0,0,0
1230,4,4.2,0,0,0,0,0
1231,4,3.8,0,0,0,0,0
1232,4,3.4,0,0,0,0,0
1233,4,3.0,0,0,0,0,1
1234,4,3.8,1,1,1,1,1
1235,4,3.4,1,1,1,1,1
1236,4,3.9,0,0,0,0,1
1237,4,3.7,0,0,0,0,0
1238,4,3.3,1,1,1,1,1
1239,4,3.9,0,0,0,0,0
1240,4,3.9,1,1,1,1,1
1241,4,4.1,1,1,1,1,1
1242,4,3.7,0,0,0,0,0
1243,4,3.3,0,0,0,0,0
1244,4,3.5,0,0,0,0,0
1245,4,4.2,0,0,0,0,0
1246,4,3.8,1,0,0,1,0
1247,4,3.5,0,0,0,0,0
1248,4,4.0,1,1,1,1,1
1249,4,3.7,1,1,1,1,1
1250,4,4.0,0,0,0,0,0
1251,4,3.4,0,0,0,0,0
1252,4,0.0,0,0,0,0,0
1253,4,4.1,1,1,1,1,1
1254,4,5.0,0,0,0,0,0
1255,4,3.7,1,1,1,1,1
1256,4,3.6,1,1,1,1,1
1257,4,3.4,0,0,0,0,0
1258,4,3.8,0,0,0,0,0
1259,4,3.7,0,0,0,0,0
1260,4,3.1,0,0,0,0,1
1261,4,4.0,0,0,0,0,1
1262,4,3.7,0,0,0,0,0
1263,4,3.0,0,0,0,0,0
1264,4,3.0,1,0,0,1,0
1265,4,4.3,0,0,0,0,0
1266,4,3.6,0,0,0,0,0
1267,4,4.0,1,1,1,1,1
1268,4,3.6,0,0,0,0,0
1269,4,3.5,0,0,0,1,0
1270,4,3.5,0,0,0,0,1
1271,4,5.0,1,1,1,1,1
1272,4,3.9,0,0,0,0,0
1273,4,4.0,1,1,1,1,1
1274,4,4.2,0,0,0,0,1
1275,4,3.2,1,1,1,1,1
1276,4,3.0,0,0,0,0,0
1277,4,3.3,1,1,1,1,1
1278,4,3.3,0,0,0,0,0
1279,4,3.8,1,1,1,1,1
1280,4,1.8,0,0,0,0,0
1281,4,4.1,1,1,1,1,1
1282,4,3.8,0,0,0,0,0
1283,4,3.9,1,1,1,1,1
1284,4,3.4,1,1,1,1,1
1285,4,3.0,0,0,0,1,1
1286,4,4.0,0,0,0,0,0
1287,4,3.5,1,1,1,1,1
1288,4,3.0,1,1,1,1,1
1289,4,3.5,0,0,0,0,0
1290,4,3.3,0,0,0,0,0
1291,4,3.7,0,0,0,0,0
1292,4,3.9,1,1,1,1,1
1293,4,3.7,0,0,0,0,1
1294,4,5.0,0,0,0,0,0
1295,4,4.1,1,1,1,1,1
1296,4,3.1,0,0,0,0,0
1297,4,3.5,1,1,1,1,1
1298,4,0.0,1,1,1,1,1
1299,4,4.0,1,1,1,1,1
1300,4,3.8,1,1,1,1,1
1301,4,3.7,1,1,1,1,1
1302,5,4.4,1,1,1,1,1
1303,5,4.3,1,1,1,1,1
1304,5,4.5,0,1,0,0,1
1305,5,4.4,1,1,1,1,1
1306,5,4.5,0,0,0,0,1
1307,5,4.4,1,1,1,1,1
1308,5,4.5,0,0,0,0,0
1309,5,3.7,0,0,0,0,0
1310,5,4.3,0,0,0,0,1
1311,5,4.4,0,0,0,0,0
1312,5,4.4,1,1,1,1,1
1313,5,4.6,0,0,0,0,0
1314,5,4.7,0,0,0,1,0
1315,5,3.3,0,0,0,0,0
1316,5,3.6,0,0,0,0,0
1317,5,4.1,1,1,1,1,1
1318,5,4.3,1,1,1,1,1
1319,5,3.9,1,1,1,1,1
1320,5,3.7,0,0,0,0,0
1321,5,4.1,1,1,1,1,1
1322,5,4.1,1,1,1,1,1
1323,5,4.0,1,1,1,1,1
1324,5,4.6,0,0,0,0,0
1325,5,4.6,0,0,0,0,0
1326,5,4.1,1,1,1,1,1
1327,5,4.2,0,0,0,1,0
1328,5,4.1,1,1,1,1,1
1329,5,4.6,0,0,0,0,0
1330,5,4.1,0,0,0,0,1
1331,5,4.1,0,0,0,0,0
1332,5,3.8,1,1,1,1,1
1333,5,4.1,0,1,0,0,0
1334,5,4.3,0,0,0,0,1
1335,5,4.2,1,1,1,1,1
1336,5,3.8,0,0,0,0,0
1337,5,3.8,1,1,1,1,1
1338,5,3.5,1,1,1,1,1
1339,5,4.2,1,1,1,1,1
1340,5,5.0,0,0,0,0,0
1341,5,4.6,0,1,0,0,0
1342,5,4.1,0,0,0,0,1
1343,5,3.8,0,0,0,1,0
1344,5,4.0,1,1,1,1,1
1345,5,3.3,0,0,0,0,1
1346,5,4.2,1,1,1,1,1
1347,5,4.2,0,0,0,0,0
1348,5,4.3,1,1,1,1,1
1349,5,3.9,1,1,1,1,1
1350,5,4.2,0,0,0,0,0
1351,5,3.8,1,1,1,1,1
1352,5,4.1,0,0,0,0,0
1353,5,4.2,0,0,0,0,0
1354,5,3.7,0,0,0,0,0
1355,5,4.1,1,1,1,1,1
1356,5,4.2,1,1,1,1,1
1357,5,3.6,0,0,0,0,0
1358,5,3.5,0,0,0,0,0
1359,5,4.4,0,1,0,0,0
1360,5,3.5,0,0,0,0,0
1361,5,4.7,1,1,1,1,1
1362,5,3.7,0,0,0,0,0
1363,5,4.2,0,1,0,0,0
1364,5,4.2,1,1,1,1,1
1365,5,5.0,0,0,0,0,0
1366,5,4.3,0,0,0,0,0
1367,5,3.4,0,0,0,0,0
1368,5,3.7,0,0,0,0,0
1369,5,4.3,1,1,1,1,1
1370,5,4.0,1,1,1,1,1
1371,5,4.2,0,0,1,1,0
1372,5,4.1,0,0,0,0,0
1373,5,4.0,0,0,0,0,0
1374,5,3.5,0,0,0,0,1
1375,5,4.2,1,1,1,1,1
1376,5,4.5,0,0,0,0,0
1377,5,3.7,0,0,0,0,0
1378,5,4.8,0,0,0,0,0
1379,5,4.1,0,0,0,1,1
1380,5,4.4,1,1,1,1,1
1381,5,4.0,0,0,0,0,0
1382,5,4.6,1,1,1,1,1
1383,5,4.2,0,0,0,0,0
1384,5,3.7,0,0,0,0,0
1385,5,4.1,1,1,1,1,1
1386,5,3.9,0,0,0,1,0
1387,5,4.1,0,0,0,1,0
1388,5,4.1,1,1,1,1,1
1389,5,3.7,1,1,1,1,1
1390,5,4.7,1,1,1,1,1
1391,5,4.3,1,1,1,1,1
1392,5,3.4,0,1,0,0,1
1393,5,4.3,0,0,0,0,1
1394,5,4.1,1,1,1,1,1
1395,5,3.4,1,1,1,1,1
1396,5,4.1,1,1,1,1,1
1397,5,3.8,1,1,1,1,1
1398,5,3.8,0,0,0,0,0
1399,5,4.5,1,1,1,1,1
1400,5,4.3,0,0,0,1,0
1401,5,4.1,1,1,1,1,1
1402,5,3.7,0,0,0,0,1
1403,5,4.4,1,1,1,1,1
1404,5,4.8,1,1,1,1,1
1405,5,4.2,1,1,1,1,1
1406,5,3.8,1,1,1,1,1
1407,5,4.4,0,0,0,1,0
1408,5,4.4,1,1,1,1,1
1409,5,5.0,0,0,0,0,0
1410,5,0.0,0,0,0,0,0
1411,5,3.9,1,1,1,1,1
1412,5,4.4,0,0,0,0,0
1413,5,4.6,0,0,0,0,0
1414,5,4.6,1,1,1,1,1
1415,5,3.9,0,0,0,0,0
1416,5,3.7,1,1,1,0,0
1417,5,4.2,1,0,1,1,1
1418,5,4.6,1,1,1,1,1
1419,5,4.1,0,0,0,0,0
1420,5,3.2,0,0,0,0,1
1421,5,4.1,1,1,1,1,1
1422,5,4.4,0,0,0,0,0
1423,5,4.2,1,1,1,1,1
1424,5,4.0,1,1,1,1,1
1425,5,4.2,1,1,1,1,1
1426,5,4.3,1,1,1,1,1
1427,5,3.7,1,1,1,1,1
1428,5,4.0,0,0,0,0,0
1429,5,4.1,0,1,0,0,0
1430,5,4.6,0,0,0,0,0
1431,5,4.0,1,1,1,1,1
1432,5,4.1,0,0,0,0,0
1433,5,4.1,1,1,1,1,1
1434,5,4.8,0,0,0,0,0
1435,5,3.6,0,1,0,1,0
1436,5,4.4,0,0,0,0,0
1437,5,3.6,0,0,0,0,1
1438,5,3.8,1,1,1,1,1
1439,5,4.5,0,0,0,1,0
1440,5,3.7,1,1,1,1,1
1441,5,4.8,0,0,0,0,0
1442,5,4.2,0,0,0,0,0
1443,5,4.1,1,1,1,1,1
1444,5,3.8,0,0,0,0,0
1445,5,4.9,0,0,0,1,1
1446,5,3.3,0,0,0,0,0
1447,5,3.7,0,0,0,0,0
1448,5,3.3,0,0,0,0,0
1449,5,4.7,1,1,1,1,1
1450,5,4.5,0,0,0,0,0
1451,5,3.9,0,0,0,0,1
1452,5,4.3,1,1,1,1,1
1453,5,4.4,0,0,0,0,1
1454,5,3.0,0,0,0,0,0
1455,5,3.1,0,0,0,0,0
1456,5,4.2,0,0,0,0,0
1457,5,3.9,0,0,0,0,0
1458,5,5.0,0,0,0,0,0
1459,5,4.7,0,0,0,0,1
1460,5,4.8,0,0,0,0,1
1461,5,3.7,1,1,1,1,1
1462,5,4.8,1,1,1,1,1
1463,5,4.2,1,1,1,1,1
1464,5,4.1,0,0,0,0,0
1465,5,4.1,1,1,1,1,1
1466,5,3.9,1,1,1,1,1
1467,5,3.9,0,0,0,0,0
1468,5,3.6,1,1,1,1,1
1469,5,3.5,1,1,1,1,1
1470,5,1.0,1,1,1,1,1
1471,5,0.0,0,0,0,0,0
