,timestamp,job_number,grain_screened,ink_color,proof_on_ctd_ink,blade_mfg,cylinder_division,paper_type,ink_type,direct_steam,solvent_type,type_on_cylinder,press_type,press,unit_number,cylinder_size,paper_mill_location,plating_tank,caliper,roughness,ESA_Voltage,ESA_Amperage,roller_durometer,current_density,chrome_content,target
0,19910108,25503,0,0,0,0,0,0,0,0,0,0,0,821,2,0,0,0,0,0,0,0,0,0,0,0
1,19910109,25503,0,0,0,0,0,0,0,0,0,0,0,821,2,0,0,1,1,0,0,0,0,0,0,1
2,19910104,47201,0,0,0,0,0,0,1,0,0,0,1,815,9,1,0,1,2,1,0,0,1,0,0,1
3,19910104,39039,0,0,0,0,0,0,0,0,0,0,1,816,9,1,0,2,1,2,0,0,1,0,0,1
4,19910111,37351,1,0,0,0,0,0,1,0,0,0,1,816,2,0,1,2,1,0,1,0,2,0,0,1
5,19910104,38039,0,0,0,0,0,0,0,0,0,0,1,816,2,1,0,2,3,3,1,0,1,0,0,1
6,19910111,35751,1,0,0,0,0,1,1,0,0,0,0,827,2,0,2,0,1,0,2,0,3,0,0,1
7,19910111,35751,1,0,0,0,0,1,1,0,0,0,0,827,9,0,2,0,0,0,2,0,3,0,0,1
8,19910112,47201,0,0,0,0,0,0,0,0,1,0,2,802,7,1,0,2,4,0,3,0,1,0,0,0
9,19910114,37000,0,0,0,0,0,0,0,0,0,0,1,815,2,1,0,0,5,4,0,0,4,0,0,1
10,19910114,37000,0,0,0,0,0,0,0,0,0,0,1,815,9,1,0,2,0,0,0,0,4,0,0,1
11,19910111,35539,0,0,0,0,0,0,0,0,0,0,0,821,2,0,0,0,4,0,0,0,4,0,0,0
12,19910117,35539,0,0,0,0,0,0,0,0,0,0,0,821,7,0,0,0,1,4,0,0,4,0,0,0
13,19910125,23052,0,0,0,0,0,0,0,0,0,0,0,821,7,0,0,0,1,5,0,0,1,0,0,0
14,19910117,35539,0,0,0,0,0,0,0,0,0,0,0,821,2,0,0,0,3,4,0,0,4,0,0,1
15,19910103,47201,2,0,0,0,0,1,1,0,0,1,3,813,9,1,0,0,6,4,0,0,1,0,0,0
16,19910129,38064,1,0,0,0,0,1,1,0,0,1,3,813,5,1,2,0,0,1,0,0,5,0,0,1
17,19910129,38064,1,0,0,0,0,1,1,0,0,1,3,813,1,1,2,0,0,1,0,0,5,0,0,1
18,19910123,35521,0,0,0,0,0,0,0,0,0,0,3,813,5,1,2,2,3,0,0,0,6,0,0,1
19,19910123,35521,0,0,0,0,0,0,0,0,0,0,3,813,1,1,2,0,5,0,0,0,6,0,0,1
20,19910130,37571,1,0,0,0,0,1,1,0,2,1,0,824,2,0,2,0,6,6,0,0,3,0,0,1
21,19910130,35751,1,0,0,0,0,1,1,0,2,0,0,824,9,0,2,0,0,6,0,0,3,0,0,1
22,19910117,37340,1,0,0,0,0,1,1,0,0,0,0,824,2,0,2,0,0,6,4,0,3,0,0,1
23,19910127,35816,1,0,0,0,0,1,1,0,0,0,0,827,2,2,2,0,0,4,0,0,3,0,0,0
24,19910131,37352,1,0,0,0,0,1,1,0,0,0,0,827,9,0,3,0,0,4,0,0,2,0,0,0
25,19910201,37352,1,0,0,0,0,1,1,0,0,0,0,827,9,0,3,0,0,4,0,0,2,0,0,0
26,19910130,37352,1,0,0,0,0,0,1,0,0,0,0,827,9,0,3,0,1,4,0,0,2,0,0,1
27,19910130,37352,1,0,0,0,0,0,1,0,0,0,0,827,2,0,3,0,1,4,0,0,2,0,0,1
28,19910201,37080,1,0,0,0,0,1,1,0,0,1,0,828,2,0,2,0,7,0,0,0,3,0,0,0
29,19910118,37157,1,0,0,0,0,1,1,0,0,1,0,828,2,0,2,2,6,0,0,0,5,0,0,0
30,19910206,37352,1,0,0,0,0,0,1,0,0,0,1,815,2,0,0,0,0,0,0,0,2,0,0,1
31,19910206,37352,1,0,0,0,0,0,1,0,0,0,1,815,9,0,0,0,0,0,0,0,2,0,0,1
32,19910206,25507,0,0,0,0,0,0,0,0,0,0,0,821,2,0,1,0,3,5,0,0,0,0,0,1
33,19910206,25507,0,0,0,0,0,0,0,0,0,0,0,821,7,0,1,2,0,5,5,0,0,0,0,1
34,19910208,37080,1,0,0,0,0,1,1,0,0,1,0,828,2,0,1,0,5,0,4,0,3,0,0,0
35,19910211,27490,1,0,0,0,0,1,1,0,0,0,3,813,1,1,1,0,0,7,0,0,0,0,0,1
36,19910215,35811,1,0,0,0,0,1,1,0,0,0,1,815,2,2,2,2,7,5,0,0,3,0,0,0
37,19910113,35334,0,0,0,0,0,0,0,0,0,0,1,816,2,0,1,0,3,4,5,0,1,0,0,1
38,19910213,35334,0,0,0,0,0,0,0,0,0,0,1,816,9,0,0,0,0,4,4,0,1,0,0,1
39,19910212,37869,1,0,0,0,0,0,1,0,0,0,1,815,9,1,0,0,1,0,0,0,7,0,0,1
40,19910212,37869,1,0,0,0,0,0,1,0,0,0,1,815,2,1,0,2,1,4,0,0,7,0,0,1
41,19910211,27490,1,0,0,0,0,1,1,0,0,0,3,813,1,1,0,0,0,7,0,0,0,0,0,1
42,19910214,35752,1,0,0,0,0,1,1,0,0,0,0,824,9,0,2,2,0,7,6,0,3,0,0,1
43,19910214,35752,1,0,0,0,0,1,1,0,0,0,0,824,2,0,2,2,1,6,6,0,3,0,0,1
44,19910214,35794,1,0,0,0,0,0,1,0,0,0,0,827,2,0,0,0,3,0,0,0,5,0,0,1
45,19910214,35794,1,0,0,0,0,0,1,0,0,0,0,827,9,0,0,0,6,0,0,0,5,0,0,1
46,19910213,35752,1,0,0,0,0,1,1,0,0,0,0,824,2,0,1,2,1,6,0,0,3,0,0,1
47,19910215,37441,1,0,0,0,0,1,1,0,0,0,0,821,2,0,2,0,0,5,0,0,3,0,0,1
48,19910215,37441,1,0,0,0,0,1,1,0,0,0,0,821,7,0,2,0,6,5,1,0,3,0,0,1
49,19910221,37354,1,0,0,0,0,0,0,0,0,0,1,816,9,0,3,0,5,8,0,0,2,0,0,1
50,19910223,35335,0,0,0,0,0,0,0,0,0,0,0,827,2,0,0,0,5,0,0,0,8,0,0,0
51,19910223,37335,0,0,0,0,0,0,0,0,0,0,0,827,2,0,0,0,6,0,4,0,8,0,0,0
52,19910220,35870,1,0,1,0,0,1,1,0,0,1,0,824,2,0,2,2,0,0,0,0,5,0,0,1
53,19910220,35870,1,0,1,0,0,1,1,0,0,1,0,824,9,0,2,0,3,7,0,0,5,0,0,1
54,19910216,35811,1,0,0,0,0,1,1,0,0,0,1,815,9,2,2,0,6,5,0,0,3,0,0,1
55,19910213,35752,1,0,0,0,0,1,1,0,0,0,0,824,9,0,2,2,0,1,0,0,3,0,0,1
56,19910215,37869,1,0,0,0,0,0,1,0,0,0,2,802,7,1,0,0,8,0,0,0,7,0,0,1
57,19910215,37869,1,0,0,0,0,0,1,0,0,0,2,802,2,1,0,0,2,0,0,0,7,0,0,1
58,19910220,25509,0,0,0,0,0,0,0,0,0,0,0,821,7,0,0,0,0,5,5,0,7,0,0,0
59,19910304,37386,0,0,0,0,0,0,0,0,0,0,0,827,2,0,4,2,5,7,7,0,1,0,0,0
60,19910303,37386,0,0,0,0,0,0,0,0,0,1,0,827,9,0,4,1,9,0,8,0,1,0,0,0
61,19910301,37386,0,0,0,0,0,0,0,0,0,0,0,827,2,0,4,2,6,0,0,0,1,0,0,1
62,19910301,37386,0,0,0,0,0,0,0,0,0,0,0,827,9,0,4,2,0,0,0,0,1,0,0,1
63,19910309,37386,2,0,0,0,0,0,0,0,0,0,0,827,2,0,4,0,3,0,0,0,1,0,0,0
64,19910306,37386,2,0,0,0,0,0,0,0,0,0,0,827,2,0,4,2,6,0,0,0,1,0,0,0
65,19910311,27386,2,0,0,0,0,0,0,0,0,1,0,827,2,0,4,0,3,4,0,0,1,0,0,0
66,19910311,37386,0,0,0,0,0,0,0,0,0,0,0,824,9,0,4,0,9,9,4,0,1,0,0,0
67,19910227,37254,1,0,0,0,0,0,1,0,0,0,0,821,7,0,1,0,1,5,4,0,2,0,0,1
68,19910302,35457,1,0,0,0,0,1,1,0,0,0,0,828,9,0,2,2,0,4,4,0,3,0,0,1
69,19910307,47202,1,0,0,0,0,1,0,0,0,0,3,813,9,1,0,2,1,4,0,0,1,0,0,1
70,19910308,47202,1,0,0,0,0,0,0,0,1,0,2,802,2,1,0,2,5,0,0,1,1,0,0,1
71,19910307,47202,1,0,0,0,0,0,0,0,0,0,1,816,2,1,0,2,0,8,2,0,1,0,0,1
72,19910310,37163,1,0,0,0,0,1,1,0,0,0,0,821,2,0,2,2,3,5,0,0,5,0,0,1
73,19910227,37354,1,0,0,0,0,0,1,0,0,0,0,821,2,0,1,0,0,5,0,0,2,0,0,1
74,19910307,47202,0,0,0,0,0,0,0,0,0,0,3,813,1,1,0,2,0,0,0,0,1,0,0,1
75,19910307,47202,1,0,0,0,0,1,0,0,0,0,3,813,10,1,0,2,0,4,0,0,1,0,0,1
76,19910307,47202,0,0,0,0,0,0,0,0,0,0,3,813,5,1,0,2,6,0,4,0,1,0,0,1
77,19910317,37355,1,0,0,0,0,0,1,0,0,0,1,816,9,0,1,2,9,0,5,0,2,0,0,0
78,19910314,47202,0,0,0,0,0,0,0,0,0,0,3,813,5,1,0,2,6,0,0,0,1,0,0,1
79,19910309,47202,0,0,0,0,0,0,0,0,0,0,3,813,9,1,0,2,3,8,0,0,1,0,0,1
80,19910316,37355,1,0,0,0,0,0,1,0,0,0,0,828,9,0,3,2,0,10,0,0,2,0,0,1
81,19910314,47202,0,0,0,0,0,0,0,0,0,0,3,813,1,1,0,1,0,0,0,0,1,0,0,1
82,19910318,37355,1,0,0,0,0,0,1,0,0,0,0,827,2,0,1,2,9,5,4,0,2,0,0,1
83,19910318,37355,1,0,0,0,0,0,1,0,0,0,0,827,9,0,1,2,9,5,4,0,2,0,0,1
84,19910319,35753,1,0,0,0,0,1,1,0,0,0,0,824,9,0,2,2,3,9,0,0,3,0,0,1
85,19910319,25513,0,0,0,0,0,0,0,0,0,0,0,821,7,0,0,0,7,5,5,0,0,0,0,0
86,19910322,38051,1,0,0,0,0,0,1,0,0,0,1,816,2,0,1,1,5,0,0,0,5,0,0,1
87,19910325,25514,0,0,0,0,0,0,0,0,0,1,0,821,7,0,1,2,3,5,0,0,0,0,0,0
88,19910320,25513,0,0,0,0,0,0,0,0,0,0,0,821,2,0,1,0,7,5,0,0,0,0,0,1
89,19910322,38051,1,0,0,0,0,0,1,0,0,0,1,816,9,0,1,2,0,0,0,0,5,0,0,1
90,19910323,37355,1,0,0,0,0,1,1,0,0,0,0,828,2,0,1,0,6,4,0,0,2,0,0,1
91,19910323,37355,1,0,0,0,0,1,1,0,0,0,0,828,9,0,1,0,6,10,0,0,2,0,0,1
92,19910402,25515,0,0,0,0,0,0,0,0,0,0,0,821,7,0,0,0,1,5,9,0,0,0,0,0
93,19910404,37081,1,0,1,0,0,1,1,0,0,0,0,828,1,0,2,0,0,7,0,0,3,0,0,0
94,19910330,35534,0,0,0,0,0,0,0,0,0,1,0,827,2,0,0,2,1,11,0,0,1,0,0,1
95,19910330,35534,0,0,0,0,0,0,0,0,0,1,0,827,9,0,0,2,1,11,0,0,1,0,0,1
96,19910405,35754,1,0,0,0,0,1,1,0,0,0,0,824,2,0,2,2,1,6,0,0,3,0,0,1
97,19910405,35754,1,0,0,0,0,1,1,0,0,0,0,824,9,0,2,2,3,9,0,0,3,0,0,1
98,19910327,37572,1,0,0,0,0,1,1,0,0,0,0,824,2,0,2,0,6,6,0,0,3,0,0,1
99,19910327,37572,1,0,0,0,0,1,1,0,0,0,0,824,9,0,2,0,6,9,0,0,3,0,0,1
100,19910402,35814,1,0,0,0,0,0,1,0,0,0,0,827,2,2,2,0,6,11,0,0,5,0,0,1
101,19910402,35814,1,0,0,0,0,0,1,0,0,0,0,827,9,2,2,0,6,11,0,0,5,0,0,1
102,19910406,37822,1,0,0,0,0,0,1,0,0,0,3,813,1,1,0,2,0,0,0,0,2,0,0,1
103,19910406,37822,1,0,0,0,0,0,1,0,0,0,3,813,5,1,0,2,6,0,0,0,2,0,0,1
104,19910511,35816,1,0,0,0,0,1,1,0,0,0,0,827,2,2,2,2,8,0,0,0,5,0,0,0
105,19910501,35458,1,0,0,0,0,1,1,0,0,1,1,816,2,0,2,2,6,4,10,0,3,0,0,0
106,19910502,47203,0,0,0,0,0,1,1,0,0,1,3,813,9,1,0,2,1,4,0,0,1,0,0,0
107,19910502,35816,1,0,0,0,0,1,1,0,0,0,1,815,2,2,2,2,2,0,8,0,5,0,0,0
108,19910503,35816,1,0,0,0,0,1,1,0,0,0,1,815,2,2,2,2,7,0,8,0,5,0,0,0
109,19910503,23055,0,0,0,0,0,0,2,0,0,0,0,821,7,0,1,2,8,5,0,0,1,0,0,0
110,19910507,25520,0,0,0,0,0,0,0,0,0,0,0,821,7,0,2,2,3,5,5,0,0,0,0,0
111,19910508,25520,0,0,0,0,0,0,0,0,0,0,0,821,7,0,0,2,3,0,5,0,0,0,0,0
112,19910517,35982,1,0,1,0,0,1,1,0,0,1,0,824,2,0,2,2,8,6,5,0,5,0,0,1
113,19910517,35872,1,0,1,0,0,1,1,0,0,0,0,824,9,0,2,2,5,9,0,0,5,0,0,1
114,19910505,47203,0,0,0,0,0,0,0,0,0,0,3,813,5,1,0,2,1,0,0,0,1,0,0,1
115,19910507,47203,0,0,0,0,0,0,0,0,0,1,2,802,7,1,0,2,6,5,8,0,1,0,0,1
116,19910507,47203,0,0,0,0,0,0,0,0,0,1,2,802,2,1,0,2,6,5,0,0,1,0,0,1
117,19910505,47203,0,0,0,0,0,0,0,0,0,0,3,813,1,1,0,2,3,0,0,0,1,0,0,1
118,19910409,37168,1,0,0,0,0,1,1,0,0,0,1,815,2,0,2,0,1,4,0,0,3,0,0,0
119,19910415,37333,1,0,0,0,0,1,1,0,0,0,1,815,2,0,2,0,3,12,0,0,5,0,0,0
120,19910416,25517,0,0,0,0,0,0,0,0,0,1,0,821,7,0,0,0,1,5,8,0,0,0,0,0
121,19910426,37333,1,0,0,0,0,1,1,0,0,1,1,815,2,0,2,2,1,0,0,0,5,0,0,0
122,19910426,37994,0,0,0,0,0,0,0,0,0,1,0,821,7,0,0,0,6,5,4,0,0,0,0,0
123,19910422,25513,0,0,0,0,0,0,0,0,0,1,0,821,7,0,0,2,0,5,0,0,0,0,0,0
124,19910426,47203,0,0,0,0,0,0,0,0,0,0,2,802,2,1,0,2,0,0,0,0,1,0,0,1
125,19910426,47203,0,0,0,0,0,0,0,0,0,0,2,802,7,1,0,2,0,0,10,0,1,0,0,1
126,19910428,35871,1,0,1,0,0,1,1,0,0,0,0,824,9,0,2,0,6,9,0,0,3,0,0,1
127,19910428,35871,1,0,1,0,0,1,1,0,0,0,0,824,2,0,2,0,0,6,9,0,3,0,0,1
128,19910419,37169,1,0,0,0,0,1,1,0,0,0,0,824,2,0,2,0,0,6,9,0,5,0,0,1
129,19910419,47169,1,0,0,0,0,1,1,0,0,0,0,824,9,0,2,0,6,9,9,0,5,0,0,1
130,19910415,32360,1,0,0,0,0,0,1,0,0,0,0,827,2,0,1,2,6,4,0,0,5,0,0,1
131,19910415,32360,1,0,0,0,0,0,1,0,0,0,0,827,9,0,1,0,6,0,0,0,5,0,0,1
132,19910409,37822,1,0,0,0,0,0,1,0,0,0,1,816,9,1,0,0,0,8,0,0,2,0,0,1
133,19910409,37822,1,0,0,0,0,0,2,0,0,0,1,816,2,1,0,0,0,8,0,0,2,0,0,1
134,19910426,37994,0,0,0,0,0,0,0,0,0,1,0,821,2,0,0,0,3,5,4,0,0,0,0,1
135,19910430,25519,0,0,0,0,0,0,0,0,0,1,0,821,7,0,0,2,8,5,4,0,0,0,0,0
136,19910423,35458,1,0,0,0,0,1,1,0,0,1,1,816,9,0,2,2,6,8,0,0,3,0,0,0
137,19910605,35460,1,0,0,0,0,1,1,0,0,0,0,824,2,0,2,2,5,6,5,0,3,0,0,1
138,19910604,37365,1,0,0,0,0,0,1,0,0,0,0,828,2,0,3,2,8,0,0,0,2,0,0,1
139,19910604,37365,1,0,0,0,0,0,1,0,0,0,0,828,9,0,3,2,9,0,0,0,2,0,0,1
140,19910605,35460,1,0,0,0,0,1,1,0,0,0,0,824,9,0,2,2,4,9,5,0,3,0,0,1
141,19910603,37365,1,0,0,0,0,0,1,0,0,1,0,827,2,0,2,0,5,0,0,0,1,0,0,1
142,19910603,37365,1,0,0,0,0,0,1,0,0,0,0,827,9,0,2,0,8,0,0,0,1,0,0,1
143,19910529,37338,1,0,0,0,0,1,1,0,0,0,0,824,2,0,2,0,8,6,0,0,2,0,0,1
144,19910524,37758,1,0,0,1,0,1,1,0,0,0,0,828,9,0,2,2,1,10,4,0,3,0,0,1
145,19910524,35758,1,0,0,0,0,1,1,0,0,0,0,828,2,0,2,2,3,10,4,0,3,0,0,1
146,19910430,35458,1,0,0,0,0,1,1,0,0,0,1,816,9,0,2,2,0,4,0,0,3,0,0,1
147,19910430,35458,1,0,0,0,0,1,1,0,0,0,1,816,2,0,2,2,6,0,10,0,3,0,0,1
148,19910531,47203,0,0,0,0,0,0,0,0,0,1,2,802,7,1,0,2,4,0,0,0,1,0,0,0
149,19910529,37338,1,0,0,0,0,1,1,0,0,1,0,824,9,0,2,0,8,9,0,0,2,0,0,1
150,19910524,37915,1,0,0,0,0,1,1,0,0,0,1,815,2,0,1,2,8,0,0,0,5,0,0,1
151,19910524,37915,1,0,0,0,0,1,1,0,0,0,1,815,9,0,1,0,8,0,0,0,5,0,0,1
152,19910528,47203,0,0,0,0,0,0,0,0,0,0,3,813,1,1,0,2,4,1,0,0,1,0,0,0
153,19910604,37305,1,0,0,0,0,0,1,0,0,0,1,815,9,0,3,0,8,7,8,0,2,0,0,0
154,19910610,37501,1,0,0,0,0,1,1,0,0,0,1,816,2,0,1,2,1,13,1,0,3,0,0,1
155,19910610,37501,1,0,0,0,0,1,1,0,0,0,1,816,9,0,1,1,4,2,0,0,3,0,0,1
156,19910611,37177,1,0,0,0,0,1,1,0,0,0,0,828,2,0,2,2,1,0,0,0,5,0,0,1
157,19910611,37177,1,0,0,0,0,1,1,0,0,0,0,828,9,0,2,2,10,0,0,0,5,0,0,1
158,19910614,37501,1,0,0,0,0,1,1,0,0,0,1,815,2,0,2,2,1,0,0,0,5,0,0,1
159,19910614,35759,1,0,0,0,0,1,1,0,0,0,0,827,2,0,2,2,3,0,0,0,3,0,0,1
160,19910614,37579,1,0,0,0,0,1,1,0,0,0,0,827,9,0,2,2,3,0,0,0,3,0,0,1
161,19910614,37501,1,0,0,0,0,1,1,0,0,1,1,815,9,0,2,2,0,0,0,0,5,0,0,1
162,19910627,37502,1,0,0,0,0,1,1,0,0,1,0,824,2,0,2,2,0,6,1,0,3,0,0,0
163,19910626,37938,0,0,0,0,0,0,0,0,0,1,1,816,9,1,0,2,1,0,4,0,0,0,0,0
164,19910622,35528,0,0,0,0,0,0,0,0,0,0,1,816,2,2,0,2,1,0,10,0,1,0,0,0
165,19910619,37199,1,0,0,0,0,0,1,0,0,0,0,824,9,0,2,2,0,9,0,0,3,0,0,0
166,19910618,37003,0,0,0,0,0,0,2,0,0,0,1,815,2,1,0,2,3,5,4,0,4,0,0,0
167,19910617,37990,0,0,0,0,0,0,0,0,0,0,3,813,1,1,0,2,6,4,0,0,0,0,0,0
168,19910609,37365,1,0,0,0,0,0,1,0,0,0,1,815,9,0,0,0,8,4,0,0,2,0,0,0
169,19910609,35460,1,0,0,0,0,1,1,0,0,1,0,824,2,0,2,2,7,6,0,0,3,0,0,0
170,19910607,37365,1,0,0,0,0,0,1,0,0,0,0,827,9,0,0,2,8,4,0,0,2,0,0,0
171,19910707,47204,0,0,0,0,0,1,1,0,0,0,3,813,9,1,0,2,6,4,0,0,1,0,0,0
172,19910707,47204,0,0,0,0,0,1,1,0,0,0,3,813,10,1,1,2,0,0,0,0,1,0,0,0
173,19910629,37938,0,0,0,0,0,0,0,0,0,0,1,816,2,1,2,2,0,13,0,0,0,0,0,0
174,19910706,37505,1,0,0,0,0,1,1,0,0,1,0,824,9,0,2,2,6,9,5,0,3,0,0,1
175,19910706,37505,1,0,0,0,0,1,1,0,0,1,0,824,2,0,2,2,0,6,10,0,3,0,0,1
176,19900514,47103,0,0,0,0,0,0,0,0,0,0,1,816,9,1,0,2,1,8,1,0,1,1,0,0
177,19900509,47103,0,0,0,0,0,0,0,0,1,0,1,816,9,1,0,2,1,13,0,0,1,1,0,0
178,19900511,47103,0,0,0,0,0,0,0,0,0,0,3,813,1,1,0,2,6,4,0,0,1,1,0,0
179,19900518,34402,0,0,0,0,0,0,0,0,1,0,1,815,9,1,0,0,11,7,0,0,8,0,0,0
180,19900414,34545,1,0,0,0,0,1,1,0,0,1,0,827,2,2,2,2,6,0,1,0,5,1,0,1
181,19900418,36053,1,0,0,0,0,1,1,0,0,0,1,815,9,0,2,2,6,0,0,0,3,2,0,1
182,19900418,36053,1,0,0,0,0,1,1,0,0,0,1,815,2,0,2,2,6,5,0,0,3,2,0,1
183,19900606,36859,0,0,0,0,0,0,0,0,0,0,2,802,7,1,0,0,3,5,0,0,9,0,0,1
184,19900606,36859,0,0,0,0,0,0,2,0,0,1,2,802,2,1,0,0,3,5,0,0,9,0,0,1
185,19900507,47103,1,0,0,0,0,1,1,0,0,0,3,813,9,1,0,2,6,4,0,0,1,1,0,1
186,19900409,34683,1,0,0,0,0,1,1,0,0,0,1,815,2,0,0,2,1,5,0,0,3,1,0,1
187,19900524,36648,1,0,0,0,0,0,1,0,0,0,1,815,1,1,2,0,1,5,0,0,2,0,0,0
188,19900425,34664,0,0,0,0,0,0,0,0,1,0,1,816,9,0,0,2,0,14,0,0,4,1,0,0
189,19900418,36858,0,0,0,0,0,0,0,0,0,0,3,813,5,1,0,2,4,4,0,2,1,2,0,0
190,19900409,25416,0,0,0,0,0,0,0,0,0,1,0,821,7,0,0,0,5,8,5,0,1,1,0,0
191,19900417,36858,0,0,0,0,0,0,0,0,0,0,2,802,2,1,0,2,3,0,0,0,1,1,0,0
192,19900606,34546,1,0,0,0,0,1,1,0,0,0,1,816,9,2,2,0,1,4,0,0,3,0,0,1
193,19900606,34546,1,0,0,0,0,1,1,0,0,0,1,816,2,2,2,0,3,1,0,0,3,0,0,1
194,19900517,36054,1,0,0,0,0,1,1,0,0,0,0,827,2,0,2,2,1,0,0,0,3,1,0,1
195,19900426,34545,1,0,0,0,0,0,1,0,0,1,0,827,9,0,2,2,1,4,0,0,6,1,0,1
196,19900426,34545,1,0,0,0,0,0,1,0,0,1,0,827,2,0,2,2,5,4,0,0,5,1,0,1
197,19900505,47103,0,0,0,0,0,0,0,0,0,1,2,802,7,1,0,2,0,0,0,0,1,1,0,0
198,19900507,47103,0,0,0,0,0,0,0,0,0,0,3,813,1,1,0,2,6,4,0,0,1,1,0,1
199,19900507,47103,1,0,0,0,0,1,1,0,0,0,3,813,10,1,0,2,3,4,0,0,1,1,0,1
200,19900507,47103,0,0,0,0,0,0,0,0,0,0,2,802,2,1,0,2,0,0,0,0,1,1,0,1
201,19900507,47103,0,0,0,0,0,0,0,0,0,0,3,813,5,1,0,2,0,4,0,0,1,3,0,1
202,19900510,47103,0,0,0,0,0,0,0,0,0,0,1,816,2,1,0,2,1,0,8,0,1,1,0,0
203,19900517,34752,1,0,1,0,0,1,1,1,0,0,0,824,9,0,2,2,5,1,1,0,3,1,0,1
204,19900517,34752,1,0,1,0,0,1,1,0,0,0,0,824,2,0,0,2,6,6,11,0,3,1,0,1
205,19900507,36928,1,0,0,0,0,1,1,0,0,0,1,815,9,1,2,2,6,0,0,0,3,1,0,1
206,19900507,36928,1,0,0,0,0,1,1,0,0,0,1,815,2,1,2,2,1,0,0,0,3,1,0,1
207,19900606,25424,0,0,0,0,0,0,0,0,0,1,0,821,7,0,0,0,5,1,10,0,1,0,0,1
208,19900603,36859,0,0,0,0,0,0,2,0,0,1,2,802,2,1,0,1,7,5,0,0,9,4,0,0
209,19900617,34093,0,0,0,0,0,0,2,0,0,1,0,821,7,0,0,2,2,0,0,0,4,2,0,0
210,19900602,36859,0,0,0,0,0,0,0,0,0,1,2,802,2,1,0,2,0,0,0,0,9,2,0,0
211,19900608,36649,1,0,0,0,0,1,1,0,0,2,3,813,6,1,3,0,5,1,0,0,2,0,0,1
212,19900608,36649,1,0,0,0,0,1,1,0,0,2,3,813,1,1,3,0,7,1,0,0,2,0,0,1
213,19900615,34547,1,0,0,0,0,1,1,0,0,0,1,815,9,2,2,2,2,5,11,0,3,2,0,1
214,19900615,34547,1,0,0,0,0,1,1,0,0,0,1,815,2,2,2,2,5,5,11,0,3,2,0,1
215,19900612,36894,1,0,0,0,0,1,1,0,0,0,0,824,2,0,2,2,1,6,0,0,3,2,0,1
216,19900612,36894,1,0,0,0,0,1,1,1,0,0,0,824,9,0,2,2,5,7,10,0,3,2,0,1
217,19900615,36057,1,0,0,0,0,1,1,0,0,0,0,827,9,0,2,2,12,0,2,0,3,2,0,1
218,19900615,36057,1,0,0,0,0,1,1,0,0,0,0,827,2,0,2,2,12,0,2,0,3,2,0,1
219,19900606,36024,0,0,0,0,0,1,0,0,0,1,1,815,9,0,2,2,2,0,0,0,5,2,0,1
220,19900606,36024,0,0,0,0,0,1,0,0,0,1,1,815,2,0,2,2,6,0,0,0,5,2,0,1
221,19900606,25424,0,0,0,0,0,0,0,0,1,0,0,821,2,0,0,1,7,1,0,0,1,4,0,1
222,19900614,34397,0,0,0,0,0,0,0,0,0,0,3,813,1,1,5,2,1,0,0,0,7,2,0,1
223,19900614,34397,0,0,0,0,0,0,0,0,0,0,3,813,6,1,5,2,1,0,0,0,7,2,0,1
224,19900621,36846,0,0,0,0,0,0,2,0,0,0,2,802,7,1,0,2,4,5,0,0,1,2,0,0
225,19900622,38025,0,0,0,0,0,0,0,0,0,1,1,815,9,1,0,2,5,0,0,0,0,2,0,1
226,19900622,38025,0,0,0,0,0,0,0,0,0,1,1,815,2,1,0,2,1,0,0,0,0,2,0,1
227,19900611,36874,2,0,0,0,0,1,1,0,0,0,1,815,9,1,2,1,7,1,0,0,5,4,0,1
228,19900611,37874,2,0,0,0,0,1,1,0,0,0,1,815,2,1,2,1,7,5,0,0,5,4,0,1
229,19900622,36911,0,0,0,0,0,0,2,0,0,1,3,813,6,1,0,2,8,0,0,0,1,2,0,0
230,19900626,25427,0,0,0,0,0,0,0,0,0,1,0,821,7,0,0,2,6,4,8,0,1,5,0,0
231,19900625,34092,0,0,0,0,0,0,0,0,0,0,1,815,2,1,1,2,5,5,8,0,4,5,0,0
232,19900622,36846,1,0,0,0,0,0,0,0,0,1,2,802,2,1,0,2,8,0,0,0,1,2,0,0
233,19900625,36058,1,0,0,0,0,1,1,0,0,2,0,824,6,0,2,0,1,7,0,0,3,6,0,1
234,19900625,34092,0,0,0,0,0,0,0,0,0,1,1,815,9,1,1,2,8,5,8,0,4,5,0,0
235,19900625,36058,1,0,0,0,0,1,1,0,0,2,0,824,2,0,2,0,5,6,0,0,3,6,0,1
236,19900702,34367,0,0,0,0,0,0,0,0,0,0,1,816,9,0,0,0,13,0,0,0,1,0,0,0
237,19900706,34583,1,0,0,0,0,1,1,0,0,0,0,827,9,0,2,0,0,0,0,0,5,0,0,1
238,19900705,25428,0,0,0,0,0,0,0,0,0,0,0,821,2,0,0,0,0,0,0,0,1,0,0,1
239,19900330,23040,0,0,0,0,0,0,0,0,0,1,0,821,7,0,1,1,5,5,0,0,1,4,0,0
240,19900707,36784,0,0,0,0,0,0,0,0,0,0,1,815,2,1,0,2,5,4,0,0,1,2,0,0
241,19900708,36784,0,0,0,0,0,0,0,0,0,1,1,815,2,1,0,2,4,0,10,0,1,2,0,0
242,19900710,47104,0,0,0,0,0,0,0,0,0,0,2,802,2,1,0,2,1,1,0,0,1,2,0,1
243,19900710,47104,0,0,0,0,0,0,0,0,0,0,2,802,7,1,0,0,2,1,0,0,1,0,0,1
244,19900710,36784,0,0,0,0,0,0,0,0,1,0,1,815,9,1,0,2,1,5,5,0,1,2,0,1
245,19900710,47104,0,0,0,0,0,0,0,0,1,0,3,813,5,1,0,0,5,0,0,2,1,0,0,1
246,19900710,47104,0,0,0,0,0,0,0,0,1,0,3,813,1,1,0,0,11,0,0,0,1,0,0,1
247,19900706,34583,1,0,0,0,0,1,1,0,0,0,0,827,2,0,2,0,0,0,0,0,5,0,0,0
248,19900710,34714,1,0,0,0,0,1,1,0,0,0,0,824,9,0,2,0,0,7,6,0,3,0,0,1
249,19900710,34714,1,0,0,0,0,1,1,0,0,0,0,824,2,0,2,2,5,6,6,0,3,2,0,1
250,19900710,47104,0,0,0,0,0,1,1,0,0,0,3,813,10,1,0,0,8,0,0,0,1,0,0,1
251,19900710,47104,0,0,0,0,0,1,1,0,0,0,3,813,9,1,0,0,8,0,0,0,1,0,0,1
252,19900726,36644,0,0,0,0,0,0,0,0,1,1,1,816,2,1,0,0,1,5,10,0,1,0,0,0
253,19900727,36644,0,0,0,0,0,0,0,0,0,1,2,802,2,1,0,2,1,5,0,0,1,2,0,1
254,19900726,36644,0,0,0,0,0,0,0,0,0,1,2,802,7,1,0,2,4,5,10,0,1,2,0,1
255,19900723,35683,0,0,0,0,0,0,0,0,0,1,2,802,7,1,0,0,1,0,5,0,6,0,0,1
256,19900723,35683,0,0,0,0,0,0,0,0,0,1,2,802,2,1,0,2,4,14,0,0,6,2,0,1
257,19900723,34685,1,0,0,0,0,1,1,0,0,0,0,828,2,0,2,0,3,4,12,0,3,0,0,1
258,19900723,34685,1,0,0,0,0,1,1,0,0,0,0,828,10,0,2,2,5,4,12,0,3,2,0,1
259,19900723,34894,1,0,0,0,0,1,1,0,0,1,0,821,2,0,2,2,8,0,0,0,3,2,0,1
260,19900723,34894,1,0,0,0,0,1,1,0,0,0,0,821,7,0,2,2,5,0,1,0,3,2,0,1
261,19900620,34547,1,0,0,0,0,1,1,0,0,2,0,827,2,2,2,2,3,4,11,0,3,2,0,1
262,19900620,34547,1,0,0,0,0,1,1,0,0,2,0,827,9,2,2,2,11,4,11,0,3,2,0,1
263,19900719,36066,1,0,0,0,0,1,1,0,0,0,0,827,9,0,2,0,0,0,0,0,3,0,0,1
264,19900719,36066,1,0,0,0,0,1,1,0,0,0,0,827,2,0,2,0,4,0,0,0,3,0,0,1
265,19900718,36066,1,0,0,0,0,1,1,0,0,0,0,824,9,0,2,2,0,6,0,0,5,2,0,1
266,19900806,34493,2,0,0,0,0,1,0,0,0,1,1,816,9,0,1,2,13,8,0,0,3,2,0,0
267,19900730,34896,1,0,0,0,0,1,1,0,0,0,0,828,2,0,0,2,8,7,9,0,5,2,0,1
268,19900730,34896,1,0,0,0,0,1,1,0,0,0,0,828,9,0,0,2,5,7,4,0,5,2,0,1
269,19900730,23050,0,0,0,0,0,0,0,0,0,0,1,816,2,1,0,2,4,8,1,0,6,2,0,1
270,19900727,36644,0,0,0,0,0,0,0,0,0,1,2,802,2,1,0,2,5,0,0,0,1,2,0,1
271,19900730,23050,0,0,0,0,0,0,0,0,0,0,1,816,9,1,0,2,1,8,0,0,6,2,0,1
272,19900727,36644,0,0,0,0,0,0,0,0,0,1,2,802,7,1,0,2,1,0,10,0,1,2,0,1
273,19900801,36882,1,0,0,0,0,1,1,0,0,0,1,816,2,0,2,2,1,4,5,0,3,2,0,1
274,19900811,36882,1,0,0,0,0,1,1,0,0,0,1,816,9,0,2,2,3,4,0,0,3,2,0,1
275,19900804,34483,1,0,0,0,0,1,0,0,0,0,1,816,2,0,1,2,11,8,0,0,3,2,0,0
276,19900805,34493,1,0,0,0,0,1,1,0,0,1,1,816,2,0,1,2,6,8,0,0,3,2,0,0
277,19900811,34493,2,0,0,0,0,1,0,0,0,1,1,816,9,0,0,2,5,13,0,0,3,2,0,1
278,19900811,34493,1,0,0,0,0,1,0,0,0,1,1,816,2,0,0,0,0,2,0,0,3,0,0,1
279,19900807,34585,1,0,0,1,0,1,1,0,0,0,0,828,2,0,2,2,0,4,4,0,5,2,0,1
280,19900807,34585,1,0,0,1,0,1,1,0,0,0,0,828,9,0,2,2,5,4,5,0,5,2,0,1
281,19900810,36776,0,0,0,0,0,0,0,0,1,0,2,802,7,1,0,2,0,0,0,0,1,7,0,1
282,19900810,36776,0,0,0,0,0,0,0,0,1,0,2,802,2,2,0,2,3,0,0,0,1,2,0,1
283,19900809,25433,0,0,0,0,0,0,0,0,0,0,0,821,7,0,0,2,0,0,5,0,1,2,0,1
284,19900813,38016,0,0,0,0,0,0,0,0,0,1,2,802,7,1,5,2,5,0,0,0,7,2,0,1
285,19900813,38016,0,0,0,0,0,0,0,0,0,1,2,802,2,1,5,2,6,0,0,0,7,2,0,1
286,19900812,34549,1,0,0,0,0,1,1,0,0,1,1,815,2,2,2,0,3,0,0,0,5,0,0,1
287,19900812,34175,1,0,0,0,0,1,1,0,0,1,0,821,7,0,1,2,6,0,4,0,2,2,0,1
288,19900813,34493,1,0,0,0,0,1,1,0,0,0,0,824,9,0,1,2,11,6,0,0,3,2,0,1
289,19900812,34175,1,0,0,0,0,1,1,0,0,0,0,821,2,0,1,2,5,0,0,0,2,2,0,1
290,19900813,34493,1,0,0,0,0,1,1,0,0,0,0,824,2,0,1,2,13,6,0,0,3,2,0,1
291,19900814,34549,1,0,0,0,0,1,1,0,0,0,1,816,9,2,2,2,13,8,0,0,5,2,0,1
292,19900812,34549,1,0,0,0,0,1,1,0,0,0,1,815,9,2,2,2,4,0,0,0,5,2,0,1
293,19900819,38016,0,0,0,0,0,0,0,0,0,0,3,813,1,1,1,2,1,0,0,0,7,2,0,1
294,19900819,38016,0,0,0,0,0,0,0,0,0,0,3,813,5,1,1,0,6,0,0,0,7,0,0,1
295,19900818,34154,0,0,0,0,0,0,0,0,0,1,0,828,2,0,1,2,5,4,0,0,1,2,0,1
296,19900818,34154,0,0,0,0,0,0,0,0,0,1,0,828,10,0,2,2,4,4,0,3,1,2,0,1
297,19900820,34585,1,0,0,0,0,1,1,0,0,0,0,828,2,0,2,2,4,4,0,0,5,0,0,1
298,19900820,34585,1,0,0,0,0,1,1,0,0,0,0,828,10,0,2,2,7,4,0,0,5,0,0,1
299,19900830,38061,0,0,0,0,0,0,0,0,1,2,1,815,1,2,0,0,4,0,0,0,0,3,0,0
300,19900831,25437,0,0,0,0,0,0,0,0,0,1,0,821,7,0,0,0,5,5,10,0,0,3,0,1
301,19900831,25437,0,0,0,0,0,0,0,0,0,1,0,821,2,0,0,0,3,0,0,0,0,3,0,1
302,19900825,38013,1,0,0,0,0,0,1,0,0,0,0,824,2,0,1,2,14,6,0,0,3,7,0,1
303,19900825,38013,1,0,0,0,0,0,1,0,0,0,0,824,9,0,1,2,1,0,0,0,3,7,0,1
304,19900824,34399,0,0,0,0,0,0,0,0,0,0,3,813,1,1,0,0,1,1,0,0,10,3,0,1
305,19900824,34399,0,0,0,0,0,0,0,0,0,0,3,813,5,1,0,2,1,1,5,0,10,7,0,1
306,19900821,34066,0,0,0,0,0,0,0,0,0,1,2,802,7,1,2,2,5,5,4,0,1,7,0,1
307,19900821,34066,0,0,0,0,0,0,0,0,0,0,2,802,2,1,2,2,2,1,0,0,1,7,0,1
308,19900921,34551,1,0,0,0,0,1,1,0,0,0,1,815,1,2,2,2,4,4,0,0,3,0,1,0
309,19900921,34551,1,0,0,0,0,1,1,0,0,1,1,815,1,2,2,2,3,4,0,0,3,0,1,0
310,19900920,34749,1,0,0,0,0,1,1,0,0,1,1,816,2,0,2,1,7,8,0,0,3,4,2,0
311,19900913,34551,1,0,0,0,0,1,1,0,0,1,1,815,1,2,2,2,0,0,0,0,3,0,1,0
312,19900909,47103,0,0,0,0,0,0,0,0,0,1,2,802,7,1,0,0,6,0,5,0,1,0,0,1
313,19900909,47105,0,0,0,0,0,0,0,0,0,1,1,816,2,1,0,2,3,14,1,0,1,0,0,1
314,19900909,47103,0,0,0,0,0,0,0,0,0,1,2,802,2,1,0,2,1,0,0,0,1,0,0,1
315,19900909,47105,0,0,0,2,0,0,0,0,0,1,1,816,9,1,0,2,3,13,5,0,1,0,0,1
316,19900910,47105,0,0,0,0,0,0,0,0,0,0,3,813,5,1,0,0,4,1,0,0,1,2,0,1
317,19900910,47105,0,0,0,0,0,0,0,0,0,0,3,813,1,1,0,0,4,1,0,0,1,2,0,1
318,19900910,47105,0,0,0,0,0,1,1,0,0,0,3,813,10,1,0,0,6,1,0,0,1,2,0,1
319,19900910,47105,0,0,0,0,0,1,1,0,0,0,3,813,9,1,0,2,0,1,0,0,1,0,0,1
320,19900915,47105,0,0,0,0,0,0,0,0,0,0,1,816,9,1,0,2,3,13,0,0,1,0,0,1
321,19900915,47105,0,0,0,0,0,0,0,0,0,0,1,816,2,1,0,2,3,14,1,0,1,0,0,1
322,19900924,34551,1,0,0,0,0,1,1,0,0,1,1,815,1,2,2,2,3,5,8,0,3,0,1,0
323,19901002,36197,1,0,0,0,0,0,1,0,0,1,1,815,1,0,0,2,15,5,0,0,2,0,1,0
324,19901002,36197,1,0,0,0,0,0,1,0,0,0,1,815,1,0,0,2,4,8,0,0,2,0,1,0
325,19901003,25441,0,0,0,0,0,0,0,0,0,1,0,821,7,0,0,2,3,4,13,0,0,0,1,0
326,19901002,36197,1,0,0,0,0,0,0,0,0,0,1,816,2,0,5,0,0,13,0,0,2,0,1,0
327,19901001,34754,1,0,1,0,0,1,1,0,0,0,0,824,2,0,2,2,0,6,5,0,3,0,1,1
328,19901001,34754,1,0,1,0,0,1,1,0,0,1,0,824,9,0,2,2,0,7,0,0,3,0,1,1
329,19900926,36578,1,0,0,0,0,1,1,0,0,1,0,827,9,0,5,0,6,0,4,0,5,0,1,1
330,19900926,36578,1,0,0,0,0,1,1,0,0,1,0,827,2,0,5,0,1,0,4,0,5,0,1,1
331,19900926,34551,1,0,0,0,0,1,1,0,0,0,1,815,9,2,2,2,6,0,0,0,3,0,1,1
332,19900926,25440,0,0,0,1,0,0,0,0,0,1,0,821,2,0,0,0,2,5,0,0,1,0,1,1
333,19900924,47105,0,0,0,0,0,0,0,0,0,0,3,813,1,1,0,0,4,4,0,0,1,0,1,1
334,19900924,47105,0,0,0,0,0,0,0,0,0,0,3,813,5,1,0,0,8,4,0,2,1,0,1,1
335,19901006,36197,1,0,0,0,0,0,0,0,0,1,1,816,9,0,0,0,1,0,0,0,2,0,0,0
336,19901007,38059,0,0,0,0,0,0,0,0,0,0,2,802,7,1,0,0,5,5,10,0,0,0,0,1
337,19901007,36197,1,0,0,0,0,0,0,0,0,0,1,815,9,0,5,0,1,0,0,0,2,0,0,0
338,19901004,36197,1,0,0,0,0,0,0,0,0,0,1,815,2,0,5,0,5,0,0,0,2,0,0,0
339,19901001,36197,1,0,0,0,0,0,0,0,0,0,1,816,2,0,5,2,6,13,0,0,2,0,1,0
340,19901005,38218,1,0,0,0,0,1,1,0,0,0,0,821,7,0,2,0,5,5,8,0,2,0,0,0
341,19901007,38059,0,0,0,0,0,0,0,0,0,1,2,802,2,1,0,2,6,5,0,0,0,0,0,1
342,19901010,25443,0,0,0,0,0,0,0,0,0,0,0,821,7,0,0,0,1,5,4,0,0,0,0,0
343,19901017,38240,0,0,0,0,0,0,0,0,1,0,2,802,7,1,5,0,5,5,5,0,11,0,0,1
344,19901017,38240,0,0,0,0,0,0,0,0,1,0,2,802,2,1,5,0,5,5,0,0,11,0,0,1
345,19901010,34522,1,0,0,0,0,1,0,0,0,0,1,816,9,2,0,0,1,13,0,0,3,0,0,1
346,19901010,34522,1,0,0,0,0,1,0,0,0,0,1,816,2,2,0,0,1,13,5,0,3,0,0,1
347,19901008,34587,1,0,0,0,0,1,1,0,0,1,0,827,2,0,2,0,5,0,0,0,5,0,0,1
348,19901008,34587,1,0,0,0,0,1,1,0,0,1,0,827,9,0,2,0,1,0,0,0,5,0,0,1
349,19901014,34756,1,0,1,0,0,1,1,0,0,0,0,824,2,0,2,0,5,6,10,0,3,0,0,1
350,19901014,34756,1,0,1,0,0,1,1,0,0,0,0,824,9,0,2,0,7,11,3,0,3,0,0,1
351,19901027,34996,1,0,0,0,0,1,1,0,0,0,1,816,9,0,1,2,4,0,0,0,3,0,0,0
352,19901101,25445,0,0,0,0,0,0,0,0,0,0,0,821,7,0,0,2,3,0,0,0,0,0,0,0
353,19901102,36165,0,0,0,0,0,0,0,0,0,1,0,828,2,0,0,2,0,0,0,0,1,0,0,0
354,19901031,36165,0,0,0,0,0,0,0,0,0,1,0,828,9,0,0,2,6,12,0,0,1,0,0,1
355,19901031,36165,0,0,0,0,0,0,0,0,0,1,0,828,2,0,0,2,0,4,8,0,1,0,0,1
356,19901102,34588,1,0,0,0,0,1,1,0,0,0,1,815,9,0,2,2,0,10,5,0,5,0,0,0
357,19901023,36059,2,0,0,0,0,1,1,0,0,0,1,815,2,0,2,1,7,5,0,0,3,4,2,0
358,19901027,34996,1,0,0,0,0,1,1,0,0,0,1,816,9,0,1,2,4,0,0,0,3,0,0,0
359,19901030,34996,1,0,0,0,0,1,1,0,0,0,1,816,9,0,1,2,1,14,0,0,3,0,0,0
360,19901031,34588,1,0,0,0,0,1,1,0,0,1,1,815,2,0,2,2,6,0,0,0,5,0,0,0
361,19901102,34588,1,0,0,0,0,1,1,0,0,0,1,815,2,0,2,2,3,10,5,0,5,0,0,0
362,19901107,25466,0,0,0,0,0,0,0,0,0,0,0,821,7,0,0,2,3,5,0,0,0,0,0,0
363,19901114,25477,0,0,0,0,0,0,0,0,0,1,0,821,7,0,0,0,0,3,5,0,0,0,0,0
364,19901108,47106,0,0,0,0,0,0,0,0,0,0,2,802,2,1,2,2,0,0,0,0,1,0,0,1
365,19901105,34716,1,0,0,0,0,0,1,0,0,0,1,816,9,0,0,2,3,2,14,0,2,0,0,1
366,19901109,34716,1,0,0,0,0,0,1,0,0,1,1,816,9,0,0,2,6,13,0,0,2,0,0,0
367,19901108,34997,1,0,0,0,0,1,1,0,0,1,1,815,1,0,2,2,0,0,0,0,3,0,0,0
368,19901105,34716,1,0,0,0,0,0,1,0,0,0,1,816,2,0,0,2,6,8,1,0,2,0,0,1
369,19901107,34716,1,0,0,0,0,0,1,0,0,0,1,816,7,0,0,2,0,8,1,0,2,0,0,1
370,19901105,34553,1,0,0,0,0,1,1,0,0,0,0,827,2,2,2,2,3,4,0,0,3,0,0,1
371,19901105,34553,1,0,0,0,0,1,1,0,0,0,0,827,9,2,2,2,0,1,0,0,3,0,0,1
372,19901107,36166,1,0,0,0,0,0,1,0,0,1,0,828,2,0,0,2,0,0,0,0,2,0,0,1
373,19901107,36166,1,0,0,0,0,0,1,0,0,1,0,828,9,0,0,2,0,0,0,0,2,0,0,1
374,19901106,47106,0,0,0,0,0,0,0,0,0,1,2,802,7,1,0,2,6,0,0,0,1,0,0,0
375,19901113,47106,0,0,0,0,0,0,0,0,0,1,2,802,7,1,0,2,0,0,0,0,1,0,0,0
376,19901117,34442,0,0,0,0,0,0,0,0,0,1,0,821,7,0,0,2,3,5,0,0,4,0,0,0
377,19901114,34997,1,0,0,0,0,1,1,0,0,0,1,815,9,0,2,2,0,0,0,0,3,0,0,0
378,19901115,34997,1,0,0,0,0,1,1,0,0,0,1,815,2,0,2,2,3,0,8,0,3,0,0,0
379,19901125,34759,1,0,1,0,0,1,1,0,0,0,1,816,1,2,2,2,3,2,0,0,3,0,0,1
380,19901125,34759,1,0,1,0,0,1,1,0,0,0,1,816,2,2,2,2,0,2,1,0,3,0,0,1
381,19901119,34781,1,0,0,0,0,0,1,0,0,0,1,816,2,0,0,2,1,8,1,0,5,0,0,1
382,19901119,34781,1,0,0,0,0,0,1,0,0,0,1,816,9,0,0,2,6,15,10,0,5,0,0,1
383,19901125,34759,1,0,1,0,0,1,1,0,0,0,1,816,9,2,2,2,0,6,0,0,3,0,0,1
384,19901116,34997,1,0,0,0,0,1,1,0,0,0,1,815,2,0,2,2,6,5,0,0,3,0,0,0
385,19901124,34259,1,0,1,0,0,1,1,0,0,1,1,815,1,2,2,0,3,8,0,0,3,0,0,0
386,19901120,47106,0,0,0,0,0,0,0,0,0,0,2,802,2,1,0,0,1,0,0,0,1,0,0,0
387,19901121,47106,0,0,0,0,0,0,0,0,0,1,2,802,7,1,0,0,6,0,0,0,1,0,0,0
388,19901114,25447,0,0,0,0,0,0,0,0,0,1,0,821,2,0,0,0,0,0,0,0,0,0,0,1
389,19901115,34554,1,0,0,0,0,0,1,0,0,0,0,827,2,2,0,2,0,4,9,0,2,0,0,1
390,19901115,34554,1,0,0,0,0,0,1,0,0,0,0,827,9,2,0,0,5,4,9,0,2,0,0,1
391,19901113,36167,1,0,2,0,0,0,1,0,0,0,0,828,2,0,3,2,5,4,4,0,2,0,0,1
392,19901113,36167,1,0,2,0,0,0,1,0,0,0,0,828,9,0,3,2,0,4,4,0,2,0,0,1
393,19901206,25450,0,0,0,0,0,0,0,0,0,0,0,821,7,0,0,2,8,5,0,0,0,0,0,1
394,19901206,36805,0,0,0,0,0,0,0,0,0,0,1,815,9,0,5,2,3,0,0,0,4,0,0,1
395,19901206,36805,0,0,0,0,0,0,0,0,0,1,1,815,2,0,5,2,1,0,1,0,4,0,0,0
396,19901206,36805,0,0,0,0,0,0,2,0,0,0,1,815,2,0,5,2,6,4,0,0,4,0,0,0
397,19901206,25450,0,0,0,0,0,0,0,0,0,0,0,821,2,0,0,1,4,5,0,0,0,0,0,1
398,19901208,38120,0,0,0,1,0,0,2,0,0,0,1,815,2,1,0,2,1,5,0,0,1,0,0,0
399,19901209,34692,1,0,0,0,0,1,0,0,0,1,0,824,2,0,2,2,1,6,10,0,3,0,0,0
400,19901209,35001,0,0,0,0,0,0,0,0,0,0,1,816,9,2,0,2,0,8,0,0,1,0,0,1
401,19901209,23048,0,0,0,0,0,0,0,0,0,0,0,821,7,0,1,2,5,5,0,0,1,0,0,1
402,19901209,23048,0,0,0,0,0,0,0,0,0,0,0,821,2,0,1,2,5,5,0,0,1,0,0,1
403,19901209,27490,1,0,0,0,0,0,1,0,0,1,2,802,2,1,0,2,6,5,0,0,0,0,0,1
404,19901209,27490,1,0,0,0,0,0,1,0,0,1,2,802,7,1,0,2,6,5,0,0,0,0,0,1
405,19901219,25452,0,0,0,0,0,0,0,0,0,0,0,821,7,0,0,2,13,7,0,0,0,0,0,0
406,19901222,38121,0,0,0,0,0,0,0,0,0,0,1,815,9,1,2,0,1,0,0,0,1,0,0,0
407,19901209,35001,0,0,0,0,0,0,2,0,0,1,1,816,2,2,0,2,3,4,0,0,1,0,0,0
408,19901211,38121,0,0,0,0,0,0,2,0,0,1,1,815,2,1,2,2,1,5,8,0,1,0,0,0
409,19901212,38121,0,0,0,0,0,0,2,0,0,1,1,815,2,1,2,2,3,0,8,0,1,0,0,0
410,19901215,35525,0,0,0,0,0,0,0,0,0,1,1,815,9,1,0,2,1,1,0,0,1,0,0,0
411,19901212,38121,0,0,0,0,0,0,0,0,0,1,1,815,9,1,2,2,4,5,0,0,1,0,0,0
412,19901215,34099,0,0,0,0,0,0,0,0,0,1,2,802,2,1,0,2,3,0,0,0,4,0,0,1
413,19901215,34099,0,0,0,0,0,0,0,0,0,1,2,802,7,1,0,2,3,0,0,0,4,0,0,1
414,19901209,35001,0,0,0,0,0,0,0,0,0,1,1,816,9,2,0,1,0,4,10,0,1,0,0,1
415,19901219,25452,0,0,0,0,0,0,0,0,0,0,0,821,2,0,0,2,0,5,0,0,0,0,0,1
416,19901212,25451,0,0,0,0,0,0,0,0,0,0,0,821,7,0,0,2,1,5,0,0,0,0,0,1
417,19901230,48201,0,0,0,0,0,0,0,0,0,0,1,815,2,1,0,0,2,0,4,0,1,0,0,0
418,19901210,34556,1,0,0,0,0,1,1,0,0,0,1,816,2,2,2,2,0,14,10,0,3,0,0,0
419,19901215,35525,0,0,0,0,0,0,0,0,0,0,1,815,2,1,0,2,3,5,0,0,1,0,0,0
420,19901212,34556,1,0,0,0,0,1,1,0,0,0,1,816,9,2,2,2,0,13,5,0,3,0,0,1
421,19901218,34556,1,0,0,0,0,1,1,0,0,0,1,816,2,2,2,2,7,5,8,0,3,0,0,1
422,19901214,34556,1,0,0,0,0,1,1,0,0,0,1,816,2,2,2,2,7,8,15,0,3,0,0,1
423,19901211,34590,1,0,0,0,0,1,1,0,0,0,0,827,9,0,2,2,1,0,9,0,5,0,0,1
424,19901211,34590,1,0,0,0,0,1,1,0,0,0,0,827,2,0,2,2,6,0,9,0,5,0,0,1
425,19901214,34693,1,0,0,0,0,1,1,0,0,0,0,828,2,0,2,1,0,4,8,0,3,0,0,1
426,19901214,34693,1,0,0,0,0,1,1,0,0,0,0,828,9,0,2,2,0,4,8,0,3,0,0,1
427,19901218,34694,1,0,0,0,0,1,1,0,0,0,0,824,2,0,2,2,5,6,16,0,3,0,0,1
428,19901218,35525,0,0,0,0,0,0,0,0,0,0,1,815,2,1,0,2,3,0,4,0,1,0,0,1
429,19901230,25502,0,0,0,0,0,0,0,0,0,0,0,821,2,0,0,0,3,0,0,0,0,0,0,0
430,19910810,37001,0,0,0,0,0,0,0,0,0,1,2,802,7,1,1,0,6,0,0,0,4,0,0,0
431,19910815,35462,1,0,0,0,0,1,1,0,0,1,0,824,2,0,1,1,0,16,0,0,3,0,0,0
432,19910829,37001,0,0,0,0,0,0,0,0,0,0,2,802,7,1,1,2,6,0,0,0,4,0,0,1
433,19910712,24780,1,0,0,0,0,0,1,0,0,0,1,816,9,1,1,0,0,8,10,0,0,0,0,1
434,19910804,37371,1,0,0,0,0,0,1,0,0,1,1,816,2,0,1,2,0,14,1,0,2,0,0,1
435,19910804,37371,1,0,0,0,0,0,1,0,0,0,1,816,9,0,1,2,3,17,0,0,2,0,0,1
436,19910712,24780,1,0,0,0,0,0,1,0,0,0,1,816,2,1,1,0,0,13,10,0,0,0,0,1
437,19910719,88231,1,0,0,0,0,1,1,0,0,0,1,816,9,2,1,2,0,14,5,0,5,0,0,1
438,19910719,88231,1,0,0,0,0,1,1,0,0,0,1,816,2,2,1,2,0,8,5,0,5,0,0,1
439,19910727,37182,1,0,0,0,0,1,1,0,0,0,0,821,2,0,1,0,0,5,0,0,5,0,0,1
440,19910727,37182,1,0,0,0,0,1,1,0,0,0,0,821,7,0,1,0,0,5,1,0,5,0,0,1
441,19910718,25530,0,0,0,0,0,0,0,0,0,0,0,821,7,0,1,2,6,8,1,0,0,0,0,1
442,19911124,37970,1,0,0,0,0,0,1,0,0,0,2,802,2,1,1,2,3,0,0,0,2,0,0,1
443,19911124,37970,1,0,0,0,0,0,1,0,0,0,2,802,7,1,1,0,3,0,0,0,2,0,0,1
444,19910829,37001,0,0,0,0,0,0,0,0,0,0,2,802,2,1,1,2,0,0,0,0,4,0,0,1
445,19910807,24780,1,0,0,0,0,0,1,0,0,0,2,802,2,1,1,2,0,5,0,0,0,0,0,1
446,19910807,24780,2,0,0,0,0,0,1,0,0,0,2,802,7,1,1,2,0,5,2,0,0,0,0,1
447,19910817,35529,0,0,0,0,0,0,0,0,0,0,2,802,2,2,1,2,0,0,0,0,0,0,0,1
448,19910903,35874,1,0,1,0,0,1,1,0,0,1,0,824,2,0,1,2,1,18,11,0,3,0,0,1
449,19910903,35874,1,0,1,0,0,1,1,0,0,1,0,824,9,0,1,0,6,9,0,0,3,0,0,1
450,19910729,37508,1,0,0,0,0,1,1,0,0,0,0,824,9,0,1,2,6,9,0,0,3,0,0,1
451,19910818,37513,1,0,0,0,0,1,1,0,0,0,0,824,2,0,1,0,1,6,11,0,3,0,0,1
452,19910730,35761,1,0,0,0,0,1,1,0,0,0,0,828,2,0,1,2,0,1,0,0,3,0,0,1
453,19910730,35761,1,0,0,0,0,1,1,0,0,0,0,828,9,0,1,2,0,1,0,0,3,0,0,1
454,19911211,37018,1,0,0,0,0,1,1,0,0,0,1,816,2,2,1,0,0,0,0,0,5,0,0,0
455,19910809,39200,0,0,0,0,0,0,0,0,0,1,1,815,2,1,1,2,0,4,0,0,1,0,0,0
456,19910806,37371,1,0,0,0,0,0,1,0,0,0,1,816,2,0,1,2,0,4,0,0,2,0,0,0
457,19910924,39027,0,0,0,0,0,0,0,0,0,0,1,816,2,1,1,0,7,8,0,0,0,0,0,0
458,19910923,39027,0,0,0,0,0,0,0,0,0,1,1,816,9,1,1,2,3,8,0,0,0,0,0,0
459,19910915,37189,1,0,0,0,0,1,1,0,0,0,1,815,2,0,1,2,6,0,0,0,5,0,0,0
460,19910802,37510,1,0,0,0,0,1,1,0,0,0,1,815,9,1,1,2,0,4,17,0,3,0,0,0
461,19910719,37964,1,0,0,0,0,0,1,0,0,0,1,815,2,1,1,2,0,5,8,0,2,0,0,0
462,19910729,37510,1,0,0,0,0,1,1,0,0,1,1,815,2,1,1,2,0,0,5,0,3,0,0,0
463,19910729,37965,1,0,0,0,0,0,1,0,0,1,1,816,9,1,1,2,10,4,10,0,2,0,0,0
464,19911209,37018,1,0,0,0,0,1,1,0,0,0,1,816,9,2,1,0,0,0,0,0,5,0,0,0
465,19920105,34250,0,0,0,0,0,0,2,0,0,1,1,816,2,1,1,0,0,5,0,0,4,0,0,0
466,19920115,47301,0,0,0,0,0,0,0,0,0,0,1,816,2,1,1,2,0,13,10,0,1,0,0,0
467,19920114,47301,1,0,0,0,0,0,0,0,0,0,1,816,2,1,1,0,0,0,5,0,1,0,0,0
468,19920110,47301,0,0,0,0,0,0,0,0,0,0,1,816,2,1,1,0,0,5,0,0,1,0,0,0
469,19911104,35880,1,0,1,0,0,1,1,0,0,0,1,816,2,1,1,2,7,5,0,0,3,0,0,0
470,19911103,35880,1,0,1,0,0,1,1,0,0,2,1,816,2,0,1,2,7,2,8,0,3,0,0,0
471,19911102,35880,1,0,1,0,0,1,1,0,0,0,1,816,2,0,1,0,1,5,4,0,3,0,0,0
472,19911203,25550,0,0,0,0,0,0,0,0,0,0,0,821,7,0,1,0,0,0,5,0,0,0,0,0
473,19910920,37068,1,0,0,0,0,1,1,0,0,0,0,821,2,0,1,0,1,5,0,0,5,0,0,0
474,19910822,35529,0,0,0,0,0,0,0,0,0,0,2,802,7,2,1,0,16,1,0,0,0,0,0,0
475,19920220,29442,0,0,0,0,0,0,2,0,0,0,1,816,2,0,1,2,0,4,0,0,1,0,0,0
476,19910724,35522,0,0,0,0,0,0,0,0,0,1,2,802,2,1,1,0,0,5,8,0,6,0,0,0
477,19910917,37575,1,0,0,0,0,1,1,0,0,0,0,824,2,0,1,2,1,6,0,0,3,0,0,0
478,19920205,34272,0,0,0,0,0,1,1,0,0,0,0,824,9,0,1,2,0,9,0,0,3,0,0,0
479,19910810,37001,0,0,0,0,0,0,0,0,0,0,2,802,7,1,1,0,3,1,0,0,4,0,0,0
480,19910817,35529,0,0,0,0,0,0,0,0,0,0,2,802,7,2,1,2,3,0,5,0,0,0,0,0
481,19910724,35522,0,0,0,0,0,0,0,0,0,1,2,802,7,1,1,0,0,5,10,0,6,0,0,0
482,19920208,34514,1,0,0,0,0,0,1,0,0,0,0,821,7,0,1,2,0,5,8,0,2,0,0,0
483,19920207,34514,1,0,0,0,0,0,1,0,0,0,0,821,7,0,1,0,0,14,8,0,2,0,0,0
484,19910730,25532,0,0,0,0,0,0,0,0,0,0,0,821,2,0,1,2,17,0,0,0,0,0,0,0
485,19920408,37998,1,0,2,1,0,0,1,0,3,2,1,815,2,3,1,2,6,5,12,4,12,0,0,0
486,19920402,23233,0,0,2,1,0,0,1,0,3,0,0,821,7,3,1,0,1,5,12,4,12,0,0,0
487,19920317,34518,1,0,2,1,0,0,1,0,3,1,0,821,7,3,1,0,7,5,12,4,12,0,0,0
488,19920402,34014,1,0,2,1,0,0,1,0,3,2,1,816,9,0,1,2,1,0,12,4,12,0,0,0
489,19920405,34227,1,0,2,1,0,1,1,0,3,0,0,824,9,0,1,2,0,9,12,4,12,0,0,0
490,19920416,36423,1,0,2,1,0,1,1,0,3,0,1,815,2,0,1,2,17,8,12,4,12,0,0,0
491,19920326,34294,1,0,2,1,0,1,1,0,3,0,0,821,2,0,1,2,3,0,12,4,12,0,0,0
492,19920320,34293,1,0,2,1,0,1,1,0,3,0,1,816,2,0,1,2,0,8,12,4,12,0,0,0
493,19920515,34156,1,0,2,1,0,1,1,0,3,0,0,824,10,0,1,0,7,0,12,4,12,0,0,0
494,19920523,34453,1,0,2,1,0,0,1,0,3,0,0,827,2,2,1,0,6,5,12,4,12,0,0,0
495,19920529,34453,1,0,2,1,0,0,1,0,3,0,1,816,9,2,1,2,1,17,12,4,12,0,0,0
496,19920530,34763,0,0,2,1,0,0,0,0,3,2,0,824,2,0,1,0,1,7,12,4,12,0,0,0
497,19920531,34763,0,0,2,1,0,0,0,0,3,0,0,824,2,0,1,2,1,6,12,4,12,0,0,0
498,19920603,34157,1,0,2,1,0,0,0,0,3,0,0,824,2,0,1,2,1,6,12,4,12,0,0,0
499,19920610,34465,1,0,2,1,0,1,1,0,3,0,1,816,1,2,1,2,3,0,12,4,12,0,0,0
500,19920705,34527,2,0,2,1,0,0,1,0,3,0,0,821,7,2,1,2,1,5,12,4,12,0,0,0
501,19920709,47304,0,0,2,1,0,0,0,0,3,0,1,815,9,1,1,0,1,0,12,4,12,0,0,0
502,19920808,36567,2,0,2,1,0,1,1,0,3,1,2,816,2,1,1,2,5,1,12,4,12,0,0,0
503,19920822,34533,2,0,2,1,0,2,0,0,3,0,0,821,2,0,1,2,6,5,12,4,12,0,0,0
504,19920826,34905,2,0,2,1,0,1,1,0,3,0,2,816,9,1,1,2,1,0,12,4,12,0,0,0
505,19920911,34534,2,0,2,1,0,2,0,0,3,0,0,821,7,2,1,0,5,1,12,4,12,0,0,0
506,19920915,34534,2,0,2,1,0,2,0,0,3,0,0,821,7,2,1,0,1,8,12,4,12,0,0,0
507,19920918,34534,2,0,2,1,0,2,0,0,3,0,0,821,7,2,1,0,3,5,12,4,12,0,0,0
508,19920920,34534,2,0,2,1,0,2,0,0,3,0,0,821,7,2,1,1,1,5,12,4,12,0,0,0
509,19920712,36568,2,0,2,1,0,2,0,0,3,2,2,816,2,1,1,0,4,8,12,4,12,0,0,0
510,19921001,36054,2,0,2,1,0,2,0,0,3,0,2,816,2,1,1,0,0,8,12,4,12,0,0,0
511,19921004,24780,2,0,2,1,0,2,0,0,3,0,0,821,7,0,1,0,4,0,12,4,12,0,0,0
512,19921125,36569,2,0,2,1,0,2,2,0,3,0,2,816,2,1,1,2,1,4,12,4,12,0,0,0
513,19921129,36569,2,0,2,1,0,2,2,0,3,0,2,816,2,1,1,2,1,5,12,4,12,0,0,0
514,19930113,47401,2,0,2,1,0,1,1,0,3,0,2,816,2,1,1,0,1,13,12,4,12,3,3,0
515,19930205,35502,2,0,2,1,0,2,0,2,3,0,2,815,2,2,1,2,1,8,12,4,12,0,0,0
516,19930217,35986,2,0,2,1,0,1,1,2,3,0,1,802,7,2,1,2,5,0,12,4,12,0,0,0
517,19930219,37046,2,0,2,1,0,1,1,2,3,0,1,802,7,1,1,0,1,0,12,4,12,0,3,0
518,19930227,35831,2,0,2,1,0,2,2,2,3,0,2,815,2,1,1,0,1,5,12,4,12,0,3,0
519,19930309,85725,2,0,2,1,0,2,0,2,3,0,0,821,7,0,1,2,0,0,12,4,12,0,3,0
520,19930407,35661,2,0,2,1,0,0,0,2,3,0,2,816,2,0,1,2,6,13,12,4,12,0,3,0
521,19930421,37392,2,0,2,1,0,0,0,2,3,0,0,824,2,0,1,2,0,6,12,4,12,0,3,0
522,19930514,47403,2,0,2,1,0,1,1,2,3,0,2,816,2,1,1,0,0,2,12,4,12,0,0,0
523,19930624,85741,2,0,2,1,0,0,0,2,3,2,2,816,2,0,1,0,1,8,12,4,12,0,0,0
524,19930906,85750,2,0,2,1,0,2,0,2,3,0,0,827,2,0,1,0,1,0,12,4,12,0,3,0
525,19930908,47405,2,0,2,1,0,1,1,2,3,0,2,815,2,1,1,0,1,12,12,4,12,0,3,0
526,19930915,37191,2,0,2,1,0,1,1,2,3,0,2,815,2,1,1,0,0,5,12,4,12,0,3,0
527,19930916,35069,2,0,2,1,0,1,1,2,3,0,2,816,9,1,1,0,0,0,12,4,12,0,3,0
528,19930928,37191,2,0,2,1,0,1,1,2,3,0,2,815,9,1,1,2,0,5,12,4,12,0,0,0
529,19931008,35425,2,0,2,1,0,2,0,2,3,0,0,821,7,0,1,0,3,0,12,4,12,0,2,0
530,19940904,71331,2,0,2,1,0,2,0,2,3,2,0,824,2,0,1,0,7,6,12,4,12,0,0,0
531,19941004,85813,2,0,2,1,0,2,1,2,3,0,0,828,2,0,1,2,7,0,12,4,12,0,0,0
532,19941001,38240,2,0,2,1,0,0,0,2,3,1,0,828,2,0,1,0,7,1,12,4,12,0,0,0
533,19940927,38240,2,0,2,1,0,0,0,2,3,0,0,828,9,0,1,0,7,4,12,4,12,0,0,0
534,19941007,85813,2,0,2,1,0,2,0,2,3,2,0,827,2,0,1,2,1,4,12,4,12,0,0,0
535,19941005,85813,2,0,2,1,0,2,0,2,3,2,0,827,9,0,1,2,7,4,12,4,12,0,0,0
536,19941009,38064,2,0,2,1,0,2,1,2,3,0,2,815,1,0,1,2,0,8,12,4,12,0,0,0
537,19941009,85814,2,0,2,1,0,2,1,2,3,2,0,827,2,0,1,2,1,4,12,4,12,0,0,0
538,19941010,85814,2,0,2,1,0,2,0,2,3,2,0,828,2,0,1,2,3,4,12,4,12,0,0,0
539,19941010,38064,2,0,2,1,0,2,0,2,3,0,2,815,1,0,1,2,0,0,12,4,12,0,0,0
