,ID,Warehouse_block,Mode_of_Shipment,Customer_care_calls,Customer_rating,Cost_of_the_Product,Prior_purchases,Product_importance,Gender,Discount_offered,Weight_in_gms,target
0,1,0,0,4,2,177,3,0,0,44,1233,0
1,2,1,0,4,5,216,2,0,1,59,3088,0
2,3,2,0,2,2,183,4,0,1,48,3374,0
3,4,3,0,3,3,176,4,1,1,10,1177,0
4,5,4,0,2,2,184,3,1,0,46,2484,0
5,6,1,0,3,1,162,3,1,0,12,1417,0
6,7,0,0,3,4,250,3,0,0,3,2371,0
7,8,1,0,4,1,233,2,0,0,48,2804,0
8,9,2,0,3,4,150,3,0,0,11,1861,0
9,10,3,0,3,2,164,3,1,0,29,1187,0
10,11,4,0,3,4,189,2,1,1,12,2888,0
11,12,1,0,4,5,232,3,1,0,32,3253,0
12,13,0,0,3,5,198,3,1,0,1,3667,0
13,14,1,0,4,4,275,3,2,1,29,2602,0
14,15,2,0,4,3,152,3,0,1,43,1009,0
15,16,3,0,4,3,227,3,0,0,45,2707,0
16,17,4,0,3,4,143,2,1,0,6,1194,0
17,18,1,1,5,5,227,3,1,1,36,3952,0
18,19,0,1,5,5,239,3,2,1,18,2495,0
19,20,1,1,4,5,145,3,1,1,45,1059,0
20,21,2,1,3,3,161,2,1,0,38,1521,0
21,22,3,1,3,1,232,4,1,0,51,2899,0
22,23,4,1,2,5,156,2,0,1,2,1750,0
23,24,1,1,4,3,211,3,2,1,12,3922,0
24,25,0,1,4,5,251,2,1,0,28,3561,0
25,26,1,1,3,1,225,4,0,1,29,3496,0
26,27,2,1,4,1,172,3,2,0,24,1066,0
27,28,3,1,5,1,162,3,1,1,31,1435,0
28,29,4,1,2,3,234,4,0,1,44,3134,0
29,30,1,1,5,4,183,2,0,0,36,3819,0
30,31,0,1,3,4,266,2,1,0,38,2741,0
31,32,1,1,5,3,257,2,0,0,61,3341,0
32,33,2,1,3,1,223,3,0,0,22,3795,0
33,34,3,1,4,2,234,3,1,1,4,3261,0
34,35,4,1,4,2,227,4,1,0,22,2460,0
35,36,1,1,5,4,149,3,1,0,44,1811,0
36,37,0,1,3,5,137,4,2,0,62,1477,0
37,38,1,1,2,4,181,6,1,0,16,3605,0
38,39,2,1,5,1,215,4,0,0,56,3905,0
39,40,3,1,4,2,269,5,0,0,45,2383,0
40,41,4,1,5,1,227,2,0,1,15,3798,0
41,42,1,1,5,5,139,4,1,1,61,1265,0
42,43,0,1,3,5,137,2,1,1,38,1647,0
43,44,1,1,3,1,174,2,0,1,44,1556,0
44,45,2,1,3,1,151,2,0,1,29,1328,0
45,46,3,1,5,1,210,3,0,0,9,2944,0
46,47,4,1,3,4,169,4,1,0,32,1245,0
47,48,1,1,5,1,160,2,0,1,32,1576,0
48,49,0,1,5,4,190,2,1,1,9,3753,0
49,50,1,1,5,3,216,3,0,0,40,2146,0
50,51,2,1,4,1,183,3,0,1,37,2042,0
51,52,3,1,4,4,141,3,0,1,22,1735,0
52,53,4,1,4,3,165,3,0,0,44,1320,0
53,54,1,1,2,1,170,3,0,1,41,1128,0
54,55,0,1,4,3,203,3,2,1,12,3539,0
55,56,1,1,2,5,246,5,0,1,46,2437,0
56,57,2,1,3,3,238,3,0,0,61,3096,0
57,58,3,1,3,3,193,3,1,0,29,3453,0
58,59,4,1,5,5,141,3,2,1,41,1367,0
59,60,1,1,4,1,150,3,2,0,17,1923,0
60,61,0,1,3,1,221,3,0,0,64,2794,0
61,62,1,1,3,3,179,3,1,1,52,1158,0
62,63,2,1,5,1,105,6,1,1,62,1292,0
63,64,3,1,3,1,177,3,1,1,61,1880,0
64,65,4,1,4,5,261,2,2,1,49,3045,0
65,66,1,1,3,2,202,3,0,1,49,2881,0
66,67,0,1,3,2,109,3,1,0,15,1710,0
67,68,1,1,3,3,158,3,0,0,6,1878,0
68,69,2,1,4,2,231,4,1,0,6,2512,0
69,70,3,1,3,5,206,3,1,1,39,2929,0
70,71,4,1,5,1,187,4,2,1,14,3849,0
71,72,1,1,5,5,230,2,0,0,2,2229,0
72,73,0,1,5,5,232,3,1,0,33,2998,0
73,74,1,1,4,5,215,3,1,0,21,3984,0
74,75,2,1,6,1,238,6,0,0,13,2442,0
75,76,3,1,4,1,266,3,0,0,23,3775,0
76,77,4,1,2,3,158,2,1,0,36,1788,0
77,78,1,1,3,3,113,3,0,0,43,1518,0
78,79,0,1,3,4,223,3,0,1,18,3959,0
79,80,1,1,3,5,257,2,1,0,56,3711,0
80,81,2,1,3,4,180,2,1,0,49,1942,0
81,82,3,1,2,5,132,3,0,1,18,1759,0
82,83,4,1,4,4,217,3,2,0,26,2875,0
83,84,1,1,5,5,162,3,2,0,31,1364,0
84,85,0,1,4,5,197,2,1,0,40,2710,0
85,86,1,1,3,4,197,3,1,1,13,2148,0
86,87,2,1,4,1,185,2,0,1,44,2910,0
87,88,3,1,6,2,278,3,1,0,3,2974,0
88,89,4,1,3,3,229,3,0,1,49,2339,0
89,90,1,1,4,1,186,4,1,0,57,3880,0
90,91,0,1,5,3,174,6,2,0,41,1085,0
91,92,1,1,5,5,286,3,0,0,18,3163,0
92,93,2,1,4,4,175,2,1,0,7,1188,0
93,94,3,1,3,3,219,3,1,0,17,3387,0
94,95,4,1,4,1,213,4,2,0,35,2343,0
95,96,1,1,2,3,235,3,0,1,57,2034,0
96,97,0,1,3,3,149,2,1,1,18,1225,0
97,98,1,1,4,1,271,2,1,0,8,2401,0
98,99,2,1,3,5,144,4,1,1,5,1104,0
99,100,3,1,4,2,145,2,1,1,21,1617,0
100,101,4,1,5,3,143,2,1,1,59,1837,0
101,102,1,1,5,5,227,4,0,1,53,2624,0
102,103,0,1,2,1,213,3,0,1,29,2732,0
103,104,1,1,5,1,144,4,0,1,37,1658,0
104,105,2,1,3,3,218,3,0,1,3,2255,0
105,106,3,1,4,2,144,3,1,1,59,1588,0
106,107,4,1,3,1,238,3,0,1,17,2624,0
107,108,1,1,4,5,216,3,2,1,26,2053,0
108,109,0,1,4,5,238,3,2,0,55,3257,0
109,110,1,1,4,1,141,3,1,1,47,1250,0
110,111,2,2,3,1,158,2,0,1,2,1284,0
111,112,3,2,4,2,239,3,0,0,65,3679,0
112,113,4,2,4,3,175,2,0,1,25,1816,0
113,114,1,2,3,2,263,3,0,1,41,2817,0
114,115,0,2,3,5,168,2,2,1,50,1616,0
115,116,1,2,3,4,176,3,2,1,36,1779,0
116,117,2,2,4,1,150,4,2,1,60,1024,0
117,118,3,2,4,3,265,2,1,0,31,2326,0
118,119,4,2,2,5,263,3,0,0,5,2947,0
119,120,1,2,5,1,145,3,0,1,20,1387,0
120,121,0,2,4,2,183,3,0,0,33,2741,0
121,122,1,2,3,3,205,3,1,0,19,2167,0
122,123,2,2,4,2,160,3,0,1,64,1714,0
123,124,3,2,3,3,252,2,1,0,48,2102,0
124,125,4,2,5,5,222,3,0,1,10,2280,0
125,126,1,2,3,3,203,2,0,1,25,3607,0
126,127,0,2,4,5,220,3,1,1,40,3516,0
127,128,1,2,3,3,147,4,0,0,60,1722,0
128,129,2,2,4,4,200,4,1,1,16,2060,0
129,130,3,2,4,5,224,4,1,1,21,2026,0
130,131,4,2,3,5,179,2,0,0,17,1364,0
131,132,1,2,3,4,144,3,0,1,50,1865,0
132,133,0,0,5,2,247,3,0,1,17,3889,0
133,134,1,0,5,4,280,6,1,0,51,3582,0
134,135,2,0,3,3,168,2,1,0,1,1829,0
135,136,3,0,3,5,157,3,1,0,4,1889,0
136,137,4,0,3,3,189,4,1,0,51,2208,0
137,138,1,0,3,5,162,2,1,1,7,1739,0
138,139,0,0,4,1,207,5,0,1,48,2399,0
139,140,1,0,5,1,237,2,0,0,10,3860,0
140,141,2,0,4,4,264,3,2,1,59,2020,0
141,142,3,0,5,4,149,3,0,1,51,1645,0
142,143,4,0,5,5,162,3,0,1,41,1462,0
143,144,1,0,2,1,205,4,1,0,63,2156,0
144,145,0,0,2,1,158,3,1,0,51,1540,0
145,146,1,0,2,2,248,2,0,1,46,3707,0
146,147,2,0,3,5,191,3,0,1,23,3750,0
147,148,3,0,4,3,146,4,1,0,24,1844,0
148,149,4,0,3,3,135,3,0,1,56,1490,0
149,150,1,0,5,1,149,3,0,1,40,1062,0
150,151,0,0,4,4,220,2,1,0,7,2551,0
151,152,1,0,5,3,98,5,1,1,44,1269,0
152,153,2,0,3,4,97,4,0,1,32,1238,0
153,154,3,0,3,3,183,2,0,1,53,3932,0
154,155,4,1,3,3,162,3,1,0,8,1869,0
155,156,1,1,5,1,114,4,0,0,47,1443,0
156,157,0,1,6,3,275,5,0,1,41,2491,0
157,158,1,1,3,2,203,2,1,0,39,3845,0
158,159,2,1,5,5,205,2,2,1,65,3671,0
159,160,3,1,3,3,149,3,0,0,63,1946,0
160,161,4,1,2,2,112,4,1,1,56,1138,0
161,162,1,1,3,1,207,3,1,0,56,3482,0
162,163,0,1,4,1,261,4,0,0,58,3427,0
163,164,1,1,5,2,274,3,1,1,6,3375,0
164,165,2,1,3,5,141,2,0,1,52,1692,0
165,166,3,1,3,3,166,4,1,0,17,1498,0
166,167,4,1,5,2,141,3,2,0,34,1020,0
167,168,1,1,4,5,152,3,0,1,43,1709,0
168,169,0,1,4,2,250,3,0,0,53,2478,0
169,170,1,1,4,3,161,3,1,0,28,1809,0
170,171,2,1,4,3,185,3,1,0,10,2263,0
171,172,3,1,4,4,176,4,2,0,52,1096,0
172,173,4,1,3,4,148,3,0,1,56,1550,0
173,174,1,1,3,2,270,3,0,0,63,2751,0
174,175,0,1,3,3,242,3,0,0,51,3935,0
175,176,1,1,4,4,150,2,1,1,3,1285,0
176,177,2,1,4,5,192,3,2,1,20,3872,0
177,178,3,1,4,5,116,3,1,1,54,1314,0
178,179,4,1,3,3,192,3,1,0,2,3995,0
179,180,1,1,5,5,255,4,1,1,3,3440,0
180,181,0,1,4,1,161,7,1,0,18,1294,0
181,182,1,1,4,5,157,3,0,1,20,1487,0
182,183,2,1,3,2,164,10,2,0,28,1940,0
183,184,3,1,3,5,162,7,1,0,16,1052,0
184,185,4,1,3,3,146,2,0,1,50,1486,0
185,186,1,1,3,2,209,3,1,1,54,3001,0
186,187,0,1,5,4,134,2,1,0,55,1386,0
187,188,1,1,2,1,222,2,1,1,5,3778,0
188,189,2,1,2,5,139,3,0,0,27,1233,0
189,190,3,1,2,4,134,3,0,0,42,1415,0
190,191,4,1,2,5,130,3,0,1,16,1092,0
191,192,1,1,2,5,133,3,0,0,62,1596,0
192,193,0,1,2,4,140,3,0,0,7,1411,0
193,194,1,1,2,2,158,3,0,1,28,1968,0
194,195,2,1,4,2,270,4,0,0,46,1736,0
195,196,3,1,2,5,140,3,0,0,30,1030,0
196,197,4,1,2,2,135,3,0,1,15,1339,0
197,198,1,1,2,3,136,3,0,0,19,1568,0
198,199,0,1,2,3,142,3,1,0,38,7640,0
199,200,1,1,2,2,154,3,1,1,38,7846,0
200,201,2,1,2,3,139,3,0,1,9,1471,0
201,202,3,1,2,3,160,3,0,0,43,1251,0
202,203,4,1,2,4,134,3,0,1,58,1067,0
203,204,1,1,5,3,161,5,2,1,48,1883,0
204,205,0,1,2,5,155,3,0,1,23,1602,0
205,206,1,1,2,3,145,3,1,0,24,7588,0
206,207,2,1,2,2,157,3,0,1,1,1477,0
207,208,3,1,2,2,160,3,0,1,48,1691,0
208,209,4,1,2,4,152,3,0,1,55,1498,0
209,210,1,1,2,5,148,3,2,0,11,1502,0
210,211,0,1,2,1,127,3,0,0,15,1522,0
211,212,1,1,2,5,154,3,0,0,21,1113,0
212,213,2,1,2,5,127,3,0,1,44,1341,0
213,214,3,1,2,5,160,3,1,0,31,7401,0
214,215,4,1,2,4,129,3,0,0,48,1219,0
215,216,1,1,2,5,158,3,0,0,40,1722,0
216,217,0,1,4,3,185,3,1,1,3,3131,0
217,218,1,1,4,4,176,4,2,0,63,1293,0
218,219,2,1,3,4,148,3,0,1,37,1523,0
219,220,3,1,3,5,270,3,0,1,60,3885,0
220,221,4,1,3,4,242,3,0,1,29,2381,0
221,222,1,1,4,3,150,2,1,1,31,1588,0
222,223,0,1,4,2,192,3,2,1,4,2061,0
223,224,1,1,4,5,116,3,1,0,9,1314,0
224,225,2,1,3,4,192,3,1,0,31,3331,0
225,226,3,1,5,4,255,4,1,0,38,2771,0
226,227,4,1,4,3,161,7,1,1,63,1496,0
227,228,1,1,4,2,157,3,0,0,48,1393,0
228,229,0,1,3,2,164,10,2,1,14,1375,0
229,230,1,1,3,3,162,7,1,0,42,1278,0
230,231,2,1,3,1,146,2,0,0,54,1528,0
231,232,3,1,3,4,209,3,1,0,60,2240,0
232,233,4,1,5,5,134,2,1,1,53,1088,0
233,234,1,1,2,1,222,2,1,1,58,3626,0
234,235,0,1,2,1,139,3,0,0,39,1582,0
235,236,1,1,2,2,134,3,0,1,38,1352,0
236,237,2,1,2,3,130,3,0,0,48,1801,0
237,238,3,1,2,2,133,3,0,1,5,1268,0
238,239,4,1,2,3,140,3,0,0,23,1372,0
239,240,1,1,2,3,158,3,0,1,10,1515,0
240,241,0,1,4,5,270,4,0,1,65,1818,0
241,242,1,1,2,4,140,3,0,0,33,1278,0
242,243,2,1,2,2,135,3,0,1,58,1734,0
243,244,3,1,2,4,136,3,0,1,43,1958,0
244,245,4,1,2,1,142,3,1,0,8,6064,0
245,246,1,1,2,4,154,3,1,0,48,7684,0
246,247,0,1,2,3,139,3,0,0,3,1788,0
247,248,1,2,2,4,160,3,0,0,50,1030,0
248,249,2,2,2,2,134,3,0,0,38,1530,0
249,250,3,2,5,5,161,5,2,0,54,1511,0
250,251,4,2,2,3,155,3,0,0,45,1639,0
251,252,1,2,2,2,145,3,1,0,5,6102,0
252,253,0,2,2,1,157,3,0,1,58,1930,0
253,254,1,2,2,5,160,3,0,0,19,1399,0
254,255,2,2,2,2,152,3,0,0,61,1800,0
255,256,3,2,2,2,148,3,2,0,35,1349,0
256,257,4,2,2,2,127,3,0,1,13,1128,0
257,258,1,2,2,2,129,3,1,0,22,6614,0
258,259,0,2,2,3,158,3,0,0,13,1245,0
259,260,1,2,2,4,147,3,0,1,5,1920,0
260,261,2,2,2,5,159,3,0,0,49,1621,0
261,262,3,2,2,3,151,3,0,0,23,1930,0
262,263,4,2,3,1,294,4,0,0,52,1089,0
263,264,1,2,3,2,226,2,1,1,45,1446,0
264,265,0,2,5,3,271,5,2,1,9,1813,0
265,266,1,2,7,2,203,5,1,0,61,1856,0
266,267,2,2,2,3,264,4,0,0,10,1648,0
267,268,3,2,4,1,258,3,1,1,36,2211,0
268,269,4,2,3,5,241,3,0,0,21,3078,0
269,270,1,0,4,5,208,3,1,1,23,2056,0
270,271,0,0,3,2,209,5,1,0,12,3054,0
271,272,1,0,5,1,182,2,1,0,23,2707,0
272,273,2,0,4,5,148,2,1,0,43,1087,0
273,274,3,0,2,3,183,2,1,0,52,3199,0
274,275,4,0,3,5,229,6,1,1,22,2717,0
275,276,1,0,5,5,115,5,0,0,26,1692,0
276,277,0,0,4,2,136,3,0,0,65,1962,0
277,278,1,0,4,4,212,3,0,1,21,3307,0
278,279,2,0,4,3,171,3,0,0,24,1304,0
279,280,3,0,3,1,151,2,0,1,60,1925,0
280,281,4,0,3,1,205,3,1,1,39,3062,0
281,282,1,0,5,4,147,3,1,1,23,1132,0
282,283,0,0,3,3,155,3,0,0,29,1712,0
283,284,1,0,5,4,165,3,0,0,20,1150,0
284,285,2,0,5,5,230,3,0,0,32,3249,0
285,286,3,0,2,4,181,4,1,1,13,2309,0
286,287,4,0,5,3,234,2,0,0,55,3308,0
287,288,1,0,4,4,149,3,0,1,34,1977,0
288,289,0,0,5,5,156,2,0,1,44,1561,0
289,290,1,0,4,2,172,3,1,0,59,1858,0
290,291,2,0,4,4,270,3,0,1,12,3279,0
291,292,3,1,4,1,206,3,1,1,23,3807,0
292,293,4,1,4,3,211,4,1,1,40,3106,0
293,294,1,1,3,2,136,4,0,1,62,1090,0
294,295,0,1,5,1,186,2,2,0,52,3981,0
295,296,1,1,3,1,202,2,1,1,62,3398,0
296,297,2,1,4,2,183,3,1,0,12,3646,0
297,298,3,1,4,4,232,2,0,1,36,2861,0
298,299,4,1,4,2,147,4,1,1,52,1129,0
299,300,1,1,4,3,136,3,1,1,20,1531,0
300,301,0,1,5,3,127,3,0,0,43,1446,0
301,302,1,1,4,5,202,2,1,1,35,3695,0
302,303,2,1,3,4,241,2,0,1,57,3671,0
303,304,3,1,4,3,222,2,1,1,55,3833,0
304,305,4,1,3,2,183,4,1,0,12,2777,0
305,306,1,1,4,4,249,3,1,0,36,3769,0
306,307,0,1,3,1,243,4,2,1,59,3838,0
307,308,1,1,3,3,163,3,1,1,9,1257,0
308,309,2,1,4,2,165,2,2,1,11,1596,0
309,310,3,1,5,5,266,3,1,0,53,3089,0
310,311,4,1,3,4,193,2,1,1,48,3909,0
311,312,1,1,3,2,154,3,0,0,56,1136,0
312,313,0,1,3,3,140,3,1,1,51,1046,0
313,314,1,1,4,3,272,3,1,1,38,3705,0
314,315,2,1,4,2,143,6,1,1,20,1654,0
315,316,3,1,4,2,138,3,0,0,30,1805,0
316,317,4,1,4,2,238,2,2,1,17,3358,0
317,318,1,1,4,5,273,4,1,0,31,2373,0
318,319,0,1,3,1,200,2,1,1,27,2551,0
319,320,1,1,4,5,213,4,0,1,39,2381,0
320,321,2,1,3,4,224,2,1,0,15,2701,0
321,322,3,1,4,5,141,3,1,1,12,1672,0
322,323,4,1,3,3,150,3,0,1,46,1040,0
323,324,1,1,3,1,192,2,0,1,33,2818,0
324,325,0,1,5,1,279,4,1,0,24,3440,0
325,326,1,1,3,4,246,3,1,1,30,3748,0
326,327,2,1,3,4,173,3,1,1,52,1587,0
327,328,3,1,4,4,233,4,1,0,59,2358,0
328,329,4,1,5,1,274,2,1,1,24,2423,0
329,330,1,1,4,5,243,4,1,0,41,2782,0
330,331,0,1,3,4,197,3,1,0,56,3427,0
331,332,1,1,4,3,140,3,2,0,46,1072,0
332,333,2,1,3,5,215,3,1,0,22,2585,0
333,334,3,1,3,4,211,3,1,1,8,3710,0
334,335,4,1,4,2,220,5,0,1,33,2854,0
335,336,1,1,3,1,194,4,0,1,64,2026,0
336,337,0,1,5,1,262,3,1,0,58,3599,0
337,338,1,1,4,4,201,2,0,0,1,3147,0
338,339,2,1,3,5,261,3,1,1,15,2989,0
339,340,3,1,4,4,191,6,0,0,60,3425,0
340,341,4,1,2,5,255,5,1,0,53,3775,0
341,342,1,1,3,2,169,2,2,1,30,1698,0
342,343,0,1,4,5,162,2,1,1,64,1918,0
343,344,1,1,2,5,248,6,0,0,62,2750,0
344,345,2,1,5,3,197,4,0,0,2,2222,0
345,346,3,1,5,1,264,3,0,1,6,2882,0
346,347,4,1,5,5,260,2,1,0,55,2791,0
347,348,1,1,5,3,186,2,1,0,58,2259,0
348,349,0,1,4,5,233,4,0,0,44,2551,0
349,350,1,1,5,1,161,3,0,1,47,1954,0
350,351,2,1,4,5,188,3,0,0,13,2409,0
351,352,3,1,5,5,171,2,1,0,22,1695,0
352,353,4,1,2,2,267,3,1,1,15,2481,0
353,354,1,1,4,3,255,2,2,1,47,2956,0
354,355,0,1,3,2,132,3,0,0,56,1303,0
355,356,1,1,5,1,266,3,0,0,31,3157,0
356,357,2,1,3,4,198,2,0,1,25,2774,0
357,358,3,1,2,3,247,2,1,0,62,3127,0
358,359,4,1,3,1,140,3,1,0,65,1291,0
359,360,1,1,4,3,131,5,0,1,6,1659,0
360,361,0,1,5,2,246,3,1,1,49,3236,0
361,362,1,1,3,2,159,3,1,0,4,1681,0
362,363,2,1,3,5,203,2,1,1,61,3642,0
363,364,3,1,4,3,187,4,2,0,29,3141,0
364,365,4,1,6,2,146,3,0,0,62,1936,0
365,366,1,1,3,2,234,3,1,1,39,2099,0
366,367,0,1,3,4,122,3,2,0,15,1354,0
367,368,1,1,3,3,135,3,0,1,8,1074,0
368,369,2,1,3,5,103,3,0,1,3,1403,0
369,370,3,1,3,5,257,3,1,0,19,2173,0
370,371,4,1,4,3,169,2,0,1,2,1399,0
371,372,1,1,4,5,159,3,1,1,18,1808,0
372,373,0,1,4,5,188,3,0,1,38,3031,0
373,374,1,1,5,1,136,3,1,1,19,1420,0
374,375,2,1,5,1,227,3,0,0,19,3007,0
375,376,3,1,3,5,262,2,0,0,53,3275,0
376,377,4,1,2,3,157,2,0,1,45,1965,0
377,378,1,1,5,3,238,2,1,0,21,2053,0
378,379,0,1,3,5,152,3,0,1,43,1282,0
379,380,1,1,3,2,201,3,1,1,5,2040,0
380,381,2,1,3,4,148,2,0,1,54,1778,0
381,382,3,1,5,2,199,4,0,0,59,2885,0
382,383,4,1,5,4,215,2,0,0,45,3501,0
383,384,1,1,4,5,175,2,0,1,40,1270,0
384,385,0,2,4,3,236,2,2,1,23,3123,0
385,386,1,2,2,5,182,2,1,0,57,2896,0
386,387,2,2,3,1,251,3,1,1,42,3698,0
387,388,3,2,5,2,173,3,0,0,7,1855,0
388,389,4,2,4,3,225,3,0,0,62,2587,0
389,390,1,2,4,2,167,4,0,0,20,1705,0
390,391,0,2,4,1,259,3,0,1,20,2154,0
391,392,1,2,4,1,178,3,1,0,63,1573,0
392,393,2,2,4,4,178,4,1,0,13,1614,0
393,394,3,2,5,4,169,2,0,0,20,1765,0
394,395,4,2,3,2,272,2,0,1,33,2321,0
395,396,1,2,4,4,183,3,0,1,29,3251,0
396,397,0,2,3,4,205,3,0,0,10,2728,0
397,398,1,2,2,1,123,4,0,0,53,1036,0
398,399,2,2,4,3,152,3,0,1,58,1453,0
399,400,3,2,3,1,220,2,2,0,40,3773,0
400,401,4,2,4,3,134,3,0,1,51,1965,0
401,402,1,2,3,2,217,2,2,1,19,2992,0
402,403,0,2,3,2,265,3,0,0,49,2791,0
403,404,1,2,4,2,249,5,1,1,36,3836,0
404,405,2,2,5,3,213,4,1,0,50,2003,0
405,406,3,2,2,2,124,3,0,0,56,1494,0
406,407,4,0,4,1,180,2,0,1,23,1193,0
407,408,1,0,4,5,193,3,1,1,65,2267,0
408,409,0,0,3,2,192,3,1,1,43,3339,0
409,410,1,0,2,5,166,3,1,1,3,1832,0
410,411,2,0,3,2,264,3,1,1,5,3861,0
411,412,3,0,3,4,200,2,1,1,14,3528,0
412,413,4,0,4,3,142,4,1,1,12,1396,0
413,414,1,0,4,1,215,2,0,1,32,3066,0
414,415,0,0,2,1,218,2,0,1,15,2745,0
415,416,1,0,3,2,115,3,0,0,27,1814,0
416,417,2,0,4,3,159,3,0,1,33,1330,0
417,418,3,0,5,5,133,3,0,1,63,1218,0
418,419,4,0,5,2,178,3,0,1,48,1517,0
419,420,1,0,4,2,134,2,0,0,43,1714,0
420,421,0,0,3,1,184,5,1,0,58,2544,0
421,422,1,0,4,2,251,2,1,1,24,2405,0
422,423,2,0,3,2,141,3,0,1,7,1933,0
423,424,3,0,4,4,229,2,1,1,45,3776,0
424,425,4,0,4,1,203,4,0,1,34,3813,0
425,426,1,0,4,3,158,3,1,0,57,1911,0
426,427,0,0,3,4,167,3,1,1,52,1755,0
427,428,1,0,5,4,197,4,0,0,40,3303,0
428,429,2,1,2,2,140,3,0,0,19,1806,0
429,430,3,1,5,1,205,2,1,1,27,3569,0
430,431,4,1,5,5,208,3,0,0,45,2018,0
431,432,1,1,4,2,96,3,0,1,22,1294,0
432,433,0,1,6,4,205,3,0,0,44,2064,0
433,434,1,1,4,2,215,3,1,0,48,2953,0
434,435,2,1,4,1,216,3,0,0,43,2643,0
435,436,3,1,3,1,112,2,2,1,22,1846,0
436,437,4,1,5,4,222,3,0,0,20,3632,0
437,438,1,1,5,2,186,3,1,0,15,2153,0
438,439,0,1,3,5,241,3,1,1,48,2841,0
439,440,1,1,3,3,172,3,0,0,58,1269,0
440,441,2,1,3,5,251,2,2,1,23,2426,0
441,442,3,1,5,3,190,3,2,1,45,2628,0
442,443,4,1,4,3,186,2,1,0,48,2805,0
443,444,1,1,4,4,207,2,1,1,35,2596,0
444,445,0,1,3,3,135,3,0,0,19,1366,0
445,446,1,1,4,4,189,2,1,0,18,2955,0
446,447,2,1,4,4,173,5,1,0,51,1691,0
447,448,3,1,3,4,194,3,1,1,3,2169,0
448,449,4,1,3,1,183,3,0,1,19,3018,0
449,450,1,1,4,3,140,2,0,0,22,1248,0
450,451,0,1,4,4,244,3,1,0,55,2782,0
451,452,1,1,2,3,189,4,0,1,34,3355,0
452,453,2,1,3,2,157,2,1,1,53,1390,0
453,454,3,1,4,1,275,10,1,0,23,2726,0
454,455,4,1,4,5,133,3,0,0,53,1467,0
455,456,1,1,4,1,149,3,1,1,54,1178,0
456,457,0,1,3,3,254,2,2,1,17,3153,0
457,458,1,1,3,4,145,8,0,0,15,1429,0
458,459,2,1,3,2,179,5,0,0,52,1991,0
459,460,3,1,5,2,168,3,0,1,26,1526,0
460,461,4,1,4,1,202,3,1,0,18,3940,0
461,462,1,1,3,4,220,7,0,1,43,2620,0
462,463,0,1,3,4,244,8,0,1,1,2703,0
463,464,1,1,4,2,186,7,1,0,40,3111,0
464,465,2,1,5,2,263,8,1,1,24,3139,0
465,466,3,1,3,2,294,4,0,0,15,1318,0
466,467,4,1,3,5,226,2,1,0,2,1043,0
467,468,1,1,4,4,173,5,1,0,2,1175,0
468,469,0,1,3,5,194,3,1,0,10,2277,0
469,470,1,1,3,5,183,3,0,0,2,3459,0
470,471,2,1,4,1,140,2,0,1,61,1770,0
471,472,3,1,4,3,244,3,1,1,8,3318,0
472,473,4,1,2,2,189,4,0,1,9,3413,0
473,474,1,1,3,1,157,2,1,0,39,1525,0
474,475,0,1,4,3,275,10,1,1,10,2093,0
475,476,1,1,4,5,133,3,0,1,59,1092,0
476,477,2,1,4,2,149,3,1,1,26,1863,0
477,478,3,1,3,4,254,2,2,0,41,3973,0
478,479,4,1,3,4,145,8,0,0,24,1594,0
479,480,1,1,3,5,179,5,0,1,56,1113,0
480,481,0,1,5,4,168,3,0,0,13,1317,0
481,482,1,1,4,5,202,3,1,0,46,3181,0
482,483,2,1,3,3,220,7,0,1,25,2141,0
483,484,3,1,3,2,244,8,0,0,50,3562,0
484,485,4,1,4,3,186,7,1,0,30,2062,0
485,486,1,1,5,5,263,8,1,0,9,2236,0
486,487,0,1,3,1,294,4,0,0,25,1498,0
487,488,1,1,4,1,139,3,0,0,56,1811,0
488,489,2,1,7,5,192,3,0,1,46,1550,0
489,490,3,1,3,3,235,3,0,1,5,3065,0
490,491,4,1,2,1,176,3,0,0,15,1996,0
491,492,1,1,5,4,224,3,0,0,34,2627,0
492,493,0,1,3,4,128,3,1,0,51,1524,0
493,494,1,1,5,4,226,5,0,1,47,2240,0
494,495,2,1,5,1,160,5,1,0,16,1526,0
495,496,3,1,3,1,197,5,0,1,45,2224,0
496,497,4,1,4,2,216,3,0,0,12,2273,0
497,498,1,1,4,4,199,2,0,1,9,3075,0
498,499,0,1,5,5,271,2,0,1,27,3957,0
499,500,1,1,5,1,201,3,0,0,47,2657,0
500,501,2,1,3,4,212,2,0,1,33,2021,0
501,502,3,1,3,2,177,3,0,1,10,1641,0
502,503,4,1,3,4,191,4,1,0,43,2903,0
503,504,1,1,3,2,174,3,0,1,30,1986,0
504,505,0,1,5,3,162,2,0,0,14,1045,0
505,506,1,1,3,1,219,2,0,0,39,2696,0
506,507,2,1,4,4,155,3,1,0,35,1421,0
507,508,3,1,5,3,230,3,1,0,3,2923,0
508,509,4,1,4,5,192,2,1,0,36,2497,0
509,510,1,1,5,2,235,3,0,1,14,2984,0
510,511,0,1,3,2,200,3,0,1,46,3642,0
511,512,1,1,5,2,172,3,1,1,65,1667,0
512,513,2,1,5,4,160,4,0,0,6,1603,0
513,514,3,1,5,3,250,5,0,1,12,2722,0
514,515,4,1,4,2,174,3,0,1,9,1682,0
515,516,1,1,3,2,204,3,2,0,54,3608,0
516,517,0,1,3,5,274,3,1,0,51,3476,0
517,518,1,1,5,5,262,2,1,0,62,3744,0
518,519,2,1,4,5,138,3,1,1,23,1785,0
519,520,3,1,3,1,215,3,1,0,2,3873,0
520,521,4,1,3,1,145,2,0,0,34,1773,0
521,522,1,2,4,5,149,2,1,1,56,1141,0
522,523,0,2,6,5,212,2,1,1,38,2359,0
523,524,1,2,3,1,155,3,1,0,47,1193,0
524,525,2,2,5,2,154,3,0,1,40,1238,0
525,526,3,2,3,3,249,3,1,1,51,2173,0
526,527,4,2,5,1,206,2,0,1,2,3490,0
527,528,1,2,4,5,235,3,1,0,22,2015,0
528,529,0,2,5,5,261,3,1,0,8,3257,0
529,530,1,2,6,1,243,4,2,0,22,3537,0
530,531,2,2,3,2,237,2,2,1,26,3103,0
531,532,3,2,2,4,179,2,0,0,19,1900,0
532,533,4,2,4,3,192,3,0,0,43,3498,0
533,534,1,2,3,1,141,3,1,0,39,1838,0
534,535,0,2,3,2,245,3,0,0,61,2188,0
535,536,1,2,4,4,177,4,1,0,32,1774,0
536,537,2,2,2,3,154,4,2,0,17,1897,0
537,538,3,2,4,4,228,3,1,0,12,3359,0
538,539,4,2,3,3,207,6,2,0,24,3702,0
539,540,1,2,4,4,266,4,1,0,33,2701,0
540,541,0,2,3,3,172,3,1,0,42,1707,0
541,542,1,2,4,3,142,3,0,0,35,1512,0
542,543,2,2,4,5,218,3,0,0,40,3200,0
543,544,3,0,3,3,231,2,0,1,46,2962,0
544,545,4,0,4,2,180,3,0,0,47,1434,0
545,546,1,0,3,1,168,3,0,1,46,1886,0
546,547,0,0,5,5,147,4,2,0,42,1642,0
547,548,1,0,5,4,245,5,0,1,6,3592,0
548,549,2,0,2,4,182,3,1,1,47,3792,0
549,550,3,0,3,4,176,3,1,0,8,1567,0
550,551,4,0,5,3,197,4,1,0,51,2917,0
551,552,1,0,3,5,233,3,1,1,52,3519,0
552,553,0,0,3,4,156,2,0,1,8,1145,0
553,554,1,0,2,3,257,4,1,0,52,2073,0
554,555,2,0,5,4,250,3,0,0,11,3373,0
555,556,3,0,5,4,189,5,0,1,3,3301,0
556,557,4,0,3,3,255,2,2,1,7,3311,0
557,558,1,0,2,3,198,2,1,1,28,3514,0
558,559,0,0,4,2,164,3,1,1,15,1489,0
559,560,1,0,5,2,271,3,1,1,32,3785,0
560,561,2,0,3,1,185,2,1,0,34,3299,0
561,562,3,0,2,5,157,6,2,0,17,1764,0
562,563,4,0,3,2,137,2,1,1,17,1673,0
563,564,1,0,3,3,229,3,0,1,14,2164,0
564,565,0,0,3,3,234,2,1,0,39,2449,0
565,566,1,1,4,3,216,2,0,1,52,3578,0
566,567,2,1,3,1,163,4,0,0,20,1940,0
567,568,3,1,5,2,268,3,0,1,19,2526,0
568,569,4,1,3,3,205,5,1,1,35,2988,0
569,570,1,1,4,5,265,2,1,0,18,2969,0
570,571,0,1,2,2,236,3,1,1,3,3416,0
571,572,1,1,4,1,132,3,0,1,63,1901,0
572,573,2,1,3,4,234,2,1,1,46,3108,0
573,574,3,1,4,3,108,6,0,0,22,1745,0
574,575,4,1,4,2,276,2,0,1,54,3706,0
575,576,1,1,4,2,179,4,0,1,1,1063,0
576,577,0,1,4,1,230,3,1,1,40,2225,0
577,578,1,1,3,2,210,3,1,0,43,2096,0
578,579,2,1,3,2,173,3,0,0,15,1992,0
579,580,3,1,2,5,201,3,1,0,29,3894,0
580,581,4,1,3,3,214,2,0,1,21,3342,0
581,582,1,1,4,2,216,2,1,0,22,3024,0
582,583,0,1,2,5,144,3,1,1,61,1313,0
583,584,1,1,5,5,182,3,1,0,27,3039,0
584,585,2,1,3,3,163,2,1,0,48,1369,0
585,586,3,1,3,3,234,3,1,0,8,2334,0
586,587,4,1,3,2,158,3,2,0,59,1307,0
587,588,1,1,3,5,194,2,1,1,4,3496,0
588,589,0,1,3,1,201,6,1,0,3,2497,0
589,590,1,1,3,2,178,2,1,0,59,1933,0
590,591,2,1,4,1,214,5,1,1,51,2669,0
591,592,3,1,3,3,281,2,1,1,55,3047,0
592,593,4,1,3,2,260,3,1,0,2,2176,0
593,594,1,1,3,2,200,2,1,0,46,3174,0
594,595,0,1,5,3,209,2,2,0,49,2581,0
595,596,1,1,3,1,185,3,0,1,61,3280,0
596,597,2,1,4,3,230,3,0,0,62,2236,0
597,598,3,1,3,4,134,3,1,0,31,1540,0
598,599,4,1,4,5,270,2,0,0,34,2821,0
599,600,1,1,4,1,140,3,1,0,1,1464,0
600,601,0,1,6,3,133,5,1,1,32,1367,0
601,602,1,1,3,4,145,3,1,1,44,1218,0
602,603,2,1,4,3,206,3,1,1,58,2135,0
603,604,3,1,3,1,162,2,0,0,52,1125,0
604,605,4,1,4,3,187,2,0,0,58,3665,0
605,606,1,1,4,4,166,5,0,0,54,1203,0
606,607,0,1,4,5,178,3,0,0,48,1819,0
607,608,1,1,3,1,167,2,2,0,34,1967,0
608,609,2,1,4,4,224,3,2,1,60,3145,0
609,610,3,1,4,4,158,3,1,1,11,1224,0
610,611,4,1,3,4,134,2,1,1,43,1198,0
611,612,1,1,4,2,147,2,1,0,20,1387,0
612,613,0,1,4,3,187,3,0,1,61,2207,0
613,614,1,1,4,5,247,2,1,0,18,2404,0
614,615,2,1,5,4,182,4,2,1,20,2212,0
615,616,3,1,4,1,177,4,1,0,33,1049,0
616,617,4,1,5,5,143,2,2,0,18,1066,0
617,618,1,1,5,3,245,2,1,0,8,3231,0
618,619,0,1,4,1,133,4,1,1,64,1834,0
619,620,1,1,3,5,224,2,0,1,13,3891,0
620,621,2,1,2,5,265,2,0,0,50,3859,0
621,622,3,1,4,1,138,2,0,1,28,1528,0
622,623,4,1,3,4,253,3,0,1,6,3788,0
623,624,1,1,4,1,165,3,1,1,51,1293,0
624,625,0,1,4,3,265,3,0,0,65,3578,0
625,626,1,1,3,2,238,3,2,0,54,3142,0
626,627,2,1,5,2,236,3,0,0,51,3402,0
627,628,3,1,4,2,190,5,2,0,38,3022,0
628,629,4,1,6,1,104,4,1,0,23,1442,0
629,630,1,1,4,5,245,2,0,0,19,2616,0
630,631,0,1,3,1,155,3,1,0,27,1022,0
631,632,1,1,3,2,233,3,0,1,63,2143,0
632,633,2,1,4,3,171,4,0,0,55,1539,0
633,634,3,1,2,3,164,2,0,1,56,1491,0
634,635,4,1,3,1,141,3,0,1,6,1361,0
635,636,1,1,5,3,266,2,0,0,61,2118,0
636,637,0,1,3,4,192,2,0,0,56,3765,0
637,638,1,1,3,3,229,6,1,0,61,2298,0
638,639,2,1,6,2,269,4,1,1,38,3171,0
639,640,3,1,3,4,247,4,0,1,59,2939,0
640,641,4,1,4,4,157,2,0,0,2,1087,0
641,642,1,1,3,2,148,3,1,0,64,1280,0
642,643,0,1,4,1,240,2,0,1,14,2437,0
643,644,1,1,4,3,197,4,1,1,58,3617,0
644,645,2,1,6,4,121,5,0,1,23,1734,0
645,646,3,1,4,2,124,3,2,1,60,1107,0
646,647,4,1,4,2,153,3,1,0,53,1185,0
647,648,1,1,5,2,105,4,2,1,1,1622,0
648,649,0,1,4,3,202,3,1,1,2,3962,0
649,650,1,1,5,4,162,2,0,0,54,1635,0
650,651,2,1,3,4,164,3,1,1,13,1158,0
651,652,3,1,3,2,231,4,1,1,48,3370,0
652,653,4,1,5,2,209,4,1,0,12,2933,0
653,654,1,1,3,1,157,2,2,1,19,1898,0
654,655,0,1,4,5,249,2,0,1,4,2725,0
655,656,1,1,2,3,264,2,0,0,63,2896,0
656,657,2,1,3,1,111,4,0,1,61,1844,0
657,658,3,1,3,1,242,3,1,0,10,3606,0
658,659,4,2,4,4,169,3,0,1,23,1058,0
659,660,1,2,5,3,138,2,0,1,13,1056,0
660,661,0,2,5,1,158,3,0,1,9,1483,0
661,662,1,2,5,3,146,4,0,1,5,1718,0
662,663,2,2,4,4,218,5,1,0,36,2995,0
663,664,3,2,3,2,178,2,1,0,22,1247,0
664,665,4,2,4,5,197,3,0,0,34,3784,0
665,666,1,2,3,3,243,2,1,1,17,3230,0
666,667,0,2,5,2,254,4,2,1,37,2608,0
667,668,1,2,3,1,237,4,0,1,33,2782,0
668,669,2,2,5,1,179,3,0,0,62,1945,0
669,670,3,2,3,2,189,3,1,1,38,2108,0
670,671,4,2,4,3,244,3,1,1,1,3982,0
671,672,1,2,3,3,266,2,1,1,46,3594,0
672,673,0,2,5,4,263,3,2,1,10,2538,0
673,674,1,2,3,2,247,2,1,1,39,3189,0
674,675,2,2,4,5,202,3,0,0,6,2616,0
675,676,3,2,4,4,227,3,1,0,1,2761,0
676,677,4,2,4,5,189,2,0,0,15,2457,0
677,678,1,2,6,4,160,2,0,0,31,1689,0
678,679,0,2,3,3,117,3,1,1,56,1618,0
679,680,1,2,3,1,202,2,2,1,52,2312,0
680,681,2,0,4,3,201,3,1,0,54,2487,0
681,682,3,0,3,4,273,2,1,0,39,2651,0
682,683,4,0,4,4,143,2,1,1,58,1038,0
683,684,1,0,4,5,137,4,2,1,29,1262,0
684,685,0,0,5,5,236,3,2,1,34,3455,0
685,686,1,0,4,2,241,2,0,1,17,3844,0
686,687,2,0,4,2,187,2,0,0,6,3625,0
687,688,3,0,4,5,273,2,2,1,63,3516,0
688,689,4,0,5,2,170,3,0,1,15,1314,0
689,690,1,0,3,5,138,3,0,0,37,1266,0
690,691,0,0,5,4,150,2,0,1,60,1034,0
691,692,1,0,5,5,140,3,2,0,42,1384,0
692,693,2,0,4,1,250,2,0,1,17,3544,0
693,694,3,0,3,3,207,7,1,1,19,2182,0
694,695,4,0,4,4,214,3,0,1,36,2684,0
695,696,1,0,4,1,179,3,0,1,63,1215,0
696,697,0,0,5,1,149,4,1,0,20,1110,0
697,698,1,0,3,5,151,2,0,0,16,1422,0
698,699,2,0,4,3,264,3,1,1,23,2376,0
699,700,3,0,6,5,113,3,2,1,31,1037,0
700,701,4,0,6,1,281,3,1,0,36,2536,0
701,702,1,0,4,2,197,7,1,1,43,3730,0
702,703,0,1,3,4,265,8,0,0,35,3299,0
703,704,1,1,4,2,259,3,0,0,47,3764,0
704,705,2,1,5,1,200,8,0,0,18,3806,0
705,706,3,1,2,4,111,2,2,1,60,1787,0
706,707,4,1,3,5,223,3,1,1,53,3670,0
707,708,1,1,3,3,241,3,0,1,5,2713,0
708,709,0,1,4,1,139,3,0,0,25,1152,0
709,710,1,1,7,1,192,3,0,1,38,1372,0
710,711,2,1,3,4,117,3,1,1,23,1527,0
711,712,3,1,3,1,202,2,2,0,21,3120,0
712,713,4,1,4,2,201,3,1,0,39,2066,0
713,714,1,1,3,3,273,2,1,0,16,2466,0
714,715,0,1,4,3,143,2,1,0,64,1910,0
715,716,1,1,4,1,137,4,2,1,15,1391,0
716,717,2,1,5,3,236,3,2,0,47,3519,0
717,718,3,1,4,1,241,2,0,0,39,2935,0
718,719,4,1,4,5,187,2,0,1,44,3218,0
719,720,1,1,4,3,273,2,2,1,43,3462,0
720,721,0,1,5,3,170,3,0,0,12,1018,0
721,722,1,1,3,4,138,3,0,0,54,1648,0
722,723,2,1,5,3,150,2,0,1,2,1682,0
723,724,3,1,5,4,140,3,2,0,56,1332,0
724,725,4,1,4,3,250,2,0,0,46,2878,0
725,726,1,1,3,4,207,7,1,0,46,2670,0
726,727,0,1,4,2,214,3,0,0,18,2574,0
727,728,1,1,4,3,179,3,0,1,45,1903,0
728,729,2,1,5,2,149,4,1,1,48,1068,0
729,730,3,1,3,1,151,2,0,0,4,1748,0
730,731,4,1,4,5,264,3,1,1,16,2245,0
731,732,1,1,6,5,113,3,2,0,35,1402,0
732,733,0,1,6,3,281,3,1,1,11,2135,0
733,734,1,1,4,4,197,7,1,0,22,2065,0
734,735,2,1,3,4,265,8,0,1,2,3622,0
735,736,3,1,4,1,259,3,0,1,39,2427,0
736,737,4,1,5,3,200,8,0,0,9,2741,0
737,738,1,1,2,1,111,2,2,0,10,1920,0
738,739,0,1,3,2,223,3,1,0,6,2127,0
739,740,1,1,3,2,241,3,0,1,22,3030,0
740,741,2,1,4,5,139,3,0,0,65,1277,0
741,742,3,1,7,4,192,3,0,0,33,1694,0
742,743,4,1,3,5,180,4,1,0,59,1481,0
743,744,1,1,3,3,153,5,0,1,35,1089,0
744,745,0,1,2,4,280,4,0,1,48,1463,0
745,746,1,1,7,5,243,5,1,1,28,1100,0
746,747,2,1,3,4,214,2,0,1,50,3881,0
747,748,3,1,4,4,177,2,0,1,6,1112,0
748,749,4,1,3,2,182,3,1,0,39,3828,0
749,750,1,1,4,5,185,3,1,1,17,2824,0
750,751,0,1,3,3,143,3,1,1,23,1281,0
751,752,1,1,3,3,162,3,1,1,7,1901,0
752,753,2,1,3,1,171,2,0,1,34,1999,0
753,754,3,1,5,1,227,3,0,0,14,2589,0
754,755,4,1,3,5,205,6,0,0,25,2232,0
755,756,1,1,3,5,258,3,0,1,17,3033,0
756,757,0,1,4,5,195,5,1,0,10,3537,0
757,758,1,1,4,1,224,2,0,1,8,3638,0
758,759,2,1,2,5,192,6,0,0,41,2673,0
759,760,3,1,3,3,202,3,1,0,35,3986,0
760,761,4,1,5,3,235,2,1,0,12,3358,0
761,762,1,1,3,4,218,3,0,1,22,3818,0
762,763,0,1,6,5,176,4,1,1,31,1262,0
763,764,1,1,3,3,221,2,1,0,26,3120,0
764,765,2,1,3,4,157,3,0,0,32,1370,0
765,766,3,1,4,2,259,4,0,0,13,2495,0
766,767,4,1,2,1,249,3,0,1,11,2534,0
767,768,1,1,4,1,263,5,0,0,62,2292,0
768,769,0,1,4,3,141,3,0,0,2,1915,0
769,770,1,1,4,1,114,3,1,0,9,1240,0
770,771,2,1,3,4,179,4,0,0,44,1004,0
771,772,3,1,4,3,179,3,1,1,40,1584,0
772,773,4,1,3,5,193,3,0,0,47,3523,0
773,774,1,1,3,2,137,3,1,0,23,1246,0
774,775,0,1,3,5,110,3,0,1,55,1875,0
775,776,1,1,3,1,270,3,1,0,61,3582,0
776,777,2,1,5,1,175,3,1,0,64,1110,0
777,778,3,1,5,1,234,2,0,1,12,2372,0
778,779,4,1,2,4,177,3,1,1,48,1113,0
779,780,1,1,3,4,153,2,0,0,24,1442,0
780,781,0,1,4,5,252,3,0,1,16,2332,0
781,782,1,1,2,4,122,2,0,0,32,1213,0
782,783,2,1,4,5,215,2,1,0,34,2258,0
783,784,3,1,3,3,140,4,0,0,47,1207,0
784,785,4,1,3,1,209,2,0,1,43,2237,0
785,786,1,1,2,3,144,3,2,1,40,1500,0
786,787,0,1,4,2,210,3,0,1,16,2046,0
787,788,1,1,5,1,160,3,1,0,22,1693,0
788,789,2,1,5,4,134,2,0,0,20,1549,0
789,790,3,1,3,2,138,3,1,0,34,1159,0
790,791,4,1,4,3,200,2,1,1,65,3485,0
791,792,1,1,5,4,133,2,1,1,30,1161,0
792,793,0,1,2,4,121,5,0,1,32,1788,0
793,794,1,1,4,3,257,3,1,1,5,2489,0
794,795,2,1,4,5,255,4,0,1,14,3099,0
795,796,3,2,4,1,158,3,0,0,32,1061,0
796,797,4,2,4,4,248,4,0,0,49,2322,0
797,798,1,2,2,3,194,4,1,1,65,3795,0
798,799,0,2,4,3,184,3,1,0,19,2774,0
799,800,1,2,5,5,249,4,1,0,38,2797,0
800,801,2,2,5,5,170,2,1,0,36,1278,0
801,802,3,2,3,4,261,2,1,0,1,3398,0
802,803,4,2,3,2,262,2,0,0,26,2370,0
803,804,1,2,4,4,224,3,1,1,9,2952,0
804,805,0,2,3,4,130,2,1,0,42,1213,0
805,806,1,2,4,1,133,3,0,1,57,1379,0
806,807,2,2,3,1,145,4,0,0,58,1751,0
807,808,3,2,2,4,136,6,0,0,53,1213,0
808,809,4,2,4,5,163,5,0,1,24,1658,0
809,810,1,2,3,3,183,3,0,0,45,2181,0
810,811,0,2,5,3,216,3,1,0,1,2434,0
811,812,1,2,4,1,182,3,1,1,28,2005,0
812,813,2,2,4,5,191,3,0,0,19,2392,0
813,814,3,2,3,2,140,2,2,0,7,1401,0
814,815,4,2,4,4,161,3,2,0,59,1165,0
815,816,1,2,4,2,200,4,0,1,43,2747,0
816,817,0,2,4,1,176,3,1,0,36,1891,0
817,818,1,0,5,2,247,3,0,1,32,3645,0
818,819,2,0,3,4,262,2,0,1,15,3287,0
819,820,3,0,4,5,154,2,0,0,49,1532,0
820,821,4,0,3,1,186,3,1,0,11,3800,0
821,822,1,0,2,1,98,3,0,0,29,1806,0
822,823,0,0,3,3,268,3,0,0,33,3872,0
823,824,1,0,5,3,178,2,1,0,60,1830,0
824,825,2,0,3,1,142,2,2,1,18,1428,0
825,826,3,0,4,5,160,3,0,1,33,1837,0
826,827,4,0,5,2,232,2,1,1,24,2174,0
827,828,1,0,4,2,209,2,0,0,23,2533,0
828,829,0,0,4,2,230,3,1,1,33,3602,0
829,830,1,0,5,4,223,3,0,0,40,2074,0
830,831,2,0,4,4,201,3,2,0,7,2644,0
831,832,3,0,3,5,224,3,1,0,20,2937,0
832,833,4,0,2,3,251,3,0,0,2,3351,0
833,834,1,0,3,4,145,6,1,1,57,1949,0
834,835,0,0,5,4,271,3,1,0,16,2563,0
835,836,1,0,3,5,218,4,1,1,60,3048,0
836,837,2,0,3,4,229,2,0,1,51,2628,0
837,838,3,0,5,2,278,2,0,0,17,2493,0
838,839,4,0,2,4,168,3,0,0,15,1886,0
839,840,1,1,5,2,151,6,1,1,12,1920,0
840,841,0,1,3,1,232,3,0,1,9,2958,0
841,842,1,1,3,2,140,2,0,0,16,1685,0
842,843,2,1,4,2,141,3,0,1,34,1619,0
843,844,3,1,5,4,182,5,1,0,23,3398,0
844,845,4,1,4,2,139,5,0,0,52,1977,0
845,846,1,1,5,2,145,5,1,0,22,1818,0
846,847,0,1,4,4,140,3,1,1,11,1911,0
847,848,1,1,3,4,267,3,1,0,62,3589,0
848,849,2,1,3,1,191,3,2,0,60,2069,0
849,850,3,1,4,2,133,4,1,0,52,1401,0
850,851,4,1,4,2,170,2,0,0,1,1446,0
851,852,1,1,4,5,170,2,0,0,57,1533,0
852,853,0,1,3,2,149,4,1,0,21,1636,0
853,854,1,1,5,4,279,2,1,0,1,3933,0
854,855,2,1,4,3,121,2,1,1,11,1906,0
855,856,3,1,3,2,139,2,0,1,63,1767,0
856,857,4,1,3,4,265,2,2,0,64,2493,0
857,858,1,1,5,2,239,5,1,1,24,2472,0
858,859,0,1,4,3,119,5,1,1,5,1841,0
859,860,1,1,4,1,265,4,0,0,30,3896,0
860,861,2,1,5,3,144,6,1,0,35,1009,0
861,862,3,1,3,2,148,2,0,0,58,1537,0
862,863,4,1,5,4,269,2,1,1,38,2770,0
863,864,1,1,2,3,188,3,1,0,51,3191,0
864,865,0,1,3,4,187,2,2,1,8,3725,0
865,866,1,1,6,1,168,5,2,0,65,1601,0
866,867,2,1,4,1,199,2,0,0,46,3371,0
867,868,3,1,4,3,261,3,0,0,10,2802,0
868,869,4,1,3,1,218,3,0,1,4,2304,0
869,870,1,1,3,1,196,3,0,0,64,2911,0
870,871,0,1,4,5,147,3,1,0,46,1469,0
871,872,1,1,4,2,208,3,2,1,17,2777,0
872,873,2,1,3,1,178,5,0,0,15,1242,0
873,874,3,1,4,4,197,3,1,1,20,3080,0
874,875,4,1,2,4,206,2,0,0,30,3955,0
875,876,1,1,4,1,222,3,1,1,45,3158,0
876,877,0,1,3,3,247,2,1,1,55,3461,0
877,878,1,1,4,1,222,3,1,1,25,2582,0
878,879,2,1,6,1,205,5,0,1,14,3213,0
879,880,3,1,5,2,244,3,0,1,8,3571,0
880,881,4,1,2,4,194,6,1,0,39,3770,0
881,882,1,1,4,5,190,2,0,1,36,3548,0
882,883,0,1,3,4,169,2,0,1,17,1242,0
883,884,1,1,3,2,251,2,0,0,5,3443,0
884,885,2,1,2,2,161,2,1,0,1,1642,0
885,886,3,1,3,2,252,4,0,1,29,2353,0
886,887,4,1,4,2,271,3,0,0,19,2693,0
887,888,1,1,5,3,150,3,1,1,21,1187,0
888,889,0,1,3,5,212,3,2,1,6,2069,0
889,890,1,1,5,3,198,4,2,1,65,3407,0
890,891,2,1,3,4,266,2,2,0,33,3798,0
891,892,3,1,3,4,255,4,0,0,12,2266,0
892,893,4,1,4,1,166,3,2,0,3,1453,0
893,894,1,1,3,2,232,2,0,0,39,2139,0
894,895,0,1,3,5,198,2,1,0,62,3015,0
895,896,1,1,4,3,170,3,0,0,21,1588,0
896,897,2,1,4,2,162,2,0,1,16,1014,0
897,898,3,1,3,4,135,3,0,1,22,1378,0
898,899,4,1,3,5,242,3,1,1,19,3753,0
899,900,1,1,4,3,206,3,1,0,20,2247,0
900,901,0,1,5,5,253,6,1,1,59,2627,0
901,902,1,1,5,3,208,3,1,1,35,3884,0
902,903,2,1,3,3,250,3,0,0,33,3463,0
903,904,3,1,4,1,143,2,1,1,3,1996,0
904,905,4,1,5,5,236,3,1,0,62,3365,0
905,906,1,1,4,4,147,3,0,1,13,1145,0
906,907,0,1,2,5,113,5,0,1,43,1638,0
907,908,1,1,5,1,165,2,2,1,54,1190,0
908,909,2,1,4,1,235,4,0,1,22,2066,0
909,910,3,1,4,5,186,10,0,0,42,3521,0
910,911,4,1,4,2,274,10,1,0,29,2949,0
911,912,1,1,2,5,163,3,1,0,37,1079,0
912,913,0,1,4,4,161,3,0,0,6,1386,0
913,914,1,1,4,4,264,2,0,1,35,2336,0
914,915,2,1,3,1,255,2,1,1,42,3459,0
915,916,3,1,4,1,258,3,1,1,3,3928,0
916,917,4,1,5,5,261,8,1,1,39,2103,0
917,918,1,1,5,3,188,7,1,1,3,3637,0
918,919,0,1,3,4,188,3,2,1,11,3072,0
919,920,1,1,3,2,160,10,1,1,25,1548,0
920,921,2,1,3,2,214,2,0,1,26,3503,0
921,922,3,1,4,4,209,8,1,0,46,3345,0
922,923,4,1,4,1,208,7,2,1,8,2193,0
923,924,1,1,3,3,265,4,0,1,47,2557,0
924,925,0,1,4,1,161,2,2,0,41,1992,0
925,926,1,1,5,3,217,3,2,0,61,3067,0
926,927,2,1,3,1,210,2,0,0,52,2444,0
927,928,3,1,3,3,179,2,0,0,60,1808,0
928,929,4,1,3,2,180,4,1,1,55,1165,0
929,930,1,1,3,3,153,5,0,0,12,1972,0
930,931,0,1,4,3,162,2,0,1,2,1714,0
931,932,1,1,3,2,135,3,0,1,27,1898,0
932,933,2,2,3,5,242,3,1,0,3,2268,0
933,934,3,2,4,4,206,3,1,0,33,2804,0
934,935,4,2,5,1,253,6,1,1,12,2486,0
935,936,1,2,5,2,208,3,1,1,8,3442,0
936,937,0,2,3,2,250,3,0,0,49,3798,0
937,938,1,2,4,5,143,2,1,0,20,1360,0
938,939,2,2,5,3,236,3,1,1,7,3589,0
939,940,3,2,4,1,147,3,0,0,15,1956,0
940,941,4,2,2,1,113,5,0,0,9,1957,0
941,942,1,2,5,4,165,2,2,1,46,1482,0
942,943,0,2,4,4,235,4,0,1,50,2020,0
943,944,1,2,4,2,186,10,0,1,45,3722,0
944,945,2,2,4,5,274,10,1,0,5,3910,0
945,946,3,2,2,2,163,3,1,1,35,1547,0
946,947,4,2,4,2,161,3,0,0,22,1819,0
947,948,1,2,4,1,264,2,0,1,8,2436,0
948,949,0,2,3,3,255,2,1,1,3,2894,0
949,950,1,2,4,1,258,3,1,1,53,2428,0
950,951,2,2,5,2,261,8,1,0,1,3308,0
951,952,3,2,5,4,188,7,1,0,48,2466,0
952,953,4,2,3,5,188,3,2,0,9,3206,0
953,954,1,2,3,1,160,10,1,0,29,1952,0
954,955,0,0,3,1,214,2,0,0,50,2720,0
955,956,1,0,4,5,209,8,1,0,59,2948,0
956,957,2,0,4,1,208,7,2,0,65,2674,0
957,958,3,0,3,1,265,4,0,1,50,2249,0
958,959,4,0,4,1,161,2,2,0,21,1075,0
959,960,1,0,5,2,217,3,2,1,21,2600,0
960,961,0,0,3,4,210,2,0,0,35,2741,0
961,962,1,0,3,3,179,2,0,0,62,1765,0
962,963,2,0,3,2,180,4,1,1,52,1329,0
963,964,3,0,4,5,158,5,1,0,55,1936,0
964,965,4,0,6,1,291,5,1,0,53,1682,0
965,966,1,0,5,2,231,2,1,0,55,3894,0
966,967,0,0,4,5,163,4,0,0,49,1470,0
967,968,1,0,5,3,146,3,0,1,41,1204,0
968,969,2,0,2,5,272,2,0,1,24,3638,0
969,970,3,0,2,1,121,2,1,0,18,1839,0
970,971,4,0,6,2,118,2,0,1,40,1014,0
971,972,1,0,3,5,173,2,0,1,14,1638,0
972,973,0,0,4,5,243,2,0,1,23,2686,0
973,974,1,0,5,4,229,3,1,1,29,2505,0
974,975,2,0,5,3,96,4,1,0,12,1655,0
975,976,3,0,5,5,249,3,1,1,55,3558,0
976,977,4,1,3,2,165,2,0,0,24,1966,0
977,978,1,1,4,5,223,3,1,0,63,2427,0
978,979,0,1,3,3,267,2,0,0,52,2949,0
979,980,1,1,4,4,140,2,0,0,47,1831,0
980,981,2,1,4,4,209,3,0,0,44,2075,0
981,982,3,1,3,5,243,3,1,1,4,3189,0
982,983,4,1,3,2,175,4,1,0,17,1276,0
983,984,1,1,5,4,133,3,0,1,9,1051,0
984,985,0,1,3,3,167,3,1,0,24,1111,0
985,986,1,1,6,1,172,6,2,0,50,1052,0
986,987,2,1,5,4,257,2,0,1,55,2257,0
987,988,3,1,3,3,202,2,1,1,39,3857,0
988,989,4,1,3,1,223,3,1,0,31,3942,0
989,990,1,1,3,2,182,2,0,0,40,2592,0
990,991,0,1,3,2,234,3,1,1,33,2789,0
991,992,1,1,3,5,140,3,0,0,30,1035,0
992,993,2,1,4,3,136,3,1,1,9,1548,0
993,994,3,1,4,3,210,3,1,0,6,2568,0
994,995,4,1,5,1,259,3,2,0,37,3023,0
995,996,1,1,4,2,141,2,1,1,52,1012,0
996,997,0,1,4,3,151,4,1,1,13,1583,0
997,998,1,1,3,5,164,3,1,0,43,1423,0
998,999,2,1,3,3,141,2,1,0,48,1758,0
999,1000,3,1,3,3,271,2,1,1,15,3542,0
1000,1001,4,1,4,3,191,4,0,0,15,2544,0
1001,1002,1,1,3,1,181,3,1,1,22,3266,0
1002,1003,0,1,3,3,241,5,0,1,8,2182,0
1003,1004,1,1,3,3,254,3,1,1,3,2837,0
1004,1005,2,1,3,2,146,6,1,0,62,1162,0
1005,1006,3,1,5,1,271,2,2,1,46,2744,0
1006,1007,4,1,3,1,185,2,1,0,42,2803,0
1007,1008,1,1,4,5,170,3,0,0,9,1138,0
1008,1009,0,1,4,1,265,2,1,1,18,3327,0
1009,1010,1,1,4,4,142,4,0,0,8,1777,0
1010,1011,2,1,2,5,228,2,0,0,49,3024,0
1011,1012,3,1,4,5,262,4,0,1,16,2871,0
1012,1013,4,1,3,3,205,2,1,0,54,2427,0
1013,1014,1,1,4,1,178,2,2,1,39,1362,0
1014,1015,0,1,2,2,153,2,0,1,46,1130,0
1015,1016,1,1,3,4,186,2,0,1,63,3447,0
1016,1017,2,1,4,1,167,3,2,0,22,1403,0
1017,1018,3,1,3,3,148,2,0,1,42,1950,0
1018,1019,4,1,3,2,167,2,0,1,2,1010,0
1019,1020,1,1,3,2,261,5,1,1,45,2488,0
1020,1021,0,1,3,4,166,3,1,1,43,1095,0
1021,1022,1,1,3,1,226,2,0,1,18,2319,0
1022,1023,2,1,3,4,260,3,0,0,21,2003,0
1023,1024,3,1,5,1,246,3,1,0,44,3993,0
1024,1025,4,1,3,2,221,3,0,0,21,3686,0
1025,1026,1,1,5,4,191,4,1,1,63,2039,0
1026,1027,0,1,3,1,138,5,1,0,8,1349,0
1027,1028,1,1,3,1,146,3,1,1,16,1714,0
1028,1029,2,1,3,3,193,3,1,1,11,3188,0
1029,1030,3,1,3,1,229,2,1,0,12,3111,0
1030,1031,4,1,4,1,239,2,2,1,16,2504,0
1031,1032,1,1,6,2,103,4,1,1,37,1093,0
1032,1033,0,1,5,4,254,5,0,0,36,2039,0
1033,1034,1,1,2,2,198,2,0,1,11,3686,0
1034,1035,2,1,3,3,208,3,1,1,61,3783,0
1035,1036,3,1,3,5,253,2,1,1,17,2205,0
1036,1037,4,1,4,3,261,2,2,1,47,2336,0
1037,1038,1,1,3,1,156,3,1,1,49,1253,0
1038,1039,0,1,4,3,97,2,0,1,26,1598,0
1039,1040,1,1,2,5,275,2,0,1,41,2546,0
1040,1041,2,1,2,1,189,2,2,1,48,2429,0
1041,1042,3,1,3,1,236,3,1,1,28,3290,0
1042,1043,4,1,5,1,170,3,1,0,60,1883,0
1043,1044,1,1,4,2,251,2,0,1,53,2673,0
1044,1045,0,1,3,3,205,2,1,0,58,2187,0
1045,1046,1,1,4,5,135,3,1,0,53,1744,0
1046,1047,2,1,3,3,231,2,1,0,24,2177,0
1047,1048,3,1,3,4,257,3,1,1,56,2941,0
1048,1049,4,1,5,2,162,3,2,1,57,1233,0
1049,1050,1,1,6,5,237,5,2,0,63,2573,0
1050,1051,0,1,3,4,134,4,1,1,53,1887,0
1051,1052,1,1,2,1,163,3,1,0,24,1119,0
1052,1053,2,1,5,5,264,3,1,0,27,2019,0
1053,1054,3,1,5,2,173,4,0,1,21,1674,0
1054,1055,4,1,2,4,191,3,0,0,58,2586,0
1055,1056,1,1,3,3,152,3,1,1,5,1385,0
1056,1057,0,1,3,4,272,4,0,0,23,2048,0
1057,1058,1,1,4,2,198,2,0,1,60,3368,0
1058,1059,2,1,4,3,260,4,1,1,40,3668,0
1059,1060,3,1,4,3,158,6,1,1,43,1478,0
1060,1061,4,1,5,3,252,4,1,1,63,3729,0
1061,1062,1,1,4,2,199,3,0,1,64,2470,0
1062,1063,0,1,4,2,272,4,0,1,62,2307,0
1063,1064,1,1,3,4,209,3,0,1,37,2215,0
1064,1065,2,1,3,2,147,4,0,1,13,1657,0
1065,1066,3,1,4,2,166,4,0,0,63,1759,0
1066,1067,4,1,3,4,165,2,0,1,48,1706,0
1067,1068,1,1,4,5,162,2,1,0,57,1715,0
1068,1069,0,1,3,3,255,3,1,1,23,3764,0
1069,1070,1,2,5,5,179,5,0,1,38,1437,0
1070,1071,2,2,3,4,250,2,2,1,61,3207,0
1071,1072,3,2,3,5,251,2,0,0,28,3936,0
1072,1073,4,2,4,4,198,2,0,0,5,2270,0
1073,1074,1,2,3,1,148,2,1,1,34,1053,0
1074,1075,0,2,4,5,268,3,1,0,3,2758,0
1075,1076,1,2,5,2,239,3,0,0,47,3673,0
1076,1077,2,2,3,4,195,3,1,1,10,2021,0
1077,1078,3,2,4,3,252,2,1,0,51,2658,0
1078,1079,4,2,3,5,272,3,1,1,48,3780,0
1079,1080,1,2,2,4,141,3,1,0,27,1628,0
1080,1081,0,2,3,1,224,3,0,0,45,3624,0
1081,1082,1,2,6,3,270,3,0,0,56,3251,0
1082,1083,2,2,6,3,236,3,1,1,6,2639,0
1083,1084,3,2,3,1,227,3,1,0,47,3512,0
1084,1085,4,2,3,4,262,3,0,1,7,2424,0
1085,1086,1,2,3,1,228,2,0,1,45,2257,0
1086,1087,0,2,4,2,176,3,0,1,23,1909,0
1087,1088,1,2,4,2,147,3,1,1,44,1873,0
1088,1089,2,2,5,2,196,3,1,1,44,2085,0
1089,1090,3,2,3,1,112,5,1,0,41,1249,0
1090,1091,4,2,4,2,221,2,1,1,54,3065,0
1091,1092,1,0,3,5,154,3,1,1,46,1312,0
1092,1093,0,0,4,4,200,3,0,1,19,2976,0
1093,1094,1,0,2,5,216,2,1,0,57,3807,0
1094,1095,2,0,3,1,185,3,1,1,3,3051,0
1095,1096,3,0,4,2,199,3,0,1,23,2994,0
1096,1097,4,0,5,2,265,3,0,0,12,2892,0
1097,1098,1,0,3,2,263,3,0,0,57,2113,0
1098,1099,0,0,4,2,181,2,0,0,28,2815,0
1099,1100,1,0,4,3,163,2,0,0,12,1092,0
1100,1101,2,0,5,2,260,2,1,1,23,3962,0
1101,1102,3,0,6,2,159,5,1,0,22,1247,0
1102,1103,4,0,4,1,227,3,1,1,54,3043,0
1103,1104,1,0,3,3,104,5,1,0,41,1936,0
1104,1105,0,0,3,4,188,4,0,0,49,3067,0
1105,1106,1,0,5,3,202,3,2,1,41,3536,0
1106,1107,2,0,3,3,213,6,0,0,17,2424,0
1107,1108,3,0,3,1,211,2,0,0,45,3332,0
1108,1109,4,0,4,4,232,3,1,0,61,2484,0
1109,1110,1,0,4,3,143,2,2,1,39,1727,0
1110,1111,0,0,5,1,196,3,1,1,24,2957,0
1111,1112,1,0,4,1,150,6,1,0,42,1070,0
1112,1113,2,0,5,1,222,3,2,1,21,2351,0
1113,1114,3,1,3,2,203,3,2,1,3,2791,0
1114,1115,4,1,5,2,178,3,1,1,60,1176,0
1115,1116,1,1,4,2,272,2,0,1,21,3271,0
1116,1117,0,1,4,2,182,3,0,1,58,3943,0
1117,1118,1,1,4,4,205,3,0,0,11,2255,0
1118,1119,2,1,3,2,171,3,1,1,11,1282,0
1119,1120,3,1,4,1,172,2,0,1,48,1993,0
1120,1121,4,1,3,2,210,2,1,1,30,3928,0
1121,1122,1,1,2,1,264,3,1,1,10,3409,0
1122,1123,0,1,4,1,181,4,0,0,46,2399,0
1123,1124,1,1,3,5,240,3,1,0,54,2919,0
1124,1125,2,1,4,4,140,4,1,0,46,1442,0
1125,1126,3,1,6,4,283,5,1,0,35,2686,0
1126,1127,4,1,4,3,263,4,1,1,23,2960,0
1127,1128,1,1,4,4,136,3,2,0,35,1234,0
1128,1129,0,1,4,4,145,4,0,0,35,1210,0
1129,1130,1,1,3,3,162,2,0,0,42,1763,0
1130,1131,2,1,5,1,230,6,0,0,60,2067,0
1131,1132,3,1,3,3,148,5,1,1,61,1452,0
1132,1133,4,1,3,3,175,3,2,0,45,1212,0
1133,1134,1,1,4,2,227,2,2,1,35,3583,0
1134,1135,0,1,4,1,177,4,0,0,13,1569,0
1135,1136,1,1,6,1,257,3,1,1,60,3416,0
1136,1137,2,1,5,5,198,5,1,1,36,2803,0
1137,1138,3,1,3,5,251,3,1,1,59,3651,0
1138,1139,4,1,5,5,158,3,1,0,47,1246,0
1139,1140,1,1,4,5,171,6,1,0,27,1840,0
1140,1141,0,1,4,1,260,2,0,1,2,2980,0
1141,1142,1,1,3,4,263,3,0,1,42,2992,0
1142,1143,2,1,6,3,269,2,2,1,43,2300,0
1143,1144,3,1,3,3,224,2,0,0,37,3220,0
1144,1145,4,1,4,1,118,5,0,1,50,1413,0
1145,1146,1,1,5,1,186,10,0,1,64,2529,0
1146,1147,0,1,5,5,191,2,2,1,34,2708,0
1147,1148,1,1,5,5,174,6,1,0,26,1184,0
1148,1149,2,1,3,1,140,2,1,0,55,1339,0
1149,1150,3,1,4,2,193,2,2,0,48,2371,0
1150,1151,4,1,3,4,148,10,2,0,12,1779,0
1151,1152,1,1,2,2,176,5,0,0,55,1211,0
1152,1153,0,1,4,1,135,10,1,1,35,1989,0
1153,1154,1,1,6,5,154,10,1,0,48,1990,0
1154,1155,2,1,4,5,143,8,0,1,44,1756,0
1155,1156,3,1,4,3,173,2,0,0,10,1179,0
1156,1157,4,1,4,5,262,3,1,0,38,3139,0
1157,1158,1,1,4,1,171,3,0,0,58,1516,0
1158,1159,0,1,4,3,246,2,0,1,55,2387,0
1159,1160,1,1,3,4,266,2,2,0,55,2779,0
1160,1161,2,1,4,5,127,8,0,1,39,1411,0
1161,1162,3,1,5,2,167,8,0,1,28,1921,0
1162,1163,4,1,4,2,187,4,1,1,37,2200,0
1163,1164,1,1,3,2,162,2,0,0,54,1614,0
1164,1165,0,1,5,2,230,6,0,1,10,3604,0
1165,1166,1,1,3,4,148,5,1,0,50,1540,0
1166,1167,2,1,3,3,175,3,2,0,55,1229,0
1167,1168,3,1,4,1,227,2,2,1,60,3080,0
1168,1169,4,1,4,3,177,4,0,1,38,1767,0
1169,1170,1,1,6,1,257,3,1,1,37,2239,0
1170,1171,0,1,5,1,198,5,1,0,49,3187,0
1171,1172,1,1,3,1,251,3,1,0,18,2240,0
1172,1173,2,1,5,2,158,3,1,1,16,1499,0
1173,1174,3,1,4,3,171,6,1,0,9,1909,0
1174,1175,4,1,4,3,260,2,0,1,38,2526,0
1175,1176,1,1,3,1,263,3,0,1,25,3689,0
1176,1177,0,1,6,4,269,2,2,1,47,4000,0
1177,1178,1,1,3,2,224,2,0,0,49,3749,0
1178,1179,2,1,4,3,118,5,0,0,15,1601,0
1179,1180,3,1,5,4,186,10,0,0,24,3621,0
1180,1181,4,1,5,2,191,2,2,0,6,2059,0
1181,1182,1,1,5,1,174,6,1,1,44,1635,0
1182,1183,0,1,3,3,140,2,1,1,55,1847,0
1183,1184,1,1,4,1,193,2,2,1,37,3510,0
1184,1185,2,1,3,5,148,10,2,0,35,1597,0
1185,1186,3,1,2,3,176,5,0,1,29,1254,0
1186,1187,4,1,4,4,135,10,1,0,57,1361,0
1187,1188,1,1,6,5,154,10,1,0,14,1204,0
1188,1189,0,1,4,5,143,8,0,1,38,1095,0
1189,1190,1,1,4,2,173,2,0,0,30,1336,0
1190,1191,2,1,4,3,262,3,1,1,46,2904,0
1191,1192,3,1,4,5,171,3,0,0,21,1683,0
1192,1193,4,1,4,4,246,2,0,1,11,2282,0
1193,1194,1,1,3,4,266,2,2,1,49,2643,0
1194,1195,0,1,4,1,127,8,0,0,12,1519,0
1195,1196,1,1,5,5,167,8,0,1,44,1547,0
1196,1197,2,1,4,2,187,4,1,1,49,3225,0
1197,1198,3,1,6,2,294,4,0,1,35,1625,0
1198,1199,4,1,4,2,158,4,0,0,13,1785,0
1199,1200,1,1,6,5,135,5,0,1,55,1078,0
1200,1201,0,1,4,2,238,3,0,0,28,1915,0
1201,1202,1,1,6,1,213,3,0,1,63,1548,0
1202,1203,2,1,4,4,237,2,1,1,21,1495,0
1203,1204,3,1,4,1,257,3,0,1,47,1308,0
1204,1205,4,1,5,2,198,5,0,1,65,1994,0
1205,1206,1,1,3,3,218,3,1,1,48,3425,0
1206,1207,0,2,4,4,236,4,0,1,65,2280,0
1207,1208,1,2,3,1,100,3,0,0,17,1129,0
1208,1209,2,2,3,1,154,2,0,0,44,1994,0
1209,1210,3,2,5,1,238,3,0,1,32,3832,0
1210,1211,4,2,5,5,128,5,0,1,34,1008,0
1211,1212,1,2,4,1,140,3,1,1,9,1431,0
1212,1213,0,2,2,4,187,3,0,1,50,3878,0
1213,1214,1,2,4,3,256,3,0,0,15,3155,0
1214,1215,2,2,3,3,270,4,0,0,18,2397,0
1215,1216,3,2,4,2,202,2,0,0,45,3008,0
1216,1217,4,2,3,5,256,3,0,0,62,2971,0
1217,1218,1,2,4,3,135,2,1,0,37,1597,0
1218,1219,0,2,4,4,184,4,1,1,8,2306,0
1219,1220,1,2,5,5,169,4,1,0,23,1922,0
1220,1221,2,2,3,2,178,4,1,0,48,1079,0
1221,1222,3,2,4,5,265,3,1,0,41,3101,0
1222,1223,4,2,4,3,217,2,1,1,22,2138,0
1223,1224,1,2,3,1,258,2,1,1,11,2791,0
1224,1225,0,2,3,3,218,2,1,1,9,2069,0
1225,1226,1,2,3,1,135,2,1,1,7,1316,0
1226,1227,2,2,3,3,150,2,1,0,61,1053,0
1227,1228,3,2,3,4,200,3,1,0,49,2942,0
1228,1229,4,0,6,1,136,3,2,1,12,1592,0
1229,1230,1,0,3,2,119,2,0,1,32,1791,0
1230,1231,0,0,5,4,212,6,1,0,5,2041,0
1231,1232,1,0,4,2,272,2,0,1,57,2377,0
1232,1233,2,0,4,2,166,3,0,1,5,1610,0
1233,1234,3,0,3,5,176,3,2,0,1,1982,0
1234,1235,4,0,2,3,280,4,0,1,17,3555,0
1235,1236,1,0,3,2,169,2,1,0,19,1922,0
1236,1237,0,0,3,1,231,6,1,0,64,3627,0
1237,1238,1,0,4,1,140,2,0,0,5,1274,0
1238,1239,2,0,3,5,183,3,1,0,44,3158,0
1239,1240,3,0,4,5,157,3,1,1,28,1557,0
1240,1241,4,0,4,5,210,4,1,0,28,3905,0
1241,1242,1,0,4,5,227,4,0,0,20,2217,0
1242,1243,0,0,4,1,250,2,1,1,45,3021,0
1243,1244,1,0,6,3,171,5,2,1,61,1947,0
1244,1245,2,0,4,2,136,2,1,0,17,1285,0
1245,1246,3,0,4,3,258,3,1,1,58,2579,0
1246,1247,4,0,6,2,271,5,0,1,14,2514,0
1247,1248,1,0,4,4,197,3,0,0,29,2915,0
1248,1249,0,0,5,2,217,3,0,1,27,2999,0
1249,1250,1,0,4,1,247,3,0,0,9,2414,0
1250,1251,2,1,4,4,192,4,1,0,46,3599,0
1251,1252,3,1,3,1,254,3,1,1,6,3496,0
1252,1253,4,1,5,5,226,3,1,0,65,3840,0
1253,1254,1,1,5,3,197,2,0,0,48,2481,0
1254,1255,0,1,3,1,203,4,1,1,12,2779,0
1255,1256,1,1,4,5,196,3,1,1,16,3722,0
1256,1257,2,1,2,2,180,3,0,1,33,1217,0
1257,1258,3,1,3,5,219,3,0,0,54,3145,0
1258,1259,4,1,4,4,266,2,0,0,15,3425,0
1259,1260,1,1,5,1,144,2,0,0,20,1082,0
1260,1261,0,1,5,3,197,2,0,0,12,3400,0
1261,1262,1,1,4,1,258,3,1,0,4,3686,0
1262,1263,2,1,3,3,187,3,0,0,63,2481,0
1263,1264,3,1,5,4,184,3,0,1,9,3332,0
1264,1265,4,1,4,3,142,2,1,0,63,1615,0
1265,1266,1,1,3,5,283,5,0,0,50,2848,0
1266,1267,0,1,4,2,221,2,0,0,13,3097,0
1267,1268,1,1,3,2,233,5,0,1,44,2010,0
1268,1269,2,1,6,4,129,5,0,0,58,1463,0
1269,1270,3,1,3,4,154,2,1,0,43,1542,0
1270,1271,4,1,4,4,158,3,1,1,63,1387,0
1271,1272,1,1,5,3,236,6,1,1,9,3715,0
1272,1273,0,1,3,5,257,3,0,0,52,2170,0
1273,1274,1,1,4,5,160,3,1,1,50,1511,0
1274,1275,2,1,4,2,255,4,0,0,62,3198,0
1275,1276,3,1,4,3,210,2,1,1,22,3124,0
1276,1277,4,1,5,3,169,4,1,0,37,1290,0
1277,1278,1,1,3,1,275,2,2,0,1,2597,0
1278,1279,0,1,3,2,185,3,1,1,47,2467,0
1279,1280,1,1,3,2,213,2,1,0,54,2809,0
1280,1281,2,1,3,4,179,3,2,1,57,1582,0
1281,1282,3,1,3,3,110,3,0,1,7,1235,0
1282,1283,4,1,3,4,216,3,0,0,41,2042,0
1283,1284,1,1,4,1,267,3,1,1,37,2716,0
1284,1285,0,1,5,4,214,2,1,0,1,3709,0
1285,1286,1,1,5,2,196,3,0,1,38,2211,0
1286,1287,2,1,2,2,192,2,0,0,8,3127,0
1287,1288,3,1,4,1,191,3,0,1,4,2724,0
1288,1289,4,1,3,4,222,3,1,1,57,2714,0
1289,1290,1,1,3,3,141,3,1,1,10,1751,0
1290,1291,0,1,4,3,242,3,0,1,1,2808,0
1291,1292,1,1,3,4,212,2,2,1,13,2733,0
1292,1293,2,1,5,5,133,3,1,0,21,1648,0
1293,1294,3,1,5,5,254,5,0,0,35,2508,0
1294,1295,4,1,4,3,190,3,1,0,2,2125,0
1295,1296,1,1,5,3,185,3,0,1,25,2503,0
1296,1297,0,1,3,5,191,3,1,1,54,3890,0
1297,1298,1,1,4,4,158,2,1,1,15,1030,0
1298,1299,2,1,3,5,171,3,0,0,49,1333,0
1299,1300,3,1,3,4,160,2,1,1,32,1085,0
1300,1301,4,1,4,2,235,3,0,0,21,3088,0
1301,1302,1,1,4,4,247,3,0,1,55,2361,0
1302,1303,0,1,4,1,152,3,1,0,65,1706,0
1303,1304,1,1,4,3,138,3,1,1,15,1080,0
1304,1305,2,1,5,4,270,2,2,0,43,2971,0
1305,1306,3,1,6,1,193,4,1,1,8,2952,0
1306,1307,4,1,4,3,252,2,1,1,1,2336,0
1307,1308,1,1,3,1,203,2,1,0,51,3976,0
1308,1309,0,1,5,4,141,3,1,1,64,1677,0
1309,1310,1,1,4,3,197,3,0,0,20,3617,0
1310,1311,2,1,6,2,142,3,0,0,54,1332,0
1311,1312,3,1,3,4,161,3,0,0,25,1048,0
1312,1313,4,1,2,2,139,3,1,0,23,1283,0
1313,1314,1,1,2,5,186,2,0,1,17,3896,0
1314,1315,0,1,5,3,190,3,0,1,52,2611,0
1315,1316,1,1,5,3,186,4,0,1,23,3981,0
1316,1317,2,1,3,2,181,3,0,0,29,2164,0
1317,1318,3,1,4,4,111,6,0,1,8,1145,0
1318,1319,4,1,2,3,159,3,1,1,62,1124,0
1319,1320,1,1,4,3,205,3,1,0,44,2291,0
1320,1321,0,1,5,1,134,3,2,0,12,1775,0
1321,1322,1,1,3,1,191,3,0,0,4,3947,0
1322,1323,2,1,2,3,141,2,1,0,28,1624,0
1323,1324,3,1,5,1,225,2,1,1,31,3454,0
1324,1325,4,1,3,5,171,3,1,0,24,1300,0
1325,1326,1,1,4,3,286,5,0,1,37,2938,0
1326,1327,0,1,3,1,255,5,0,0,1,2713,0
1327,1328,1,1,4,5,113,6,1,1,25,1538,0
1328,1329,2,1,5,1,201,3,1,0,65,2488,0
1329,1330,3,1,3,1,184,3,1,0,49,2823,0
1330,1331,4,1,3,1,199,2,1,0,18,3346,0
1331,1332,1,1,4,4,255,2,1,1,29,2267,0
1332,1333,0,1,4,5,269,4,1,1,60,3456,0
1333,1334,1,1,5,5,260,2,0,0,23,3065,0
1334,1335,2,1,3,1,198,4,1,0,44,2848,0
1335,1336,3,1,4,2,256,2,1,1,10,3128,0
1336,1337,4,1,3,1,140,4,0,1,27,1184,0
1337,1338,1,1,3,4,165,4,1,0,7,1627,0
1338,1339,0,1,3,3,144,3,0,1,1,1274,0
1339,1340,1,1,2,2,240,3,0,1,53,2980,0
1340,1341,2,1,4,2,183,4,0,1,15,3632,0
1341,1342,3,1,5,3,201,2,0,1,4,3757,0
1342,1343,4,1,4,4,216,2,1,0,6,3255,0
1343,1344,1,2,4,5,218,3,0,1,25,2682,0
1344,1345,0,2,3,4,147,3,0,0,2,1307,0
1345,1346,1,2,3,5,264,2,1,0,1,3947,0
1346,1347,2,2,4,4,145,3,0,0,43,1651,0
1347,1348,3,2,3,5,264,6,0,1,30,2751,0
1348,1349,4,2,4,5,253,2,1,0,43,2589,0
1349,1350,1,2,2,4,257,6,0,1,5,3986,0
1350,1351,0,2,4,1,202,3,2,1,59,2563,0
1351,1352,1,2,5,5,245,4,1,0,12,2225,0
1352,1353,2,2,4,1,162,2,0,0,47,1540,0
1353,1354,3,2,3,2,158,3,1,0,39,1512,0
1354,1355,4,2,3,1,182,3,1,0,40,3536,0
1355,1356,1,2,3,4,218,3,1,0,4,3534,0
1356,1357,0,2,4,5,201,3,1,1,41,3563,0
1357,1358,1,2,5,1,184,4,1,0,38,2232,0
1358,1359,2,2,4,1,241,3,1,0,61,3812,0
1359,1360,3,2,5,5,263,2,1,1,59,3238,0
1360,1361,4,2,5,5,230,2,1,0,36,3381,0
1361,1362,1,2,3,4,240,3,0,0,28,2356,0
1362,1363,0,2,4,5,233,3,1,0,43,3856,0
1363,1364,1,2,4,3,237,2,1,1,22,2912,0
1364,1365,2,2,5,4,144,3,0,0,59,1178,0
1365,1366,3,0,3,1,167,3,0,1,1,1252,0
1366,1367,4,0,4,5,138,3,0,0,64,1708,0
1367,1368,1,0,5,3,165,2,1,1,51,1429,0
1368,1369,0,0,4,3,247,4,0,0,19,3838,0
1369,1370,1,0,3,2,152,6,0,0,7,1674,0
1370,1371,2,0,5,3,199,4,0,0,24,3473,0
1371,1372,3,0,5,4,268,3,1,1,6,2206,0
1372,1373,4,0,4,5,150,2,0,0,30,1782,0
1373,1374,1,0,5,5,190,4,1,0,47,3644,0
1374,1375,0,0,4,3,153,4,0,1,36,1171,0
1375,1376,1,0,4,2,185,3,0,1,27,3410,0
1376,1377,2,0,5,1,274,3,1,1,58,2098,0
1377,1378,3,0,4,3,258,2,2,1,11,2252,0
1378,1379,4,0,3,1,110,3,0,0,54,1155,0
1379,1380,1,0,3,5,240,6,0,1,21,3559,0
1380,1381,0,0,6,5,118,2,0,0,6,1726,0
1381,1382,1,0,3,2,243,2,0,0,38,3850,0
1382,1383,2,0,6,2,225,6,0,1,44,2057,0
1383,1384,3,0,3,2,238,4,1,0,49,3179,0
1384,1385,4,0,4,4,127,5,0,0,16,1955,0
1385,1386,1,0,3,5,166,2,0,1,45,1665,0
1386,1387,0,0,3,1,180,3,0,0,29,1414,0
1387,1388,1,1,4,4,161,2,1,1,59,1941,0
1388,1389,2,1,5,1,230,3,0,0,43,2994,0
1389,1390,3,1,5,3,167,3,0,0,51,1573,0
1390,1391,4,1,4,5,186,3,0,0,16,2693,0
1391,1392,1,1,4,4,150,3,2,1,9,1620,0
1392,1393,0,1,4,1,253,7,1,1,37,2955,0
1393,1394,1,1,5,2,239,2,1,0,59,2897,0
1394,1395,2,1,6,2,294,4,0,1,57,1265,0
1395,1396,3,1,4,2,158,4,0,0,45,1758,0
1396,1397,4,1,6,3,135,5,0,0,20,1266,0
1397,1398,1,1,4,2,238,3,0,0,28,1040,0
1398,1399,0,1,6,3,213,3,0,1,17,1656,0
1399,1400,1,1,5,2,165,2,1,0,18,1918,0
1400,1401,2,1,4,3,247,4,0,1,16,2362,0
1401,1402,3,1,3,5,152,6,0,0,32,1158,0
1402,1403,4,1,5,4,199,4,0,1,24,3443,0
1403,1404,1,1,5,2,268,3,1,0,41,3716,0
1404,1405,0,1,4,3,150,2,0,1,51,1491,0
1405,1406,1,1,5,1,190,4,1,1,24,3446,0
1406,1407,2,1,4,1,153,4,0,1,7,1130,0
1407,1408,3,1,4,4,185,3,0,1,13,2080,0
1408,1409,4,1,5,3,274,3,1,0,54,2905,0
1409,1410,1,1,4,5,258,2,2,1,5,3512,0
1410,1411,0,1,3,4,110,3,0,0,55,1281,0
1411,1412,1,1,3,2,240,6,0,0,26,2683,0
1412,1413,2,1,6,2,118,2,0,0,2,1744,0
1413,1414,3,1,3,4,243,2,0,0,14,3693,0
1414,1415,4,1,6,5,225,6,0,0,55,2052,0
1415,1416,1,1,3,3,238,4,1,1,57,3537,0
1416,1417,0,1,4,3,127,5,0,0,5,1205,0
1417,1418,1,1,3,3,166,2,0,0,45,1791,0
1418,1419,2,1,3,5,180,3,0,1,6,1228,0
1419,1420,3,1,4,5,161,2,1,1,55,1457,0
1420,1421,4,1,5,4,230,3,0,0,39,3989,0
1421,1422,1,1,5,5,167,3,0,0,53,1564,0
1422,1423,0,1,4,3,186,3,0,0,25,3851,0
1423,1424,1,1,4,2,150,3,2,0,32,1689,0
1424,1425,2,1,4,5,253,7,1,0,11,3825,0
1425,1426,3,1,5,2,239,2,1,0,15,2471,0
1426,1427,4,1,6,3,294,4,0,1,52,1667,0
1427,1428,1,1,4,5,158,4,0,0,4,1595,0
1428,1429,0,1,6,2,135,5,0,1,26,1585,0
1429,1430,1,1,4,5,238,3,0,1,9,1724,0
1430,1431,2,1,6,2,265,3,0,1,3,1904,0
1431,1432,3,1,5,5,180,5,1,1,35,1725,0
1432,1433,4,1,7,2,229,3,0,0,43,1793,0
1433,1434,1,1,3,2,176,3,0,1,51,1297,0
1434,1435,0,1,3,5,172,2,1,1,60,1840,0
1435,1436,1,1,6,5,100,4,1,0,3,1440,0
1436,1437,2,1,4,3,142,6,0,1,6,1459,0
1437,1438,3,1,4,3,153,3,1,1,2,1095,0
1438,1439,4,1,3,4,160,4,0,0,56,1408,0
1439,1440,1,1,4,3,217,3,1,0,16,3444,0
1440,1441,0,1,3,2,273,3,0,1,41,3464,0
1441,1442,1,1,3,4,133,3,0,1,17,1187,0
1442,1443,2,1,3,4,155,4,0,1,54,1885,0
1443,1444,3,1,5,3,184,4,1,0,2,3798,0
1444,1445,4,1,5,5,230,3,1,1,43,3609,0
1445,1446,1,1,3,4,254,3,2,1,53,3538,0
1446,1447,0,1,4,5,108,6,1,1,46,1882,0
1447,1448,1,1,4,4,154,3,0,1,52,1367,0
1448,1449,2,1,5,3,177,3,0,0,1,1916,0
1449,1450,3,1,3,3,162,2,1,1,65,1184,0
1450,1451,4,1,3,4,285,6,0,0,27,2249,0
1451,1452,1,1,3,2,257,3,0,0,6,3620,0
1452,1453,0,1,4,5,143,3,0,0,48,1922,0
1453,1454,1,1,6,3,223,6,1,1,29,2980,0
1454,1455,2,1,3,5,230,2,0,1,27,3840,0
1455,1456,3,1,4,5,241,4,1,1,58,2874,0
1456,1457,4,1,3,5,156,3,1,1,44,1424,0
1457,1458,1,1,4,4,232,4,0,1,27,3436,0
1458,1459,0,1,3,2,231,3,0,1,55,3952,0
1459,1460,1,1,3,4,183,2,1,0,52,2078,0
1460,1461,2,1,4,1,240,3,0,1,50,2430,0
1461,1462,3,1,4,4,218,2,1,1,27,2824,0
1462,1463,4,1,5,1,248,3,0,1,37,3830,0
1463,1464,1,1,4,3,170,2,1,0,33,1980,0
1464,1465,0,1,3,2,226,3,0,1,11,3708,0
1465,1466,1,1,4,3,232,3,0,1,11,2624,0
1466,1467,2,1,4,1,192,3,0,0,15,3460,0
1467,1468,3,1,3,5,250,4,0,0,11,3464,0
1468,1469,4,1,5,5,224,3,1,0,48,2298,0
1469,1470,1,1,3,3,167,3,1,0,42,1363,0
1470,1471,0,1,2,3,123,2,1,1,11,1383,0
1471,1472,1,1,5,2,243,2,1,0,4,3681,0
1472,1473,2,1,4,3,233,2,0,0,45,2732,0
1473,1474,3,1,3,3,201,2,2,1,36,3340,0
1474,1475,4,1,3,1,230,2,1,0,18,2832,0
1475,1476,1,1,4,3,271,3,0,1,59,2996,0
1476,1477,0,1,4,1,159,3,1,1,13,1445,0
1477,1478,1,1,3,3,249,3,0,1,55,3375,0
1478,1479,2,1,3,4,137,3,1,0,17,1212,0
1479,1480,3,1,3,5,225,3,1,1,8,3813,0
1480,1481,4,2,4,1,226,3,0,0,28,2211,0
1481,1482,1,2,4,4,174,3,0,1,49,1141,0
1482,1483,0,2,5,2,264,5,0,0,27,3118,0
1483,1484,1,2,4,4,151,3,1,0,6,1930,0
1484,1485,2,2,3,1,180,2,0,0,65,1321,0
1485,1486,3,2,3,4,149,2,1,0,37,1080,0
1486,1487,4,2,3,1,209,3,0,0,20,3181,0
1487,1488,1,2,6,1,219,6,0,0,10,2385,0
1488,1489,0,2,4,3,164,3,0,1,28,1880,0
1489,1490,1,2,3,1,268,3,1,1,3,3040,0
1490,1491,2,2,4,4,204,4,1,0,35,2513,0
1491,1492,3,2,5,5,226,3,1,1,23,2626,0
1492,1493,4,2,5,1,105,5,0,1,1,1101,0
1493,1494,1,2,4,5,153,3,0,1,10,1183,0
1494,1495,0,2,3,5,192,2,1,0,5,2339,0
1495,1496,1,2,4,3,199,2,0,0,28,2607,0
1496,1497,2,2,5,2,156,4,1,1,39,1204,0
1497,1498,3,2,3,2,180,2,0,1,53,1853,0
1498,1499,4,2,4,5,162,2,1,1,62,1650,0
1499,1500,1,2,5,5,284,6,0,1,9,3912,0
1500,1501,0,2,4,1,271,2,2,1,33,3269,0
1501,1502,1,2,3,1,269,2,1,1,38,2195,0
1502,1503,2,0,3,4,135,3,0,1,11,1740,0
1503,1504,3,0,5,2,200,2,0,0,2,2075,0
1504,1505,4,0,5,2,206,6,1,1,23,2016,0
1505,1506,1,0,4,2,229,4,0,0,32,3518,0
1506,1507,0,0,5,3,267,3,0,1,48,3393,0
1507,1508,1,0,4,1,135,2,1,0,64,1471,0
1508,1509,2,0,4,5,259,2,1,1,15,2381,0
1509,1510,3,0,3,3,223,2,1,1,30,3622,0
1510,1511,4,0,3,4,245,4,0,1,20,2534,0
1511,1512,1,0,4,4,207,3,0,1,20,2637,0
1512,1513,0,0,5,3,171,3,1,1,62,1304,0
1513,1514,1,0,3,5,130,5,0,0,27,1891,0
1514,1515,2,0,3,2,241,3,1,0,60,3922,0
1515,1516,3,0,4,4,261,3,0,0,33,3678,0
1516,1517,4,0,3,5,182,3,1,1,34,3595,0
1517,1518,1,0,3,2,270,4,2,1,29,3768,0
1518,1519,0,0,3,5,157,4,1,1,26,1969,0
1519,1520,1,0,3,3,172,4,0,0,33,1989,0
1520,1521,2,0,3,3,205,2,1,0,2,2910,0
1521,1522,3,0,4,5,268,3,1,1,7,3622,0
1522,1523,4,0,3,1,156,3,1,0,1,1517,0
1523,1524,1,0,3,5,202,2,0,0,4,3372,0
1524,1525,0,1,3,1,249,3,0,0,43,3277,0
1525,1526,1,1,3,2,141,3,1,0,41,1801,0
1526,1527,2,1,3,1,230,2,1,1,28,3646,0
1527,1528,3,1,5,5,229,2,1,0,59,3844,0
1528,1529,4,1,4,5,146,4,0,0,25,1606,0
1529,1530,1,1,3,3,162,2,0,0,26,1659,0
1530,1531,0,1,5,2,241,3,0,1,39,3743,0
1531,1532,1,1,3,4,271,2,0,1,14,2163,0
1532,1533,2,1,3,5,166,3,2,0,31,1117,0
1533,1534,3,1,3,1,171,3,1,1,28,1075,0
1534,1535,4,1,3,5,169,2,0,0,20,1021,0
1535,1536,1,1,3,1,137,3,0,1,47,1611,0
1536,1537,0,1,3,4,211,3,0,1,56,3654,0
1537,1538,1,1,4,5,171,3,1,0,2,1114,0
1538,1539,2,1,4,4,142,4,1,1,2,1461,0
1539,1540,3,1,3,2,184,4,1,0,10,2972,0
1540,1541,4,1,6,5,111,6,2,0,28,1216,0
1541,1542,1,1,2,5,278,4,0,1,34,3416,0
1542,1543,0,1,3,5,160,2,1,0,41,1495,0
1543,1544,1,1,3,4,212,2,1,0,56,3976,0
1544,1545,2,1,3,5,175,2,0,1,59,1051,0
1545,1546,3,1,4,3,251,3,1,0,46,2632,0
1546,1547,4,1,3,3,205,2,0,0,15,3231,0
1547,1548,1,1,5,5,163,3,0,1,54,1536,0
1548,1549,0,1,4,1,272,2,0,1,27,2030,0
1549,1550,1,1,4,1,134,3,1,0,37,1818,0
1550,1551,2,1,5,5,259,2,1,1,63,2583,0
1551,1552,3,1,3,3,246,3,1,0,45,3945,0
1552,1553,4,1,4,1,211,2,1,0,44,3099,0
1553,1554,1,1,4,2,190,2,1,0,6,3595,0
1554,1555,0,1,4,5,233,5,1,0,44,2648,0
1555,1556,1,1,5,4,199,2,2,0,20,2553,0
1556,1557,2,1,5,2,191,3,2,0,52,2028,0
1557,1558,3,1,4,1,148,3,0,1,30,1731,0
1558,1559,4,1,2,5,177,6,1,0,41,1772,0
1559,1560,1,1,3,1,171,2,0,1,1,1629,0
1560,1561,0,1,3,3,237,3,1,1,57,3761,0
1561,1562,1,1,4,4,265,3,1,0,47,3307,0
1562,1563,2,1,4,2,136,2,1,1,19,1387,0
1563,1564,3,1,3,1,145,2,2,1,25,1851,0
1564,1565,4,1,4,1,238,2,0,0,3,2241,0
1565,1566,1,1,4,4,210,3,1,0,14,3666,0
1566,1567,0,1,5,1,159,4,0,1,38,1277,0
1567,1568,1,1,4,1,232,2,1,0,26,3300,0
1568,1569,2,1,3,2,174,3,0,1,4,1337,0
1569,1570,3,1,5,1,129,5,1,1,35,1458,0
1570,1571,4,1,3,3,201,4,1,1,7,2299,0
1571,1572,1,1,5,2,151,4,0,1,12,1145,0
1572,1573,0,1,2,1,252,3,0,0,12,2800,0
1573,1574,1,1,5,3,156,3,1,1,58,1218,0
1574,1575,2,1,6,3,215,5,0,1,13,3899,0
1575,1576,3,1,4,4,153,3,0,1,13,1402,0
1576,1577,4,1,5,1,261,3,0,1,25,3494,0
1577,1578,1,1,5,4,263,3,1,1,61,2606,0
1578,1579,0,1,5,4,153,6,1,1,35,1082,0
1579,1580,1,1,3,5,137,3,2,0,28,1815,0
1580,1581,2,1,3,5,270,5,0,1,31,3737,0
1581,1582,3,1,5,1,167,2,0,1,62,1884,0
1582,1583,4,1,3,3,143,3,0,1,64,1630,0
1583,1584,1,1,5,5,214,3,0,0,31,2033,0
1584,1585,0,1,2,2,182,2,1,0,14,3751,0
1585,1586,1,1,3,5,234,2,2,1,4,2701,0
1586,1587,2,1,4,5,181,2,1,1,59,2239,0
1587,1588,3,1,2,4,162,3,0,0,34,1558,0
1588,1589,4,1,5,4,185,4,1,1,31,3565,0
1589,1590,1,1,4,2,199,2,1,0,4,3351,0
1590,1591,0,1,4,1,272,3,1,1,49,2803,0
1591,1592,1,1,5,3,252,2,0,1,11,3036,0
1592,1593,2,1,4,5,156,3,0,0,2,1127,0
1593,1594,3,1,4,2,173,3,1,0,63,1220,0
1594,1595,4,1,3,2,148,4,1,0,38,1322,0
1595,1596,1,1,4,3,158,3,1,0,27,1207,0
1596,1597,0,1,5,2,261,3,0,1,62,3352,0
1597,1598,1,1,2,4,105,2,1,1,54,1707,0
1598,1599,2,1,3,5,193,3,2,0,57,3364,0
1599,1600,3,1,3,3,198,3,0,1,49,2446,0
1600,1601,4,1,4,5,213,3,1,0,42,3121,0
1601,1602,1,1,4,1,244,3,0,1,59,3073,0
1602,1603,0,1,6,4,241,6,2,0,61,2806,0
1603,1604,1,1,4,5,278,6,0,1,4,3909,0
1604,1605,2,1,2,2,145,2,0,1,1,1126,0
1605,1606,3,1,5,2,140,4,2,1,58,1175,0
1606,1607,4,1,4,4,209,3,1,1,37,3026,0
1607,1608,1,1,3,3,233,3,1,1,35,2204,0
1608,1609,0,1,3,1,227,3,1,1,52,3336,0
1609,1610,1,1,5,1,258,2,1,0,22,3713,0
1610,1611,2,1,5,4,259,3,0,0,38,3720,0
1611,1612,3,1,3,5,153,2,0,0,44,1585,0
1612,1613,4,1,3,5,181,3,1,1,22,3575,0
1613,1614,1,1,4,4,143,8,1,0,39,1345,0
1614,1615,0,1,5,2,111,5,1,1,3,1711,0
1615,1616,1,1,4,5,198,2,1,1,51,2820,0
1616,1617,2,1,3,4,121,3,0,0,63,1611,0
1617,1618,3,2,3,2,204,3,1,1,48,2792,0
1618,1619,4,2,4,4,203,5,0,1,36,3912,0
1619,1620,1,2,4,1,167,3,0,0,10,1616,0
1620,1621,0,2,4,1,270,3,1,0,64,2406,0
1621,1622,1,2,5,2,260,2,2,1,58,2018,0
1622,1623,2,2,3,1,180,3,2,0,21,1047,0
1623,1624,3,2,3,4,157,2,1,1,12,1694,0
1624,1625,4,2,3,3,156,6,0,1,45,1602,0
1625,1626,1,2,4,4,236,7,1,1,62,2280,0
1626,1627,0,2,5,2,240,7,1,0,57,2708,0
1627,1628,1,2,4,2,104,7,1,0,46,1438,0
1628,1629,2,2,4,2,140,3,1,0,49,1820,0
1629,1630,3,2,3,2,150,3,1,1,29,1354,0
1630,1631,4,2,6,2,286,7,1,0,65,3362,0
1631,1632,1,2,5,5,224,8,0,0,49,3282,0
1632,1633,0,2,3,4,204,3,0,0,49,3225,0
1633,1634,1,2,5,2,266,7,0,0,12,2056,0
1634,1635,2,2,6,3,241,6,2,0,8,3878,0
1635,1636,3,2,4,2,278,6,0,0,36,2330,0
1636,1637,4,2,2,1,145,2,0,0,49,1177,0
1637,1638,1,2,5,4,140,4,2,0,5,1130,0
1638,1639,0,2,4,4,209,3,1,0,52,2740,0
1639,1640,1,0,3,1,233,3,1,1,1,2744,0
1640,1641,2,0,3,2,227,3,1,1,21,2351,0
1641,1642,3,0,5,4,258,2,1,0,24,2878,0
1642,1643,4,0,5,3,259,3,0,0,45,3335,0
1643,1644,1,0,3,3,153,2,0,0,39,1328,0
1644,1645,0,0,3,2,181,3,1,1,45,3786,0
1645,1646,1,0,4,4,143,8,1,1,12,1326,0
1646,1647,2,0,5,4,111,5,1,0,42,1587,0
1647,1648,3,0,4,4,198,2,1,1,64,3787,0
1648,1649,4,0,3,5,121,3,0,0,10,1701,0
1649,1650,1,0,3,4,204,3,1,0,27,2772,0
1650,1651,0,0,4,2,203,5,0,0,20,3098,0
1651,1652,1,0,4,1,167,3,0,0,57,1782,0
1652,1653,2,0,4,5,270,3,1,1,20,3185,0
1653,1654,3,0,5,3,260,2,2,0,63,2715,0
1654,1655,4,0,3,3,180,3,2,0,56,1684,0
1655,1656,1,0,3,3,157,2,1,0,62,1366,0
1656,1657,0,0,3,5,156,6,0,1,65,1308,0
1657,1658,1,0,4,5,236,7,1,0,44,3808,0
1658,1659,2,0,5,2,240,7,1,0,47,2174,0
1659,1660,3,0,4,1,104,7,1,0,52,1083,0
1660,1661,4,0,4,4,140,3,1,0,4,1467,0
1661,1662,1,1,3,2,150,3,1,0,4,1910,0
1662,1663,0,1,6,1,286,7,1,0,7,2338,0
1663,1664,1,1,5,5,224,8,0,0,48,2627,0
1664,1665,2,1,3,5,204,3,0,0,45,2513,0
1665,1666,3,1,5,2,266,7,0,1,40,2304,0
1666,1667,4,1,4,5,268,3,0,0,59,2083,0
1667,1668,1,1,4,5,267,4,0,1,20,3132,0
1668,1669,0,1,3,5,223,4,0,0,46,3938,0
1669,1670,1,1,5,5,164,5,0,1,52,1644,0
1670,1671,2,1,4,2,209,4,0,0,10,3370,0
1671,1672,3,1,3,2,192,3,0,0,19,3183,0
1672,1673,4,1,3,2,260,3,1,1,52,2874,0
1673,1674,1,1,2,1,137,5,1,0,3,1037,0
1674,1675,0,1,3,3,267,2,0,1,18,2435,0
1675,1676,1,1,3,3,111,3,1,1,54,1712,0
1676,1677,2,1,3,4,240,2,1,0,2,3729,0
1677,1678,3,1,5,1,234,3,1,1,40,3340,0
1678,1679,4,1,4,2,190,2,1,1,37,2563,0
1679,1680,1,1,5,2,265,2,2,1,24,2415,0
1680,1681,0,1,3,4,189,3,1,0,37,3492,0
1681,1682,1,1,2,1,121,3,1,1,25,1124,0
1682,1683,2,1,4,3,101,6,0,1,37,1344,0
1683,1684,3,1,3,3,250,3,1,1,9,2752,0
1684,1685,4,1,4,2,247,3,1,0,64,2198,0
1685,1686,1,1,4,4,162,3,1,1,41,1104,0
1686,1687,0,1,2,2,219,3,0,0,56,3608,0
1687,1688,1,1,5,1,258,2,1,0,48,3717,0
1688,1689,2,1,5,4,221,2,0,0,59,3444,0
1689,1690,3,1,2,4,137,3,2,0,41,1176,0
1690,1691,4,1,3,4,174,2,1,1,51,1430,0
1691,1692,1,1,4,2,189,3,1,1,6,3671,0
1692,1693,0,1,4,4,212,4,1,0,2,3830,0
1693,1694,1,1,6,1,183,2,0,1,57,3966,0
1694,1695,2,1,3,1,180,2,0,1,26,1715,0
1695,1696,3,1,5,5,150,5,1,0,61,1091,0
1696,1697,4,1,4,3,246,3,1,0,52,2440,0
1697,1698,1,1,3,2,263,3,2,0,44,3802,0
1698,1699,0,1,4,4,204,2,0,1,29,2941,0
1699,1700,1,1,3,2,223,4,0,0,20,3955,0
1700,1701,2,1,3,3,193,2,0,0,60,2581,0
1701,1702,3,1,3,1,138,3,0,0,41,1914,0
1702,1703,4,1,5,2,188,3,1,0,50,3992,0
1703,1704,1,1,4,3,201,3,0,0,46,3641,0
1704,1705,0,1,3,3,245,2,1,0,16,2577,0
1705,1706,1,1,3,2,262,3,0,1,54,3150,0
1706,1707,2,1,4,4,147,5,1,0,33,1886,0
1707,1708,3,1,3,1,254,3,1,0,35,2965,0
1708,1709,4,1,4,2,213,4,0,0,37,2184,0
1709,1710,1,1,3,3,152,2,0,1,32,1665,0
1710,1711,0,1,4,1,227,3,0,1,54,3972,0
1711,1712,1,1,2,5,206,3,0,0,46,2944,0
1712,1713,2,1,3,4,242,5,0,1,5,2307,0
1713,1714,3,1,4,2,200,3,1,1,45,2486,0
1714,1715,4,1,4,1,142,2,0,1,26,1683,0
1715,1716,1,1,3,3,275,3,0,0,61,2123,0
1716,1717,0,1,6,1,222,5,1,1,26,3137,0
1717,1718,1,1,3,1,101,2,1,0,56,1184,0
1718,1719,2,1,4,5,178,3,2,1,22,1907,0
1719,1720,3,1,3,2,243,3,1,1,31,3943,0
1720,1721,4,1,2,1,177,4,0,1,63,1058,0
1721,1722,1,1,3,2,270,3,1,1,31,2377,0
1722,1723,0,1,5,3,186,4,1,0,11,3676,0
1723,1724,1,1,5,3,133,4,1,0,29,1094,0
1724,1725,2,1,3,2,263,4,1,1,8,2599,0
1725,1726,3,1,5,3,248,3,1,1,4,2207,0
1726,1727,4,1,5,2,150,3,1,1,63,1807,0
1727,1728,1,1,3,4,203,4,1,1,46,3640,0
1728,1729,0,1,2,3,249,2,0,1,1,2905,0
1729,1730,1,1,3,3,238,3,1,1,54,2860,0
1730,1731,2,1,5,3,181,4,1,0,32,3893,0
1731,1732,3,1,3,3,138,4,0,1,56,1440,0
1732,1733,4,1,4,3,139,3,1,0,47,1323,0
1733,1734,1,1,2,3,192,2,0,0,31,2621,0
1734,1735,0,1,5,4,241,3,1,1,40,3484,0
1735,1736,1,1,3,2,188,3,0,0,33,3335,0
1736,1737,2,1,6,1,278,2,1,0,12,2112,0
1737,1738,3,1,4,1,144,2,2,1,35,1072,0
1738,1739,4,1,4,5,208,2,1,1,33,2170,0
1739,1740,1,1,3,2,208,2,0,1,41,2036,0
1740,1741,0,1,4,3,210,3,1,1,11,2655,0
1741,1742,1,1,3,3,237,3,1,1,47,3625,0
1742,1743,2,1,4,4,192,3,0,0,25,2443,0
1743,1744,3,1,6,2,143,5,0,1,17,1955,0
1744,1745,4,1,3,1,234,3,2,0,60,2596,0
1745,1746,1,1,4,5,147,2,0,1,17,1057,0
1746,1747,0,1,5,1,226,2,0,1,18,2582,0
1747,1748,1,1,4,5,263,2,0,1,62,2267,0
1748,1749,2,1,4,1,147,3,0,1,11,1434,0
1749,1750,3,1,3,1,174,4,0,1,18,1072,0
1750,1751,4,1,3,1,142,4,0,1,4,1583,0
1751,1752,1,1,4,4,136,3,0,1,6,1900,0
1752,1753,0,1,3,1,192,3,1,1,35,2258,0
1753,1754,1,1,3,2,184,5,2,0,26,3336,0
1754,1755,2,2,6,5,260,4,2,1,10,2756,0
1755,1756,3,2,5,3,160,3,2,1,25,1977,0
1756,1757,4,2,3,1,262,2,0,0,28,2940,0
1757,1758,1,2,4,3,217,3,0,1,51,3144,0
1758,1759,0,2,3,2,267,5,0,0,48,2622,0
1759,1760,1,2,5,4,195,2,0,1,4,3108,0
1760,1761,2,2,4,3,152,2,1,1,18,1537,0
1761,1762,3,2,4,5,178,3,0,0,23,1695,0
1762,1763,4,2,4,2,190,4,1,1,61,2077,0
1763,1764,1,2,3,5,286,3,1,0,12,3817,0
1764,1765,0,2,2,1,167,2,0,1,46,1023,0
1765,1766,1,2,2,2,148,6,1,0,63,1279,0
1766,1767,2,2,4,3,218,4,0,0,50,3990,0
1767,1768,3,2,5,2,272,2,1,0,37,2226,0
1768,1769,4,2,4,3,147,2,2,0,52,1570,0
1769,1770,1,2,4,5,263,3,1,0,32,3723,0
1770,1771,0,2,5,5,189,4,2,0,16,3564,0
1771,1772,1,2,3,3,242,3,0,0,7,3127,0
1772,1773,2,2,5,3,204,2,0,1,40,2181,0
1773,1774,3,2,3,1,229,3,1,1,2,3963,0
1774,1775,4,2,3,5,180,2,0,1,33,1444,0
1775,1776,1,2,5,5,190,4,1,1,12,2947,0
1776,1777,0,0,6,1,154,5,1,1,19,1842,0
1777,1778,1,0,4,3,134,3,0,0,21,1955,0
1778,1779,2,0,3,3,206,2,1,1,62,3558,0
1779,1780,3,0,3,2,169,2,1,1,61,1511,0
1780,1781,4,0,4,2,237,2,1,0,6,2965,0
1781,1782,1,0,4,4,146,2,0,1,52,1459,0
1782,1783,0,0,5,2,187,3,1,1,11,2936,0
1783,1784,1,0,5,4,206,3,0,1,53,2182,0
1784,1785,2,0,5,3,208,4,1,1,10,2419,0
1785,1786,3,0,4,2,149,4,0,1,40,1102,0
1786,1787,4,0,6,2,148,4,0,1,56,1511,0
1787,1788,1,0,4,2,135,2,0,1,54,1011,0
1788,1789,0,0,4,1,242,3,1,0,35,3556,0
1789,1790,1,0,5,2,231,4,1,1,41,2992,0
1790,1791,2,0,6,2,205,5,1,0,61,2018,0
1791,1792,3,0,4,4,137,2,1,1,37,1447,0
1792,1793,4,0,3,4,202,4,2,1,20,3655,0
1793,1794,1,0,3,1,163,3,1,1,59,1005,0
1794,1795,0,0,2,2,128,2,0,1,17,1824,0
1795,1796,1,0,3,3,165,3,2,1,35,1459,0
1796,1797,2,0,4,1,242,2,0,1,34,3966,0
1797,1798,3,0,5,4,229,2,1,1,9,3667,0
1798,1799,4,1,5,1,191,3,0,1,56,3538,0
1799,1800,1,1,3,5,231,2,1,1,49,2341,0
1800,1801,0,1,3,1,183,3,1,0,51,3863,0
1801,1802,1,1,3,1,195,3,2,1,5,3251,0
1802,1803,2,1,3,5,249,2,0,0,26,2029,0
1803,1804,3,1,3,4,151,3,0,1,16,1020,0
1804,1805,4,1,4,1,140,2,0,1,60,1950,0
1805,1806,1,1,4,1,151,2,1,1,6,1114,0
1806,1807,0,1,2,5,109,3,1,1,12,1715,0
1807,1808,1,1,5,1,180,2,0,1,35,1204,0
1808,1809,2,1,4,1,151,5,2,1,28,1148,0
1809,1810,3,1,2,1,188,3,0,1,62,2106,0
1810,1811,4,1,4,2,274,2,0,1,11,3013,0
1811,1812,1,1,3,5,187,2,1,0,50,2598,0
1812,1813,0,1,4,2,185,2,1,1,4,2212,0
1813,1814,1,1,3,4,187,2,1,1,54,3290,0
1814,1815,2,1,5,4,260,3,0,1,43,2143,0
1815,1816,3,1,3,3,191,3,0,1,5,2007,0
1816,1817,4,1,3,4,203,2,0,0,15,2281,0
1817,1818,1,1,4,1,144,4,0,0,63,1881,0
1818,1819,0,1,5,2,281,4,2,0,5,3357,0
1819,1820,1,1,2,3,169,3,1,1,48,1279,0
1820,1821,2,1,4,3,201,2,1,0,18,3461,0
1821,1822,3,1,4,4,226,5,1,0,12,2708,0
1822,1823,4,1,6,3,176,5,0,0,7,1767,0
1823,1824,1,1,3,5,228,4,1,1,57,2243,0
1824,1825,0,1,4,5,260,3,0,0,14,2071,0
1825,1826,1,1,4,5,268,3,0,1,17,3085,0
1826,1827,2,1,4,5,188,3,0,0,6,3361,0
1827,1828,3,1,4,4,213,3,1,1,11,2037,0
1828,1829,4,1,4,4,259,2,1,1,44,2132,0
1829,1830,1,1,3,2,257,2,2,0,46,2848,0
1830,1831,0,1,4,5,163,3,0,1,38,1146,0
1831,1832,1,1,2,3,211,3,1,0,12,3296,0
1832,1833,2,1,3,4,166,2,1,0,58,1319,0
1833,1834,3,1,3,5,245,4,2,0,26,2072,0
1834,1835,4,1,5,5,234,2,1,1,44,2548,0
1835,1836,1,1,4,2,234,2,2,1,27,3393,0
1836,1837,0,1,3,1,180,3,0,1,52,1838,0
1837,1838,1,1,4,5,217,4,1,1,37,2128,0
1838,1839,2,1,4,1,253,3,0,1,31,3632,0
1839,1840,3,1,3,2,188,3,1,1,3,3837,0
1840,1841,4,1,2,3,274,3,2,0,24,3829,0
1841,1842,1,1,3,4,136,2,1,0,54,1056,0
1842,1843,0,1,3,5,143,2,0,1,17,1422,0
1843,1844,1,1,3,1,267,3,0,0,57,3257,0
1844,1845,2,1,3,4,198,2,1,0,20,2266,0
1845,1846,3,1,4,4,201,10,1,1,17,2059,0
1846,1847,4,1,3,5,241,10,1,0,31,2724,0
1847,1848,1,1,5,1,269,3,1,0,2,2136,0
1848,1849,0,1,5,5,123,2,0,0,60,1653,0
1849,1850,1,1,3,2,178,2,0,1,32,1329,0
1850,1851,2,1,3,4,203,3,0,1,18,3127,0
1851,1852,3,1,3,1,169,10,1,0,15,1107,0
1852,1853,4,1,3,5,190,10,1,0,27,2739,0
1853,1854,1,1,3,3,190,7,1,0,7,2400,0
1854,1855,0,1,4,5,238,10,1,1,38,3556,0
1855,1856,1,1,5,5,247,10,1,0,61,2206,0
1856,1857,2,1,4,1,190,10,0,0,35,3819,0
1857,1858,3,1,3,5,168,3,0,0,5,1143,0
1858,1859,4,1,2,2,190,3,0,1,51,2380,0
1859,1860,1,1,2,5,170,8,0,1,14,1396,0
1860,1861,0,1,4,4,226,7,0,1,9,2182,0
1861,1862,1,1,5,1,256,7,0,0,50,3837,0
1862,1863,2,1,2,1,104,7,0,1,30,1870,0
1863,1864,3,1,4,1,192,3,1,0,29,3347,0
1864,1865,4,1,4,3,213,3,1,1,57,3599,0
1865,1866,1,1,4,2,259,2,1,1,54,2244,0
1866,1867,0,1,3,4,257,2,2,1,15,3981,0
1867,1868,1,1,4,3,163,3,0,1,52,1891,0
1868,1869,2,1,2,3,211,3,1,0,55,3842,0
1869,1870,3,1,3,2,166,2,1,0,45,1741,0
1870,1871,4,1,3,1,245,4,2,0,47,3111,0
1871,1872,1,1,5,5,234,2,1,0,43,3822,0
1872,1873,0,1,4,4,234,2,2,1,2,2008,0
1873,1874,1,1,3,4,180,3,0,0,52,1727,0
1874,1875,2,1,4,5,217,4,1,0,12,2217,0
1875,1876,3,1,4,5,253,3,0,0,58,3096,0
1876,1877,4,1,3,4,188,3,1,0,49,3221,0
1877,1878,1,1,2,2,274,3,2,0,60,2053,0
1878,1879,0,1,3,1,136,2,1,0,61,1509,0
1879,1880,1,1,3,1,143,2,0,0,63,1246,0
1880,1881,2,1,3,4,267,3,0,0,55,2923,0
1881,1882,3,1,3,1,198,2,1,0,49,3573,0
1882,1883,4,1,4,1,201,10,1,1,37,3402,0
1883,1884,1,1,3,5,241,10,1,1,41,3015,0
1884,1885,0,1,5,4,269,3,1,0,51,3415,0
1885,1886,1,1,5,3,123,2,0,0,30,1068,0
1886,1887,2,1,3,4,178,2,0,0,35,1183,0
1887,1888,3,1,3,5,203,3,0,0,58,3231,0
1888,1889,4,1,3,2,169,10,1,0,4,1665,0
1889,1890,1,1,3,4,190,10,1,0,38,2018,0
1890,1891,0,1,3,4,190,7,1,0,51,2391,0
1891,1892,1,2,4,5,238,10,1,0,44,3860,0
1892,1893,2,2,5,1,247,10,1,0,57,2377,0
1893,1894,3,2,4,3,190,10,0,1,34,3935,0
1894,1895,4,2,3,2,168,3,0,1,15,1862,0
1895,1896,1,2,2,1,190,3,0,1,59,2108,0
1896,1897,0,2,2,3,170,8,0,1,61,1240,0
1897,1898,1,2,4,1,226,7,0,1,41,2964,0
1898,1899,2,2,5,2,256,7,0,0,41,2758,0
1899,1900,3,2,2,5,104,7,0,1,12,1064,0
1900,1901,4,2,4,4,192,3,1,1,39,2943,0
1901,1902,1,2,5,2,195,6,0,1,38,1338,0
1902,1903,0,2,3,5,271,4,0,1,51,1134,0
1903,1904,1,2,2,1,296,5,1,1,29,1648,0
1904,1905,2,2,4,5,277,5,1,0,32,1055,0
1905,1906,3,2,2,4,140,3,0,1,32,1819,0
1906,1907,4,2,4,1,148,3,2,0,23,1814,0
1907,1908,1,2,4,5,238,2,0,0,1,2644,0
1908,1909,0,2,5,3,220,3,0,1,37,2294,0
1909,1910,1,2,4,4,224,3,0,1,29,3623,0
1910,1911,2,2,4,5,162,3,0,0,31,1170,0
1911,1912,3,2,4,2,202,4,0,0,1,3602,0
1912,1913,4,2,3,5,226,3,1,1,5,3914,0
1913,1914,1,0,4,3,246,2,0,1,60,2086,0
1914,1915,0,0,5,2,223,3,0,0,51,3687,0
1915,1916,1,0,5,2,156,2,1,1,19,1311,0
1916,1917,2,0,2,5,189,2,0,1,38,3708,0
1917,1918,3,0,5,4,242,3,2,0,2,3564,0
1918,1919,4,0,4,5,207,2,1,0,49,3736,0
1919,1920,1,0,3,3,161,3,0,0,24,1920,0
1920,1921,0,0,4,5,232,2,0,0,21,3128,0
1921,1922,1,0,6,4,194,3,0,1,10,2554,0
1922,1923,2,0,5,5,161,3,1,0,59,1037,0
1923,1924,3,0,4,1,269,3,1,0,23,3652,0
1924,1925,4,0,3,3,219,2,0,0,41,3932,0
1925,1926,1,0,5,2,161,2,1,0,59,1859,0
1926,1927,0,0,3,1,264,4,0,1,33,3561,0
1927,1928,1,0,5,2,151,3,1,1,20,1395,0
1928,1929,2,0,5,5,177,2,2,0,31,2000,0
1929,1930,3,0,2,5,193,5,1,0,13,2882,0
1930,1931,4,0,4,4,212,4,1,1,16,2494,0
1931,1932,1,0,4,1,210,2,1,0,7,3405,0
1932,1933,0,0,4,2,164,2,1,0,43,1976,0
1933,1934,1,0,4,2,219,3,0,1,2,3402,0
1934,1935,2,0,4,4,216,4,1,1,27,3740,0
1935,1936,3,1,5,2,174,2,1,1,54,1091,0
1936,1937,4,1,3,5,199,2,0,1,46,2728,0
1937,1938,1,1,3,4,181,3,0,1,45,2486,0
1938,1939,0,1,3,2,220,3,0,1,22,2818,0
1939,1940,1,1,3,1,215,2,0,0,47,3678,0
1940,1941,2,1,4,5,248,4,2,0,56,2840,0
1941,1942,3,1,3,2,183,4,0,1,49,2414,0
1942,1943,4,1,4,2,194,4,1,0,26,3818,0
1943,1944,1,1,4,4,224,2,2,0,31,2084,0
1944,1945,0,1,4,4,184,3,0,0,52,3128,0
1945,1946,1,1,4,1,160,2,0,1,28,1276,0
1946,1947,2,1,5,1,182,3,0,1,8,3580,0
1947,1948,3,1,3,2,116,2,0,0,22,1430,0
1948,1949,4,1,4,4,170,4,0,1,39,1868,0
1949,1950,1,1,5,1,201,2,1,0,54,2158,0
1950,1951,0,1,4,3,148,2,0,1,29,1809,0
1951,1952,1,1,5,1,165,3,0,0,27,1905,0
1952,1953,2,1,3,5,135,3,0,1,20,1772,0
1953,1954,3,1,4,4,263,2,1,0,41,3955,0
1954,1955,4,1,5,4,228,3,1,1,20,3382,0
1955,1956,1,1,6,5,275,5,1,1,51,3569,0
1956,1957,0,1,4,1,224,3,0,1,27,3400,0
1957,1958,1,1,3,1,202,3,0,0,1,3738,0
1958,1959,2,1,4,2,163,3,0,0,11,1926,0
1959,1960,3,1,4,5,268,3,0,0,64,2386,0
1960,1961,4,1,3,3,207,3,0,0,62,3277,0
1961,1962,1,1,2,3,117,2,1,1,36,1210,0
1962,1963,0,1,2,1,165,4,0,0,57,1881,0
1963,1964,1,1,3,3,181,2,2,1,65,3234,0
1964,1965,2,1,6,5,212,4,1,0,13,3676,0
1965,1966,3,1,3,4,226,3,1,0,26,2299,0
1966,1967,4,1,4,1,195,3,0,1,43,2849,0
1967,1968,1,1,4,5,263,2,1,1,13,2779,0
1968,1969,0,1,4,4,136,2,1,0,16,1131,0
1969,1970,1,1,3,5,163,2,0,0,49,1034,0
1970,1971,2,1,5,2,144,3,0,1,49,1202,0
1971,1972,3,1,4,4,240,3,0,0,62,3478,0
1972,1973,4,1,4,5,243,2,0,1,19,2829,0
1973,1974,1,1,5,1,201,3,1,1,19,2696,0
1974,1975,0,1,5,3,242,3,0,1,58,3411,0
1975,1976,1,1,3,1,187,2,2,1,56,3774,0
1976,1977,2,1,4,3,162,3,0,1,53,1194,0
1977,1978,3,1,3,3,147,3,0,1,16,1563,0
1978,1979,4,1,3,4,268,2,2,0,39,2822,0
1979,1980,1,1,4,3,237,3,0,1,57,3952,0
1980,1981,0,1,3,2,157,2,0,1,29,1115,0
1981,1982,1,1,4,2,176,3,1,0,12,1750,0
1982,1983,2,1,4,5,134,4,0,1,36,1191,0
1983,1984,3,1,3,4,234,2,1,1,52,3543,0
1984,1985,4,1,3,3,154,2,0,0,57,1096,0
1985,1986,1,1,2,1,209,5,0,0,64,2016,0
1986,1987,0,1,5,4,138,2,1,1,38,1803,0
1987,1988,1,1,2,3,151,3,1,1,22,1024,0
1988,1989,2,1,4,4,252,6,1,1,44,2676,0
1989,1990,3,1,3,1,155,2,1,0,6,1490,0
1990,1991,4,1,3,3,139,4,2,1,17,1137,0
1991,1992,1,1,4,5,258,3,1,0,37,2289,0
1992,1993,0,1,4,2,172,3,0,1,1,1182,0
1993,1994,1,1,4,3,239,3,0,0,28,2741,0
1994,1995,2,1,3,1,165,3,0,0,1,1417,0
1995,1996,3,1,4,5,177,2,0,1,47,1536,0
1996,1997,4,1,5,1,187,2,0,0,17,3513,0
1997,1998,1,1,6,2,172,2,0,1,41,1006,0
1998,1999,0,1,4,4,168,3,0,0,35,1434,0
1999,2000,1,1,3,4,249,3,0,1,31,3489,0
