,hdc1080_temperature,hdc1080_humidity,sgp30_co2,sgp30_voc,scd30_temperature,scd30_humidity,target
0,26.8,59.0,459,31,28.8,45.7,0
1,26.7,59.1,459,32,28.8,45.6,1
2,26.8,58.6,463,33,28.8,45.3,2
3,26.8,58.1,457,34,28.8,45.2,3
4,26.8,57.6,462,40,28.8,45.2,4
5,26.8,57.5,469,41,28.8,45.5,5
6,26.8,58.0,470,41,28.8,45.8,6
7,26.8,58.6,462,31,28.8,46.1,7
8,26.8,59.1,461,30,28.8,46.3,8
9,26.8,59.3,467,23,28.8,46.6,9
10,26.8,59.6,468,27,28.8,47.1,10
11,26.8,60.7,463,20,28.8,47.6,11
12,26.8,61.7,464,16,28.8,47.7,12
13,26.8,62.7,446,11,28.8,47.5,13
14,26.8,62.6,438,12,28.8,47.0,14
15,26.8,61.5,444,20,28.8,46.4,15
16,26.8,60.3,443,27,28.8,45.8,16
17,26.8,59.5,445,28,28.8,45.5,17
18,26.8,58.7,454,39,28.8,45.0,18
19,26.8,57.7,452,37,28.8,44.7,19
20,26.8,57.1,465,44,28.8,44.8,20
21,26.8,57.1,472,44,28.8,45.0,21
22,26.8,57.6,475,42,28.8,45.5,22
23,26.8,58.2,476,41,28.8,45.8,23
24,26.8,58.9,464,34,28.8,46.0,13
25,26.8,59.6,463,27,28.8,45.7,24
26,26.8,59.6,458,32,28.8,45.1,25
27,26.8,58.2,456,42,28.8,44.5,26
28,26.8,56.9,474,49,28.8,44.4,27
29,26.8,56.6,473,47,28.9,44.6,28
30,26.8,56.8,481,48,28.8,44.7,29
31,26.8,57.2,476,40,28.9,44.7,30
32,26.8,57.1,477,44,28.9,44.9,31
33,26.8,57.3,477,45,28.8,45.1,32
34,26.8,57.8,481,46,28.8,45.3,33
35,26.8,57.9,481,45,28.9,45.4,5
36,26.8,58.1,477,43,28.9,45.5,34
37,26.8,58.4,472,38,28.8,45.6,35
38,26.8,58.8,477,40,28.9,45.6,36
39,26.8,58.7,469,40,28.8,45.4,37
40,26.8,58.4,474,43,28.8,45.2,38
41,26.8,57.8,474,46,28.9,45.2,39
42,26.8,57.6,481,44,28.9,45.3,40
43,26.8,57.8,480,42,28.8,45.4,40
44,26.8,58.1,482,39,28.9,45.7,41
45,26.8,58.5,469,40,28.9,45.8,42
46,26.8,58.8,475,42,28.9,46.0,43
47,26.8,59.0,485,38,28.9,46.1,43
48,26.8,59.5,482,37,28.9,46.1,44
49,26.8,59.6,469,36,28.9,45.8,45
50,26.8,59.0,482,39,28.9,45.5,46
51,26.8,58.1,485,43,28.9,45.6,40
52,26.8,58.7,478,35,28.8,45.5,40
53,26.8,58.1,470,41,28.8,45.2,47
54,26.8,57.2,483,51,28.8,45.3,48
55,26.8,57.7,491,50,28.8,45.7,49
56,26.8,58.2,489,48,28.9,45.9,50
57,26.8,58.7,490,44,28.8,46.1,51
58,26.8,58.8,479,40,28.8,46.1,52
59,26.8,58.7,488,43,28.8,46.3,53
60,26.8,59.2,493,46,28.8,46.4,54
61,26.8,59.2,490,46,28.8,46.5,55
62,26.8,59.5,490,42,28.8,46.8,56
63,26.8,59.9,489,38,28.8,46.9,57
64,26.8,60.1,489,42,28.8,47.1,58
65,26.8,60.2,492,41,28.8,47.3,59
66,26.8,60.4,500,38,28.8,47.6,60
67,26.8,60.8,500,38,28.8,48.1,61
68,26.8,61.4,503,30,28.8,48.5,62
69,26.8,62.4,492,25,28.8,49.0,63
70,26.8,63.1,494,17,28.8,49.5,64
71,26.8,64.4,482,7,28.8,49.8,65
72,26.8,65.4,465,2,28.8,49.7,66
73,26.8,65.2,465,1,28.8,49.3,67
74,26.8,64.8,455,3,28.8,49.0,68
75,26.8,63.7,471,9,28.8,48.4,69
76,26.8,62.7,479,8,28.8,48.4,70
77,26.8,62.8,485,10,28.7,48.4,71
78,26.8,62.9,482,8,28.8,48.5,50
79,26.8,63.0,479,6,28.8,48.5,72
80,26.8,63.5,481,7,28.8,48.4,73
81,26.8,63.0,475,7,28.8,48.0,74
82,26.7,62.4,478,11,28.7,47.8,44
83,26.8,62.1,492,13,28.8,47.6,38
84,26.7,62.0,489,11,28.7,47.4,75
85,26.7,61.5,488,14,28.7,47.2,76
86,26.7,61.4,487,17,28.7,46.9,77
87,26.7,61.2,491,23,28.7,46.5,78
88,26.7,60.3,488,27,28.7,46.0,5
89,26.7,59.2,491,38,28.7,45.7,79
90,26.7,58.6,491,35,28.7,45.5,75
91,26.7,58.1,502,39,28.7,45.4,44
92,26.7,58.0,517,41,28.7,45.5,46
93,26.7,58.2,511,43,28.7,45.6,80
94,26.7,58.1,515,41,28.7,45.7,81
95,26.7,58.1,514,43,28.7,46.0,82
96,26.7,58.5,523,43,28.7,46.5,83
97,26.7,59.3,517,36,28.7,47.1,84
98,26.7,60.1,516,33,28.7,47.5,85
99,26.7,61.2,520,28,28.7,48.0,53
100,26.7,62.2,506,20,28.7,48.2,86
101,26.7,62.4,501,16,28.7,48.5,87
102,26.7,63.3,500,8,28.7,48.6,88
103,26.7,63.6,492,5,28.7,48.5,44
104,26.7,63.8,477,1,28.7,48.2,75
105,26.7,63.4,480,0,28.7,47.6,89
106,26.7,62.7,475,0,28.7,46.9,90
107,26.7,61.1,482,3,28.7,46.4,91
108,26.7,59.9,492,10,28.7,45.9,9
109,26.7,59.1,499,16,28.7,45.7,5
110,26.7,58.6,510,15,28.6,45.6,6
111,26.7,58.7,510,20,28.7,45.6,92
112,26.7,58.7,501,17,28.7,45.4,93
113,26.7,57.9,503,19,28.7,45.4,34
114,26.7,58.0,507,20,28.7,45.7,94
115,26.7,58.4,512,23,28.7,45.9,95
116,26.7,58.7,512,21,28.7,46.2,96
117,26.7,59.2,514,17,28.7,46.4,97
118,26.7,59.6,516,16,28.7,46.6,95
119,26.7,60.0,516,13,28.7,47.0,6
120,26.7,60.7,514,10,28.7,47.2,89
121,26.7,61.5,505,8,28.7,47.3,98
122,26.7,61.9,491,3,28.7,47.1,99
123,26.7,61.4,502,2,28.7,46.8,100
124,26.7,61.1,509,5,28.7,46.4,101
125,26.7,60.6,505,9,28.7,46.0,102
126,26.7,59.8,505,10,28.7,45.5,103
127,26.7,59.0,517,19,28.7,45.2,104
128,26.7,58.5,508,18,28.7,44.8,20
129,26.7,57.9,513,27,28.7,44.5,105
130,26.7,57.1,522,26,28.7,44.2,23
131,26.7,56.8,526,31,28.7,43.9,106
132,26.7,56.2,537,37,28.7,43.7,107
133,26.7,55.8,543,41,28.7,43.8,108
134,26.7,55.7,536,36,28.7,43.9,109
135,26.7,55.8,543,36,28.7,44.1,110
136,26.7,56.0,543,36,28.7,44.4,111
137,26.7,56.5,535,34,28.7,44.7,112
138,26.7,56.9,538,28,28.7,45.0,9
139,26.7,57.4,539,30,28.7,45.2,113
140,26.7,57.8,543,33,28.7,45.4,91
141,26.7,58.2,544,32,28.7,45.6,114
142,26.7,58.9,535,29,28.7,45.7,115
143,26.7,58.5,538,32,28.7,45.6,36
144,26.7,58.5,554,33,28.7,45.7,116
145,26.7,58.9,547,26,28.7,45.9,117
146,26.7,59.2,542,28,28.7,45.8,114
147,26.7,59.1,540,27,28.7,45.6,118
148,26.7,58.7,547,31,28.7,45.5,76
149,26.7,58.3,546,32,28.7,45.6,7
150,26.7,58.6,550,34,28.7,45.6,117
151,26.7,58.7,555,30,28.7,45.5,35
152,26.7,58.5,556,36,28.7,45.4,114
153,26.7,58.1,554,34,28.7,45.5,115
154,26.7,58.2,557,35,28.7,45.6,115
155,26.7,58.2,562,36,28.7,45.9,119
156,26.7,58.9,562,31,28.7,46.4,9
157,26.7,59.7,565,32,28.7,46.7,30
158,26.7,60.4,551,29,28.7,46.8,120
159,26.6,60.8,546,28,28.7,46.6,121
160,26.7,60.6,548,30,28.7,46.3,122
161,26.6,60.0,541,32,28.7,46.0,123
162,26.6,59.3,560,34,28.7,46.1,124
163,26.6,59.5,564,41,28.7,46.2,125
164,26.6,59.4,576,40,28.7,46.4,126
165,26.6,60.2,568,36,28.7,46.5,127
166,26.6,60.1,562,35,28.7,46.5,128
167,26.6,60.4,561,38,28.7,46.5,129
168,26.6,60.3,563,35,28.7,46.5,130
169,26.6,60.6,556,35,28.7,46.1,131
170,26.6,60.1,559,39,28.6,45.8,132
171,26.6,59.3,567,46,28.7,45.6,133
172,26.6,59.1,581,51,28.7,45.6,134
173,26.6,59.1,574,48,28.7,45.6,134
174,26.6,59.3,573,51,28.7,45.5,135
175,26.6,59.1,574,52,28.7,45.2,136
176,26.6,58.6,576,58,28.7,45.0,137
177,26.6,58.4,585,60,28.7,44.8,138
178,26.6,57.9,591,69,28.7,44.7,139
179,26.6,57.6,594,64,28.7,45.0,140
180,26.6,58.4,589,54,28.7,45.1,141
181,26.6,58.8,589,61,28.7,45.1,142
182,26.6,59.0,585,61,28.7,44.6,143
183,26.6,58.5,587,67,28.7,44.2,144
184,26.6,57.4,598,72,28.7,43.9,145
185,26.6,56.8,601,75,28.7,43.7,146
186,26.6,56.8,600,77,28.7,43.4,147
187,26.6,56.3,593,77,28.7,43.0,148
188,26.6,55.6,605,79,28.7,42.7,148
189,26.6,55.1,602,88,28.7,42.4,149
190,26.6,54.5,609,92,28.7,42.3,150
191,26.7,54.4,611,94,28.7,42.3,151
192,26.6,54.1,621,100,28.7,42.2,151
193,26.7,54.2,620,99,28.7,42.2,152
194,26.7,54.3,618,98,28.7,42.2,153
195,26.7,54.3,620,103,28.7,42.1,154
196,26.7,53.7,630,110,28.8,42.1,139
197,26.7,53.8,635,108,28.7,42.1,155
198,26.7,53.7,642,108,28.7,42.3,156
199,26.7,53.9,640,109,28.7,42.5,157
200,26.7,54.2,642,109,28.7,42.7,158
201,26.7,54.5,643,107,28.8,42.8,159
202,26.7,54.8,641,109,28.8,42.9,160
203,26.7,54.9,641,104,28.7,42.9,161
204,26.7,54.9,646,110,28.8,43.1,162
205,26.7,55.3,648,111,28.8,43.0,163
206,26.7,54.7,659,115,28.7,43.0,164
207,26.7,54.7,668,109,28.8,43.2,13
208,26.7,55.2,658,107,28.8,43.5,165
209,26.7,55.7,656,104,28.8,43.7,166
210,26.7,55.8,653,102,28.8,43.8,26
211,26.7,56.2,653,101,28.8,44.0,167
212,26.7,56.5,648,100,28.8,43.9,26
213,26.7,56.2,654,106,28.8,43.8,168
214,26.7,56.1,655,107,28.8,43.8,169
215,26.7,56.0,664,112,28.8,43.9,170
216,26.7,56.0,671,113,28.8,44.0,171
217,26.7,56.3,680,113,28.8,44.3,172
218,26.7,56.6,669,105,28.8,44.4,173
219,26.7,56.7,670,107,28.8,44.6,172
220,26.7,56.8,675,107,28.8,44.8,174
221,26.7,57.4,670,106,28.8,45.1,175
222,26.7,58.0,670,104,28.8,45.4,120
223,26.7,58.3,672,102,28.8,45.6,176
224,26.7,59.1,672,103,28.8,45.7,177
225,26.7,59.3,662,92,28.8,45.7,178
226,26.7,59.2,667,102,28.8,45.5,169
227,26.7,59.2,660,100,28.8,45.2,179
228,26.7,58.5,670,109,28.8,44.9,180
229,26.7,58.0,674,111,28.8,45.0,181
230,26.7,57.9,682,114,28.8,44.9,26
231,26.7,58.0,685,112,28.8,45.0,101
232,26.7,58.2,685,114,28.8,44.9,182
233,26.7,58.0,685,119,28.8,44.8,126
234,26.7,58.0,685,119,28.8,44.7,126
235,26.7,57.6,697,122,28.8,44.7,183
236,26.7,57.8,707,122,28.8,44.9,21
237,26.7,58.0,697,123,28.8,45.0,184
238,26.7,58.4,696,117,28.9,45.1,185
239,26.7,58.7,689,122,28.9,44.9,186
240,26.7,58.5,691,128,28.8,44.5,187
241,26.8,57.5,713,132,28.9,44.4,188
242,26.7,57.6,708,130,28.9,44.5,189
243,26.7,57.5,715,136,28.9,44.5,190
244,26.7,57.5,719,139,28.9,44.7,191
245,26.7,58.3,720,139,28.9,44.4,192
246,26.8,57.7,716,139,28.9,44.1,193
247,26.7,57.5,724,141,28.9,43.9,194
248,26.8,56.7,727,151,28.9,43.6,195
249,26.8,56.3,732,148,28.9,43.4,137
250,26.8,55.9,741,155,28.9,43.4,196
251,26.8,56.0,739,157,28.9,43.5,197
252,26.8,56.2,740,157,28.9,43.5,198
253,26.8,56.1,758,161,28.9,43.5,137
254,26.8,56.0,766,164,28.9,43.9,199
255,26.8,56.5,772,160,28.9,44.1,200
256,26.8,57.2,761,145,28.9,44.3,201
257,26.8,57.9,739,142,28.9,44.0,202
258,26.8,57.7,733,144,29.0,43.6,203
259,26.8,56.8,734,152,29.0,43.1,204
260,26.8,56.2,743,158,28.9,42.7,205
261,26.8,55.5,752,160,29.0,42.2,206
262,26.8,54.7,754,157,29.0,42.0,149
263,26.8,54.4,760,165,29.0,41.5,207
264,26.8,53.5,761,163,29.0,41.3,208
265,26.9,52.8,752,165,29.0,41.3,209
266,26.9,52.8,764,169,29.0,41.2,210
267,26.9,52.7,779,167,29.0,41.4,211
268,26.9,52.9,763,158,29.0,41.5,134
269,26.9,53.1,758,162,29.0,41.7,212
270,26.9,53.3,756,158,29.0,41.9,159
271,26.9,53.5,763,155,29.0,42.0,213
272,26.9,53.7,755,152,29.0,42.1,214
273,26.9,53.9,748,152,29.0,42.1,215
274,26.9,53.9,739,149,29.0,42.2,104
275,27.0,53.9,734,142,29.0,42.3,182
276,26.9,54.1,723,138,29.1,42.4,216
277,27.0,54.2,739,141,29.1,42.6,167
278,26.9,54.5,719,137,29.1,42.5,27
279,27.0,54.4,714,140,29.1,42.5,217
280,27.0,54.0,735,149,29.1,42.5,1
281,27.0,54.0,734,147,29.1,42.8,218
282,27.0,54.5,741,142,29.1,43.0,219
283,27.0,54.8,726,132,29.1,43.4,220
284,27.0,55.3,717,131,29.1,43.7,221
285,27.0,55.8,719,125,29.1,44.1,5
286,27.0,56.6,702,122,29.1,44.3,89
287,27.0,57.6,683,114,29.1,44.0,7
288,27.0,56.6,708,126,29.1,43.7,93
289,27.0,55.9,733,123,29.1,43.7,222
290,27.0,56.3,691,114,29.1,43.6,223
291,27.0,56.0,690,113,29.1,43.6,74
292,27.0,55.7,694,115,29.1,43.6,224
293,27.0,55.7,682,110,29.1,43.7,225
294,27.0,55.7,682,108,29.1,43.8,72
295,27.0,55.9,688,110,29.1,44.1,226
296,27.0,56.5,691,103,29.1,44.5,227
297,27.1,57.0,686,100,29.1,44.8,228
298,27.0,57.4,682,95,29.2,45.0,229
299,27.0,57.8,683,84,29.1,45.2,230
300,27.1,58.5,655,71,29.1,45.3,231
301,27.1,58.7,633,63,29.1,45.4,225
302,27.1,58.6,645,62,29.2,45.4,232
303,27.1,59.0,629,56,29.2,45.2,233
304,27.1,58.9,618,49,29.2,44.8,234
305,27.1,58.2,601,45,29.2,44.5,46
306,27.1,57.6,595,40,29.1,44.3,235
307,27.1,57.0,594,45,29.2,44.2,44
308,27.1,57.0,601,50,29.2,44.0,46
309,27.1,56.3,624,57,29.2,44.1,43
310,27.1,56.2,629,47,29.2,44.3,236
311,27.1,56.7,610,45,29.2,44.6,235
312,27.1,57.1,600,40,29.2,44.7,38
313,27.1,57.4,601,35,29.2,45.0,237
314,27.1,57.8,594,32,29.2,45.1,76
315,27.1,58.2,578,27,29.2,45.3,76
316,27.1,58.9,563,26,29.2,45.2,8
317,27.1,58.7,563,24,29.2,44.9,238
318,27.1,58.0,566,25,29.2,44.7,8
319,27.1,57.9,559,29,29.2,44.5,118
320,27.1,57.1,566,34,29.2,44.3,239
321,27.1,56.7,576,37,29.2,44.4,113
322,27.1,56.8,583,38,29.2,44.6,33
323,27.1,57.2,579,42,29.2,44.6,33
324,27.1,57.4,587,40,29.2,44.7,119
325,27.1,57.0,593,37,29.2,44.9,240
326,27.1,57.7,583,35,29.2,45.2,241
327,27.1,58.1,584,32,29.2,45.4,242
328,27.1,58.6,584,30,29.2,45.5,111
329,27.2,58.6,578,30,29.2,45.6,243
330,27.1,58.9,568,29,29.2,45.8,244
331,27.1,59.6,558,27,29.2,45.5,172
332,27.2,59.0,566,29,29.2,45.4,245
333,27.1,58.3,566,33,29.2,45.4,170
334,27.1,58.2,575,31,29.2,45.6,121
335,27.1,58.8,561,26,29.3,45.9,168
336,27.2,59.2,556,24,29.2,46.0,17
337,27.2,59.7,546,26,29.2,46.1,246
338,27.2,59.9,539,20,29.2,46.0,247
339,27.2,60.3,545,26,29.2,45.9,248
340,27.2,59.8,541,32,29.2,45.3,249
341,27.2,58.7,554,36,29.2,45.0,250
342,27.2,58.2,560,39,29.2,44.7,251
343,27.2,57.9,561,41,29.2,44.5,252
344,27.2,57.5,556,42,29.3,44.4,253
345,27.2,57.0,568,52,29.2,44.2,254
346,27.2,56.6,577,51,29.2,44.3,255
347,27.2,57.1,579,51,29.2,44.3,256
348,27.2,56.8,573,57,29.2,44.3,257
349,27.2,56.8,573,54,29.3,44.4,256
350,27.2,57.1,577,53,29.2,44.4,258
351,27.2,57.1,584,58,29.2,44.4,259
352,27.2,56.9,585,58,29.2,44.3,260
353,27.2,56.6,587,60,29.2,44.4,261
354,27.2,56.8,585,56,29.3,44.4,262
355,27.2,56.9,583,57,29.2,44.4,263
356,27.2,57.4,586,60,29.2,44.2,264
357,27.2,56.3,584,64,29.2,44.0,261
358,27.2,56.2,595,70,29.2,44.1,265
359,27.2,56.2,593,70,29.2,44.1,266
360,27.2,56.2,598,71,29.2,44.2,267
361,27.2,56.3,603,69,29.2,44.4,268
362,27.2,56.5,604,70,29.2,44.6,269
363,27.2,56.7,603,72,29.2,44.7,270
364,27.2,56.9,610,74,29.2,45.0,271
365,27.2,57.3,611,74,29.2,45.2,272
366,27.2,57.6,618,76,29.2,45.4,273
367,27.2,58.1,620,78,29.2,45.6,274
368,27.2,58.2,620,74,29.2,45.9,275
369,27.2,58.5,622,76,29.2,46.1,270
370,27.2,59.0,623,71,29.2,46.4,276
371,27.2,59.3,623,76,29.2,46.6,277
372,27.2,59.7,640,80,29.2,47.0,278
373,27.2,60.4,644,74,29.2,47.5,278
374,27.2,61.2,643,73,29.2,47.6,279
375,27.2,61.6,649,72,29.2,47.9,280
376,27.1,62.1,654,69,29.2,47.8,279
377,27.2,62.4,641,63,29.2,47.4,254
378,27.1,61.6,633,65,29.2,47.0,266
379,27.1,60.8,633,68,29.1,46.9,256
380,27.1,60.5,629,76,29.1,46.8,259
381,27.1,60.3,625,72,29.1,46.8,260
382,27.1,60.2,634,72,29.1,46.9,281
383,27.1,60.4,642,78,29.1,47.0,282
384,27.1,60.6,645,79,29.1,47.1,264
385,27.1,60.8,646,77,29.1,47.2,262
386,27.1,61.0,641,75,29.1,47.2,283
387,27.1,61.4,646,76,29.1,46.9,284
388,27.1,60.2,645,76,29.1,46.8,258
389,27.1,60.0,647,85,29.1,47.0,267
390,27.1,60.4,654,80,29.1,47.2,280
391,27.1,60.8,655,82,29.1,47.4,285
392,27.1,61.4,649,73,29.0,47.2,286
393,27.0,60.9,650,77,29.1,47.2,286
394,27.0,60.8,654,77,29.1,47.3,287
395,27.0,60.8,650,81,29.0,47.5,277
396,27.0,61.4,654,73,29.0,47.7,272
397,27.0,61.7,650,77,29.0,47.6,288
398,27.0,61.6,654,77,29.0,47.6,289
399,27.0,61.5,652,76,29.0,47.6,290
400,27.0,61.8,647,72,29.0,47.5,291
401,27.0,61.5,651,77,29.0,47.4,292
402,27.0,61.3,662,78,29.0,47.3,251
403,27.0,61.3,663,81,29.0,47.3,293
404,27.0,61.0,647,77,29.0,47.3,291
405,27.0,61.2,655,79,28.9,47.4,294
406,27.0,61.4,654,75,29.0,47.4,295
407,27.0,61.6,656,75,28.9,47.3,296
408,27.0,61.2,652,78,28.9,46.9,297
409,26.9,60.5,648,80,28.9,46.7,294
410,26.9,60.3,652,85,28.9,46.7,298
411,26.9,60.0,652,85,28.9,46.7,291
412,26.9,59.9,670,86,28.9,46.8,292
413,26.9,60.1,668,86,28.9,46.9,292
414,26.9,60.3,666,87,28.9,47.0,299
415,26.9,60.6,669,83,28.9,47.2,300
416,26.9,60.8,669,87,28.9,47.1,301
417,26.9,60.9,667,87,28.8,47.0,302
418,26.9,60.2,669,85,28.8,47.0,303
419,26.8,60.4,664,85,28.8,47.3,304
420,26.8,60.5,664,82,28.8,47.5,305
421,26.8,61.3,663,78,28.8,47.7,306
422,26.8,61.9,665,82,28.8,47.7,307
423,26.8,61.4,664,83,28.7,47.6,308
424,26.8,61.2,666,77,28.8,47.8,309
425,26.8,61.9,660,77,28.8,47.9,310
426,26.8,61.9,658,74,28.7,47.9,310
427,26.8,62.1,654,72,28.7,47.9,311
428,26.8,62.5,648,69,28.7,47.5,312
429,26.8,61.6,646,74,28.7,47.2,313
430,26.7,60.9,642,72,28.7,47.1,314
431,26.7,60.4,646,74,28.7,47.2,315
432,26.7,60.6,647,76,28.7,47.4,316
433,26.7,61.2,650,77,28.6,47.4,316
434,26.7,60.8,645,77,28.6,47.4,317
435,26.7,60.7,646,77,28.6,47.7,313
436,26.7,61.2,646,71,28.6,48.0,318
437,26.7,61.8,656,76,28.6,48.4,319
438,26.7,62.9,646,69,28.6,48.3,320
439,26.6,62.9,644,62,28.6,48.2,319
440,26.6,62.9,631,67,28.6,47.8,318
441,26.6,61.6,634,75,28.6,47.9,321
442,26.6,61.6,635,71,28.5,48.1,322
443,26.6,63.0,633,63,28.5,48.0,248
444,26.6,62.9,616,60,28.5,47.2,323
445,26.5,60.4,650,79,28.5,47.1,324
446,26.5,60.1,646,77,28.5,47.5,325
447,26.5,61.1,653,74,28.5,48.1,326
448,26.5,62.0,638,68,28.5,48.6,327
449,26.5,63.2,629,59,28.5,48.8,328
450,26.5,64.1,612,59,28.5,48.8,329
451,26.5,64.0,617,59,28.4,48.4,330
452,26.4,63.0,615,57,28.4,48.5,331
453,26.4,63.2,613,56,28.4,48.7,290
454,26.4,63.9,602,52,28.4,48.5,332
455,26.4,63.9,589,42,28.4,48.2,333
456,26.4,63.7,580,52,28.4,47.5,334
457,26.4,62.4,575,51,28.4,46.8,335
458,26.4,60.9,572,56,28.4,46.4,336
459,26.3,60.4,571,62,28.4,46.3,337
460,26.3,60.4,563,55,28.4,46.0,338
461,26.3,59.6,563,63,28.3,45.7,339
462,26.3,59.2,569,61,28.4,45.6,340
463,26.3,58.9,569,62,28.3,45.6,341
464,26.3,58.8,570,68,28.3,45.6,342
465,26.3,59.1,580,65,28.3,45.8,343
466,26.3,59.6,574,65,28.3,45.7,344
467,26.3,59.2,576,65,28.3,45.7,345
468,26.3,59.3,568,64,28.3,45.7,346
469,26.2,59.6,570,61,28.3,45.7,347
470,26.2,59.5,564,57,28.3,45.5,348
471,26.2,59.3,558,62,28.3,45.2,349
472,26.2,58.7,564,62,28.3,45.1,350
473,26.2,58.7,555,53,28.3,45.0,351
474,26.2,58.3,562,63,28.3,45.0,352
475,26.2,58.5,559,57,28.3,45.1,353
476,26.2,58.8,563,59,28.3,45.0,354
477,26.2,59.1,548,53,28.3,44.6,355
478,26.2,58.1,547,61,28.3,44.2,356
479,26.2,57.2,552,58,28.3,44.2,357
480,26.1,57.6,545,57,28.3,44.2,358
481,26.1,57.7,542,59,28.3,44.0,359
482,26.2,57.1,544,62,28.3,43.5,359
483,26.1,56.5,539,61,28.3,43.4,360
484,26.1,56.5,538,60,28.3,43.2,361
485,26.1,56.2,534,60,28.2,42.8,362
486,26.1,55.7,530,64,28.2,42.5,363
487,26.1,55.0,525,58,28.2,42.1,364
488,26.1,54.5,521,61,28.3,41.8,365
489,26.1,54.0,514,61,28.3,41.5,366
490,26.1,53.5,517,63,28.3,41.3,367
491,26.1,53.2,507,62,28.3,41.3,368
492,26.1,53.0,502,63,28.3,41.3,369
493,26.1,53.2,502,60,28.2,41.3,370
494,26.1,52.9,504,68,28.2,41.5,371
495,26.1,53.1,509,67,28.2,41.7,347
496,26.2,53.5,511,63,28.2,41.8,348
497,26.1,53.7,511,67,28.2,42.0,372
498,26.1,54.0,514,59,28.2,41.9,373
499,26.2,53.8,510,64,28.2,42.0,374
500,26.2,53.9,499,66,28.2,42.2,342
501,26.1,54.2,511,70,28.2,42.4,375
502,26.1,54.5,511,61,28.2,42.3,376
503,26.1,54.4,503,63,28.2,42.3,377
504,26.1,54.2,513,70,28.2,42.6,378
505,26.1,54.6,512,62,28.2,42.8,377
506,26.1,54.8,508,64,28.2,43.0,341
507,26.1,55.3,508,62,28.2,43.2,379
508,26.1,55.7,505,63,28.2,43.3,343
509,26.1,55.7,506,61,28.2,43.1,380
510,26.1,55.3,520,67,28.2,43.0,377
511,26.1,55.3,517,67,28.2,43.1,381
512,26.1,55.3,504,67,28.2,43.2,382
513,26.1,55.3,510,68,28.2,43.5,383
514,26.1,55.8,510,65,28.2,43.8,384
515,26.1,56.5,510,61,28.2,44.1,385
516,26.1,57.5,500,61,28.2,43.7,386
517,26.1,56.4,508,65,28.2,43.2,387
518,26.1,55.6,517,69,28.2,43.1,388
519,26.1,55.3,520,71,28.2,43.2,389
520,26.1,55.9,508,65,28.1,43.0,390
521,26.1,55.4,508,71,28.1,42.8,391
522,26.1,54.9,508,77,28.1,42.7,391
523,26.1,54.8,512,78,28.1,42.5,392
524,26.1,54.5,517,80,28.1,42.5,393
525,26.1,54.4,528,83,28.1,42.5,394
526,26.1,54.5,524,84,28.1,42.6,394
527,26.1,54.4,528,85,28.1,42.7,395
528,26.1,54.5,521,79,28.1,42.9,396
529,26.1,54.8,524,86,28.1,43.2,397
530,26.1,55.2,531,83,28.1,43.7,393
531,26.1,56.3,521,75,28.1,43.8,398
532,26.1,56.2,524,74,28.1,44.0,399
533,26.1,57.3,507,66,28.1,43.8,400
534,26.1,56.6,511,76,28.1,43.3,401
535,26.1,55.7,521,79,28.1,43.2,402
536,26.1,55.6,508,78,28.1,42.8,403
537,26.1,55.0,521,84,28.1,42.9,404
538,26.0,55.3,516,81,28.1,42.9,405
539,26.0,55.1,511,81,28.1,42.6,406
540,26.0,54.6,519,85,28.1,42.6,407
541,26.0,54.6,518,85,28.1,42.7,408
542,26.0,54.7,516,80,28.1,42.8,409
543,26.0,54.9,519,87,28.1,43.0,410
544,26.0,55.2,515,80,28.1,43.1,411
545,26.0,55.3,521,86,28.1,43.2,412
546,26.0,55.7,526,89,28.1,43.3,413
547,26.0,56.0,526,84,28.0,43.3,414
548,26.0,55.6,530,84,28.1,43.2,414
549,26.0,55.6,527,82,28.0,43.2,415
550,26.0,55.7,522,82,28.1,43.3,416
551,26.0,55.8,522,76,28.0,43.2,417
552,26.0,55.7,525,85,28.0,43.3,418
553,26.0,55.8,520,81,28.0,43.4,419
554,26.0,56.2,515,76,28.1,43.3,420
555,26.0,55.8,514,79,28.0,43.1,410
556,25.9,55.8,512,76,28.0,43.1,421
557,25.9,55.6,516,76,28.0,43.0,421
558,25.9,55.6,516,76,28.0,43.0,422
559,25.9,55.5,518,71,28.0,43.0,423
560,25.9,55.5,510,68,28.0,43.2,424
561,25.9,56.1,501,65,28.0,43.2,425
562,25.9,56.6,488,63,28.1,42.6,426
563,25.9,55.2,488,66,28.0,42.1,427
564,25.9,54.5,496,71,28.1,41.8,428
565,25.9,54.1,491,63,28.0,41.8,400
566,26.0,54.1,488,63,28.0,41.8,429
567,25.9,54.1,471,60,28.1,41.8,430
568,26.0,54.2,455,60,28.0,41.5,431
569,26.0,53.6,463,59,28.1,41.3,432
570,26.0,53.2,474,65,28.1,41.1,433
571,26.0,53.2,469,61,28.0,41.1,434
572,26.0,52.9,480,67,28.1,40.9,435
573,26.0,52.8,483,65,28.1,40.8,436
574,26.0,52.5,479,64,28.1,40.8,437
575,26.0,52.5,470,57,28.1,40.8,438
576,26.0,52.4,467,57,28.1,40.9,439
577,26.0,52.5,465,58,28.1,41.0,440
578,26.0,52.6,461,48,28.1,41.2,441
579,26.0,53.0,456,48,28.1,41.4,442
580,26.0,53.8,453,42,28.1,41.3,443
581,26.0,53.3,438,40,28.1,40.6,444
582,26.0,52.0,443,45,28.1,40.6,445
583,26.0,52.0,442,46,28.1,40.9,446
584,26.0,52.3,444,43,28.1,41.1,447
585,26.0,52.6,442,41,28.1,41.4,382
586,26.0,53.0,453,40,28.1,41.5,448
587,26.0,53.3,444,37,28.1,41.8,448
588,26.0,53.6,442,35,28.1,42.0,449
589,26.0,54.2,433,34,28.1,42.3,450
590,26.1,54.6,441,34,28.1,42.3,451
591,26.1,54.4,450,37,28.1,42.1,447
592,26.1,54.1,455,38,28.1,42.2,448
593,26.1,54.2,438,31,28.1,42.3,452
594,26.1,54.4,428,31,28.1,42.4,376
595,26.1,54.6,429,29,28.1,42.4,451
596,26.1,54.4,431,29,28.1,42.8,453
597,26.1,55.1,431,32,28.1,42.8,454
598,26.1,55.3,433,33,28.2,42.9,455
599,26.1,55.4,430,36,28.1,42.9,456
600,26.1,55.5,439,41,28.2,42.8,420
601,26.1,55.3,440,42,28.2,42.6,457
602,26.1,55.2,443,43,28.2,42.3,458
603,26.1,54.4,455,44,28.2,42.3,459
604,26.1,54.8,453,49,28.2,42.2,460
605,26.1,55.0,450,54,28.1,41.5,461
606,26.1,53.6,464,63,28.1,41.0,462
607,26.1,52.7,486,69,28.2,40.9,463
608,26.1,52.4,481,60,28.2,41.0,464
609,26.1,52.5,475,60,28.2,41.0,465
610,26.1,52.6,459,57,28.2,41.1,391
611,26.1,52.6,467,56,28.2,41.1,466
612,26.1,52.8,457,58,28.2,41.1,467
613,26.1,52.7,449,56,28.2,41.3,468
614,26.1,53.0,445,52,28.1,41.5,469
615,26.1,53.5,448,52,28.2,41.4,470
616,26.1,53.0,453,59,28.2,41.3,385
617,26.1,52.8,458,58,28.2,41.4,471
618,26.1,52.9,461,55,28.2,41.7,472
619,26.1,53.3,453,51,28.2,42.1,473
620,26.1,54.1,454,48,28.2,42.3,474
621,26.1,54.2,455,51,28.2,42.3,475
622,26.1,54.4,450,50,28.2,42.4,476
623,26.1,54.4,449,49,28.2,42.3,477
624,26.1,54.4,444,49,28.2,42.5,478
625,26.1,54.6,452,51,28.2,42.6,479
626,26.1,54.6,455,56,28.2,42.7,478
627,26.1,54.7,467,55,28.2,42.8,436
628,26.1,55.0,464,54,28.2,42.8,479
629,26.1,55.1,450,50,28.1,42.7,476
630,26.1,55.1,441,49,28.2,42.4,480
631,26.1,54.4,445,53,28.2,42.3,481
632,26.1,54.2,447,54,28.2,42.3,477
633,26.1,54.2,446,55,28.1,42.5,482
634,26.1,54.5,443,54,28.1,42.7,386
635,26.1,54.9,447,55,28.1,42.9,483
636,26.1,55.0,445,52,28.1,42.9,484
637,26.1,55.3,449,53,28.1,42.9,485
638,26.1,54.7,450,55,28.1,43.1,476
639,26.1,55.0,456,56,28.1,43.5,361
640,26.1,55.8,452,56,28.1,43.9,476
641,26.1,56.6,450,52,28.1,44.0,479
642,26.1,56.7,459,58,28.1,43.9,474
643,26.1,56.7,453,54,28.1,43.9,479
644,26.0,56.5,456,53,28.1,43.9,485
645,26.0,56.5,467,58,28.1,44.1,486
646,26.0,57.1,467,59,28.1,44.3,483
647,26.0,57.4,459,59,28.0,44.0,487
648,26.0,56.9,468,58,28.0,44.1,482
649,26.0,57.1,469,57,28.0,44.6,488
650,26.0,58.1,465,60,28.0,44.6,489
651,26.0,57.8,468,58,28.0,44.6,490
652,25.9,58.1,473,58,28.0,44.6,491
653,25.9,58.2,478,58,28.0,44.6,492
654,25.9,58.4,467,57,28.0,44.3,493
655,25.9,58.2,474,61,28.0,44.1,494
656,25.9,57.8,465,58,28.0,43.5,495
657,25.9,57.3,458,61,28.0,42.9,496
658,25.9,56.1,463,66,28.0,42.3,497
659,25.9,55.5,463,68,28.0,42.0,498
660,25.9,55.1,456,68,28.0,41.0,499
661,25.9,53.0,459,77,28.0,40.9,500
662,25.9,53.1,457,74,28.0,40.9,501
663,25.9,53.1,460,73,28.0,40.8,502
664,25.9,52.8,459,68,28.0,40.8,503
665,25.9,53.1,451,70,28.0,40.6,504
666,25.9,52.9,450,68,28.0,40.4,505
667,25.9,52.6,446,66,28.0,40.1,506
668,25.9,52.1,449,68,28.0,39.8,507
669,25.9,51.6,443,67,28.0,39.7,507
670,25.9,51.4,430,65,28.0,39.5,508
671,25.9,51.2,430,64,28.0,39.2,497
672,25.9,50.7,431,63,28.0,39.0,509
673,25.9,50.2,421,57,28.1,38.9,510
674,25.9,50.0,418,66,28.0,39.0,511
675,25.9,50.2,422,65,28.1,39.2,512
676,25.9,50.6,430,66,28.1,39.3,512
677,25.9,50.7,431,64,28.1,39.2,513
678,25.9,50.5,425,69,28.1,39.2,514
679,26.0,50.5,427,67,28.1,39.2,515
680,26.0,50.5,422,61,28.1,39.3,516
681,26.0,50.6,430,65,28.1,39.4,517
682,26.0,50.6,418,56,28.1,39.5,518
683,26.0,50.8,414,58,28.1,39.7,519
684,26.0,51.0,419,57,28.1,39.9,520
685,26.0,51.4,417,55,28.1,40.0,521
686,26.0,51.5,420,56,28.1,40.2,522
687,26.0,51.8,417,50,28.1,40.3,523
688,26.0,51.9,421,55,28.1,40.4,524
689,26.0,52.2,425,55,28.2,40.6,525
690,26.0,52.6,424,58,28.1,40.7,526
691,26.0,52.8,428,57,28.2,40.5,527
692,26.0,52.6,436,62,28.2,40.5,528
693,26.0,52.7,432,61,28.1,40.3,529
694,26.0,52.1,448,65,28.2,40.1,530
695,26.0,52.0,453,64,28.2,40.1,531
696,26.1,52.0,446,66,28.2,39.9,532
697,26.1,51.6,436,64,28.2,39.8,533
698,26.0,51.6,442,61,28.2,40.0,534
699,26.1,51.9,437,59,28.2,40.2,535
700,26.1,52.3,447,61,28.2,40.2,536
701,26.1,52.4,449,65,28.2,40.1,537
702,26.1,52.1,453,66,28.2,39.8,538
703,26.1,52.0,439,59,28.2,39.5,539
704,26.1,51.5,438,57,28.2,39.2,540
705,26.1,50.8,445,63,28.2,39.1,541
706,26.1,50.9,436,58,28.3,38.9,542
707,26.1,50.5,433,60,28.3,38.7,543
708,26.1,50.1,440,61,28.3,38.5,544
709,26.1,49.8,435,57,28.3,38.5,545
710,26.1,49.9,434,59,28.3,38.4,545
711,26.1,49.6,425,58,28.3,38.1,546
712,26.1,49.1,427,60,28.3,38.2,547
713,26.1,49.1,434,60,28.3,38.4,548
714,26.2,49.3,432,53,28.3,38.5,503
715,26.2,49.7,433,54,28.4,38.8,549
716,26.2,50.1,422,51,28.3,38.8,550
717,26.2,50.1,418,45,28.4,38.8,551
718,26.2,49.9,417,50,28.4,38.8,552
719,26.2,49.9,419,45,28.4,39.1,553
720,26.2,50.3,420,43,28.4,39.4,554
721,26.2,50.7,414,33,28.4,39.8,555
722,26.2,52.0,414,33,28.4,39.8,556
723,26.2,51.7,415,35,28.4,39.4,557
724,26.3,50.9,419,43,28.4,39.2,558
725,26.3,50.7,415,44,28.4,39.2,559
726,26.3,50.8,421,42,28.4,39.4,560
727,26.3,51.0,415,44,28.5,39.4,561
728,26.3,50.9,435,49,28.5,39.3,562
729,26.3,51.0,425,42,28.5,39.2,563
730,26.3,50.9,429,45,28.5,39.0,564
731,26.3,50.4,421,44,28.5,39.0,565
732,26.3,50.3,417,44,28.5,39.2,566
733,26.3,50.7,430,46,28.5,39.4,567
734,26.3,51.1,425,40,28.5,39.5,524
735,26.3,51.3,422,38,28.5,39.3,568
736,26.3,50.8,422,42,28.5,39.3,561
737,26.4,50.8,422,41,28.6,39.4,569
738,26.4,51.0,422,40,28.6,39.5,570
739,26.4,51.4,420,39,28.6,39.5,561
740,26.4,51.3,416,39,28.6,39.3,568
741,26.4,51.0,425,42,28.6,39.1,571
742,26.4,50.5,434,41,28.6,39.0,524
743,26.4,50.4,422,34,28.6,39.3,566
744,26.4,51.0,412,30,28.7,39.3,572
745,26.4,51.2,412,30,28.7,38.9,573
746,26.5,50.4,404,37,28.6,38.6,574
747,26.5,49.8,422,36,28.7,38.7,575
748,26.5,50.0,421,35,28.7,38.8,576
749,26.5,50.2,404,32,28.7,38.6,559
750,26.5,49.9,406,34,28.7,38.2,577
751,26.5,48.9,417,36,28.7,38.2,578
752,26.5,49.0,405,32,28.7,38.5,579
753,26.5,49.4,402,31,28.7,38.8,580
754,26.5,49.8,417,27,28.8,39.0,581
755,26.5,50.3,408,24,28.7,39.0,582
756,26.6,50.2,407,22,28.8,39.3,583
757,26.6,50.4,406,25,28.8,39.6,584
758,26.6,50.7,411,22,28.8,40.0,585
759,26.6,51.3,411,20,28.8,40.5,586
760,26.6,52.3,415,13,28.8,40.8,587
761,26.6,53.2,406,9,28.8,40.9,507
762,26.6,53.1,408,9,28.8,41.0,588
763,26.6,53.5,404,8,28.8,40.9,589
764,26.6,53.2,401,9,28.8,40.7,590
765,26.6,53.2,400,4,28.8,40.4,591
766,26.6,52.6,400,9,28.8,40.3,527
767,26.6,52.4,400,5,28.8,40.2,592
768,26.6,52.2,400,9,28.8,40.2,532
769,26.6,52.4,400,9,28.9,40.0,593
770,26.6,51.8,400,9,28.9,39.9,594
771,26.6,51.7,402,13,28.9,39.8,595
772,26.6,51.7,402,14,28.9,39.8,596
773,26.7,51.5,405,13,28.9,40.0,597
774,26.7,52.0,406,17,28.9,40.0,598
775,26.7,52.1,400,10,28.9,40.0,599
776,26.7,52.1,400,12,28.9,40.1,600
777,26.7,52.2,401,18,28.9,39.8,601
778,26.7,51.8,406,24,28.9,39.6,602
779,26.7,51.4,401,22,28.9,39.5,603
780,26.7,51.6,408,25,28.9,39.2,604
781,26.7,51.0,405,27,29.0,39.2,605
782,26.7,51.0,408,26,29.0,39.0,606
783,26.7,50.9,400,28,29.0,38.5,607
784,26.7,49.6,406,31,29.0,38.5,608
785,26.7,49.7,411,29,29.0,38.8,609
786,26.8,50.3,401,23,29.0,38.8,610
787,26.8,50.3,404,28,29.0,38.8,611
788,26.8,50.0,407,31,29.0,39.1,612
789,26.8,50.5,413,28,29.0,39.6,613
790,26.8,51.4,404,23,29.0,39.8,614
791,26.8,52.1,400,17,29.1,39.6,615
792,26.8,51.5,401,23,29.1,39.5,616
793,26.8,51.5,403,25,29.1,39.2,617
794,26.8,51.3,400,24,29.1,38.9,618
795,26.8,50.5,400,31,29.1,38.7,618
796,26.9,50.2,400,33,29.1,38.7,619
797,26.9,50.4,404,30,29.1,38.5,620
798,26.9,49.8,402,32,29.1,38.4,621
799,26.9,49.8,400,30,29.1,38.5,622
800,26.9,49.7,400,30,29.2,38.7,623
801,26.9,50.2,400,29,29.2,38.9,624
802,26.9,50.8,400,34,29.2,38.7,625
803,26.9,50.5,400,38,29.2,38.5,626
804,27.0,50.3,400,38,29.2,38.0,627
805,27.0,49.2,402,43,29.2,37.9,628
806,27.0,49.0,414,48,29.2,38.0,629
807,27.0,49.2,400,43,29.2,37.7,630
808,27.0,48.8,405,45,29.3,37.6,631
809,27.0,48.5,400,43,29.3,37.7,632
810,27.0,48.6,400,40,29.3,37.7,633
811,27.0,48.5,400,46,29.3,37.9,634
812,27.1,49.0,400,45,29.3,37.9,635
813,27.1,48.9,400,44,29.3,37.9,636
814,27.1,49.0,400,39,29.3,38.0,637
815,27.1,48.8,400,39,29.4,38.0,638
816,27.1,48.9,400,44,29.4,38.2,639
817,27.1,49.1,400,41,29.4,38.3,640
818,27.1,49.2,400,44,29.4,38.4,641
819,27.1,49.2,400,38,29.4,38.8,642
820,27.2,49.8,400,36,29.4,39.3,641
821,27.2,50.8,400,30,29.4,39.7,611
822,27.2,51.3,400,27,29.4,39.9,643
823,27.2,52.1,400,27,29.4,39.7,637
824,27.2,51.6,400,36,29.5,39.5,644
825,27.2,51.3,400,36,29.5,39.3,645
826,27.2,50.9,400,39,29.5,39.1,646
827,27.3,50.6,400,42,29.5,39.1,647
828,27.3,50.7,400,43,29.5,38.9,646
829,27.3,50.1,400,45,29.5,39.0,614
830,27.3,50.1,400,45,29.5,39.2,648
831,27.3,50.6,400,43,29.5,39.4,647
832,27.3,50.7,400,45,29.5,39.6,649
833,27.3,51.2,400,43,29.5,39.6,650
834,27.3,51.5,400,44,29.5,39.5,651
835,27.3,51.3,400,43,29.6,39.4,652
836,27.3,51.0,400,49,29.5,39.1,649
837,27.4,50.5,400,56,29.5,39.1,653
838,27.4,50.3,400,55,29.6,39.1,654
839,27.4,50.2,400,56,29.6,39.2,637
840,27.4,50.4,400,55,29.5,39.1,655
841,27.4,50.2,400,55,29.6,39.3,656
842,27.4,50.3,400,57,29.6,39.5,657
843,27.4,50.7,400,56,29.6,39.7,658
844,27.4,51.1,400,58,29.6,39.7,639
845,27.4,50.9,400,55,29.6,39.7,659
846,27.4,50.7,400,60,29.6,39.9,660
847,27.4,51.0,405,63,29.6,40.1,661
848,27.4,51.6,400,55,29.6,40.2,662
849,27.5,51.5,402,60,29.6,40.2,663
850,27.5,51.5,400,56,29.6,40.3,664
851,27.5,51.5,403,68,29.6,40.3,665
852,27.5,51.4,404,61,29.6,40.6,666
853,27.5,51.9,409,61,29.6,40.8,667
854,27.5,52.1,408,63,29.6,41.1,668
855,27.5,52.2,411,63,29.6,41.3,669
856,27.5,52.5,413,62,29.6,41.7,670
857,27.5,53.2,416,60,29.6,42.2,671
858,27.5,54.2,426,60,29.6,42.6,672
859,27.5,54.7,421,59,29.6,42.9,673
860,27.5,55.1,420,57,29.6,43.0,674
861,27.5,55.3,426,56,29.6,43.2,675
862,27.5,55.7,425,60,29.6,43.2,676
863,27.5,55.7,426,58,29.6,43.4,677
864,27.5,56.2,431,58,29.6,43.4,678
865,27.5,56.2,437,64,29.6,43.5,678
866,27.5,56.2,439,67,29.6,43.7,679
867,27.5,56.5,447,70,29.6,43.8,679
868,27.5,56.9,441,62,29.6,43.8,680
869,27.5,56.5,453,67,29.6,43.8,681
870,27.4,56.8,454,66,29.6,43.9,682
871,27.4,57.2,449,62,29.6,43.9,683
872,27.4,57.2,450,60,29.6,43.8,684
873,27.4,57.2,450,59,29.6,43.6,685
874,27.4,57.0,436,61,29.6,43.3,666
875,27.4,56.3,441,66,29.6,42.9,686
876,27.4,55.9,432,65,29.6,42.4,600
877,27.4,54.6,433,69,29.6,42.3,600
878,27.4,54.6,440,71,29.6,42.7,687
879,27.4,55.1,441,68,29.6,42.8,688
880,27.4,55.4,433,64,29.6,42.7,689
881,27.4,55.5,437,62,29.6,42.7,690
882,27.4,55.4,437,66,29.6,42.6,600
883,27.4,55.4,436,64,29.6,42.5,688
884,27.4,55.1,435,67,29.6,42.3,691
885,27.4,54.9,436,69,29.6,42.3,692
886,27.4,55.0,436,68,29.6,42.2,693
887,27.4,54.6,433,68,29.6,42.0,694
888,27.4,54.3,431,65,29.6,42.1,668
889,27.4,54.6,429,70,29.6,42.0,695
890,27.4,54.6,430,70,29.6,41.7,696
891,27.4,54.0,434,74,29.6,41.5,697
892,27.5,53.6,430,66,29.6,41.6,698
893,27.4,53.7,432,67,29.6,41.6,699
894,27.5,53.8,426,65,29.6,41.5,700
895,27.5,53.9,425,63,29.6,41.3,701
896,27.5,53.4,419,63,29.6,41.0,702
897,27.5,52.9,422,71,29.6,41.0,703
898,27.5,52.8,422,66,29.6,40.8,704
899,27.5,52.4,418,61,29.6,40.7,705
900,27.5,52.2,407,59,29.6,40.7,706
901,27.5,52.1,409,60,29.6,40.7,707
902,27.5,52.1,410,64,29.6,40.7,708
903,27.5,51.9,402,57,29.6,40.8,709
904,27.5,52.0,407,59,29.6,41.2,710
905,27.5,52.2,400,61,29.6,41.7,576
906,27.5,52.9,412,57,29.6,42.2,561
907,27.5,53.8,415,55,29.6,43.0,711
908,27.5,55.1,408,47,29.6,43.5,712
909,27.5,56.3,407,47,29.6,43.7,713
910,27.5,56.7,400,44,29.6,43.6,714
911,27.5,56.0,415,54,29.6,43.7,715
912,27.5,56.5,417,51,29.6,43.8,716
913,27.5,56.4,422,55,29.6,43.9,717
914,27.5,57.0,420,59,29.6,43.9,718
915,27.5,56.7,430,61,29.6,43.9,719
916,27.5,57.0,431,65,29.6,43.9,720
917,27.5,57.1,434,62,29.6,43.9,721
918,27.4,57.1,434,60,29.6,43.6,722
919,27.4,57.0,444,65,29.6,43.3,696
920,27.4,56.2,443,69,29.6,42.9,676
921,27.4,55.7,442,71,29.6,42.7,680
922,27.4,55.2,442,74,29.6,42.7,723
923,27.4,55.1,448,71,29.6,42.8,676
924,27.4,55.3,451,74,29.6,42.9,679
925,27.4,55.7,444,66,29.6,43.0,723
926,27.4,55.9,446,68,29.6,42.9,724
927,27.4,55.8,447,73,29.6,42.9,725
928,27.4,55.9,442,72,29.6,42.6,726
929,27.4,55.2,437,68,29.6,42.7,727
930,27.4,55.4,431,67,29.6,42.5,728
931,27.4,55.1,435,72,29.6,42.5,693
932,27.4,55.4,427,65,29.6,42.5,729
933,27.4,55.2,433,74,29.6,42.2,667
934,27.4,55.0,438,73,29.6,42.2,730
935,27.4,54.9,436,73,29.6,41.9,731
936,27.4,54.5,437,71,29.6,41.6,732
937,27.4,53.9,440,79,29.6,41.4,680
938,27.4,53.6,437,77,29.6,41.2,672
939,27.4,53.3,431,77,29.6,41.1,733
940,27.4,52.9,433,75,29.6,41.1,720
941,27.4,53.1,428,76,29.6,41.3,734
942,27.4,53.2,426,71,29.6,41.4,735
943,27.4,53.4,431,69,29.6,41.5,736
944,27.4,53.7,428,67,29.6,41.7,737
945,27.4,54.0,422,63,29.6,41.8,737
946,27.4,54.2,419,57,29.6,41.8,738
947,27.5,54.5,422,56,29.6,41.6,739
948,27.5,54.0,417,57,29.6,41.3,737
949,27.5,53.6,416,57,29.6,40.9,740
950,27.5,53.2,407,57,29.6,40.5,741
951,27.5,52.2,400,59,29.6,40.3,742
952,27.5,52.1,400,59,29.6,40.3,743
953,27.5,51.7,400,62,29.7,40.2,594
954,27.5,51.7,404,65,29.6,40.2,744
955,27.5,51.6,400,60,29.7,40.3,745
956,27.5,51.7,400,62,29.6,40.5,746
957,27.5,52.1,400,58,29.7,40.5,747
958,27.5,51.8,400,65,29.7,40.5,748
959,27.5,51.8,400,65,29.6,40.5,531
960,27.5,51.7,401,66,29.7,40.8,592
961,27.5,52.2,401,65,29.7,41.2,749
962,27.5,52.7,405,63,29.7,41.5,750
963,27.5,53.0,411,66,29.7,41.9,751
964,27.5,53.5,412,62,29.7,42.3,752
965,27.5,54.2,408,59,29.7,42.8,753
966,27.5,55.3,402,58,29.7,43.1,754
967,27.5,55.5,409,64,29.7,43.4,755
968,27.5,56.4,408,58,29.7,43.2,756
969,27.5,55.9,413,62,29.7,43.2,757
970,27.5,56.0,418,64,29.7,43.2,748
971,27.5,55.8,420,67,29.7,43.3,758
972,27.5,56.1,421,64,29.6,43.5,759
973,27.5,56.4,424,59,29.7,43.5,747
974,27.5,56.8,422,63,29.7,43.3,760
975,27.5,56.7,421,62,29.7,42.9,761
976,27.5,55.9,409,62,29.7,42.4,762
977,27.5,54.9,415,66,29.7,42.2,716
978,27.5,54.4,414,70,29.7,42.4,763
979,27.5,54.8,417,70,29.7,42.5,763
980,27.5,55.0,417,73,29.7,42.4,763
981,27.5,54.8,430,74,29.7,42.4,763
982,27.5,54.9,423,66,29.7,42.5,764
983,27.5,55.2,425,65,29.7,42.7,765
984,27.5,55.5,418,65,29.7,42.7,766
985,27.5,55.8,408,63,29.7,42.5,700
986,27.5,55.2,410,69,29.7,42.3,767
987,27.5,55.0,410,65,29.7,42.2,740
988,27.5,55.1,421,72,29.7,42.0,718
989,27.5,54.6,419,73,29.7,41.8,740
990,27.5,54.4,411,67,29.7,41.7,768
991,27.5,54.1,409,67,29.7,41.7,769
992,27.5,54.1,418,71,29.7,41.6,770
993,27.5,54.1,418,72,29.8,41.5,771
994,27.5,54.0,415,72,29.8,41.4,772
995,27.6,53.5,420,71,29.8,41.4,773
996,27.6,53.7,423,73,29.8,41.3,774
997,27.6,53.7,426,72,29.8,41.3,761
998,27.6,53.5,422,70,29.8,41.1,775
999,27.6,53.3,420,76,29.8,41.0,776
1000,27.6,53.0,416,68,29.8,40.9,759
1001,27.6,52.9,413,68,29.8,40.8,531
1002,27.6,52.8,416,68,29.8,40.6,533
1003,27.6,52.5,413,68,29.8,40.5,529
1004,27.6,52.3,406,64,29.8,40.4,713
1005,27.6,52.1,403,67,29.8,40.4,777
1006,27.6,52.1,400,65,29.8,40.3,778
1007,27.7,51.9,400,67,29.8,40.1,779
1008,27.7,51.4,400,64,29.8,40.2,575
1009,27.7,51.5,400,65,29.9,40.4,589
1010,27.7,51.6,400,66,29.9,40.4,780
1011,27.7,51.7,400,65,29.9,40.5,781
1012,27.7,51.9,400,64,29.9,40.7,782
1013,27.7,51.9,400,66,29.9,40.9,549
1014,27.7,52.1,400,66,29.9,41.3,783
1015,27.7,52.7,400,65,29.9,41.7,521
1016,27.7,53.3,402,64,29.9,42.0,784
1017,27.7,53.8,404,67,29.9,42.2,497
1018,27.7,53.9,400,65,29.9,42.5,785
1019,27.7,54.6,407,65,29.9,42.7,786
1020,27.7,54.9,406,65,29.9,42.6,787
1021,27.7,54.7,401,68,29.9,42.7,783
1022,27.8,54.9,412,67,29.9,42.7,788
1023,27.8,54.8,416,76,29.9,42.9,551
1024,27.8,55.1,416,69,29.9,43.3,789
1025,27.8,55.5,424,74,29.9,43.5,790
1026,27.8,56.2,424,71,29.9,43.7,791
1027,27.8,56.2,432,76,29.9,43.8,792
1028,27.8,56.2,434,75,29.9,44.0,793
1029,27.8,56.6,443,71,29.9,44.3,794
1030,27.8,57.2,441,69,29.9,44.5,795
1031,27.8,57.8,429,60,29.9,44.4,796
1032,27.8,57.7,422,65,29.9,44.1,495
1033,27.8,56.7,433,70,29.9,44.3,553
1034,27.8,57.5,431,65,29.9,44.5,496
1035,27.8,57.9,428,65,29.9,44.3,579
1036,27.8,57.7,426,64,29.9,44.1,556
1037,27.8,57.3,419,67,29.9,43.9,567
1038,27.8,56.7,428,74,29.9,43.6,797
1039,27.8,56.4,437,75,29.9,43.6,501
1040,27.8,56.2,440,73,29.9,43.6,798
1041,27.8,56.1,433,66,29.9,43.6,799
1042,27.8,56.1,437,69,29.9,43.5,800
1043,27.8,56.1,435,70,29.9,43.7,457
1044,27.8,56.1,435,69,30.0,43.8,801
1045,27.8,56.6,443,68,30.0,43.8,411
1046,27.8,56.6,439,66,30.0,43.9,418
1047,27.8,56.7,433,64,30.0,43.9,422
1048,27.8,57.0,419,56,30.0,43.7,802
1049,27.8,56.7,413,58,30.0,43.5,803
1050,27.8,56.1,414,61,30.0,43.5,804
1051,27.8,56.1,414,55,29.9,43.5,805
1052,27.8,55.9,412,55,30.0,43.9,806
1053,27.8,56.8,418,57,30.0,43.9,807
1054,27.8,57.2,413,55,30.0,43.4,392
1055,27.8,56.0,415,60,30.0,43.2,808
1056,27.8,55.5,425,60,30.0,43.2,809
1057,27.8,55.5,421,57,30.0,43.1,810
1058,27.9,55.5,416,56,30.0,43.0,475
1059,27.9,55.2,412,56,30.0,43.0,811
1060,27.9,54.9,407,57,30.0,43.2,812
1061,27.9,55.4,405,50,30.0,43.4,813
1062,27.9,55.7,402,50,30.0,43.3,441
1063,27.9,55.7,407,50,30.0,43.2,814
1064,27.9,55.4,400,44,30.0,43.0,815
1065,27.9,54.5,400,54,30.0,43.5,816
1066,27.9,55.2,400,45,30.0,43.9,817
1067,27.9,56.2,400,42,30.0,44.2,818
1068,27.9,56.5,400,44,30.0,44.5,819
1069,27.9,56.9,400,42,30.0,45.0,443
1070,27.9,58.2,400,42,30.0,45.0,820
1071,27.9,57.9,400,46,30.0,45.0,821
1072,27.9,58.0,400,40,30.0,45.1,365
1073,27.9,58.1,400,47,30.0,45.1,822
1074,27.9,58.1,407,47,30.0,45.1,472
1075,27.9,57.9,406,50,30.0,45.2,823
1076,27.9,58.1,404,48,30.0,45.5,824
1077,27.9,58.6,402,52,30.0,45.6,824
1078,27.9,58.8,400,47,30.0,45.6,480
1079,27.9,58.6,400,57,30.0,45.6,474
1080,27.9,58.7,406,53,30.0,45.9,474
1081,27.9,59.4,409,58,30.0,46.0,824
1082,27.9,59.5,419,66,30.0,45.8,825
1083,27.9,59.4,423,62,30.0,45.7,473
1084,27.9,59.0,434,72,30.0,45.6,826
1085,27.9,58.5,443,72,30.0,45.9,827
1086,27.9,59.0,447,70,30.0,46.1,828
1087,27.9,59.5,441,67,30.0,46.4,829
1088,27.9,59.9,439,65,30.0,46.7,830
1089,27.9,60.5,433,60,29.9,47.0,831
1090,27.9,61.0,427,54,29.9,47.0,384
1091,27.9,61.1,428,56,30.0,47.0,364
1092,27.9,61.2,423,52,29.9,47.0,832
1093,27.8,61.1,428,59,29.9,46.8,474
1094,27.8,60.9,432,56,29.9,46.8,477
1095,27.8,60.9,431,54,30.0,47.0,833
1096,27.8,61.4,425,51,29.9,46.9,834
1097,27.8,61.4,410,46,29.9,46.6,835
1098,27.8,60.5,422,56,29.9,46.7,836
1099,27.8,60.7,424,52,29.9,46.7,837
1100,27.8,61.1,419,53,29.9,46.5,838
1101,27.8,60.7,428,56,29.9,46.5,466
1102,27.8,60.7,416,50,29.9,46.3,839
1103,27.8,60.4,412,54,29.9,46.1,840
1104,27.8,59.9,413,55,29.9,46.0,841
1105,27.8,60.0,416,56,29.9,45.9,842
1106,27.8,59.7,424,60,29.9,45.8,843
1107,27.8,59.4,413,55,29.9,45.8,802
1108,27.8,59.7,412,54,29.9,45.7,844
1109,27.8,59.4,422,59,29.9,45.6,845
1110,27.8,59.1,424,58,29.9,45.6,846
1111,27.8,59.5,418,54,29.9,45.7,416
1112,27.8,59.8,403,49,29.9,45.2,847
1113,27.8,58.6,412,59,29.9,44.9,848
1114,27.8,58.4,413,61,29.9,44.8,849
1115,27.8,58.1,407,61,29.9,44.7,850
1116,27.8,58.4,404,61,29.9,44.4,462
1117,27.8,57.4,400,66,29.9,44.1,851
1118,27.8,57.1,403,68,29.9,44.0,852
1119,27.8,57.1,400,64,29.9,43.7,853
1120,27.8,56.3,400,73,29.9,43.4,854
1121,27.8,55.9,405,76,29.9,43.3,855
1122,27.8,55.4,407,83,29.9,43.6,856
1123,27.8,55.7,411,80,29.9,43.8,857
1124,27.8,56.5,407,74,29.9,43.9,858
1125,27.8,56.6,408,80,29.9,43.8,859
1126,27.8,56.4,410,82,29.9,43.5,860
1127,27.8,55.9,416,93,29.9,43.5,861
1128,27.8,55.6,420,92,29.9,43.7,853
1129,27.8,55.5,435,94,29.9,44.1,862
1130,27.8,56.2,443,96,29.9,44.6,852
1131,27.8,56.9,445,90,29.9,45.2,863
1132,27.8,58.0,439,81,29.9,45.5,864
1133,27.8,58.8,439,85,29.9,45.5,864
1134,27.8,58.6,447,86,29.9,45.7,865
1135,27.8,59.3,445,83,29.9,45.7,866
1136,27.8,59.4,445,81,29.9,45.5,867
1137,27.8,58.8,444,91,29.9,45.5,800
1138,27.8,58.8,450,91,29.9,45.6,867
1139,27.8,58.6,456,87,29.9,46.2,868
1140,27.8,59.5,451,82,29.9,46.5,869
1141,27.8,60.5,450,74,29.9,46.7,866
1142,27.8,60.9,443,76,29.9,46.8,870
1143,27.8,61.2,447,72,29.9,46.7,871
1144,27.7,61.1,438,72,29.9,46.5,872
1145,27.7,60.7,441,76,29.9,46.4,873
1146,27.7,60.8,439,79,29.9,46.2,874
1147,27.7,60.1,448,80,29.9,46.0,875
1148,27.7,59.9,436,75,29.9,46.1,876
1149,27.7,60.5,431,77,29.9,45.7,877
1150,27.7,59.6,433,77,29.9,45.5,878
1151,27.7,59.3,435,83,29.9,45.3,879
1152,27.7,59.4,425,81,29.9,44.6,878
1153,27.7,57.9,436,85,29.9,44.5,460
1154,27.7,57.7,438,86,29.9,44.5,858
1155,27.7,57.9,433,85,29.9,44.2,880
1156,27.7,57.1,447,88,29.9,44.3,881
1157,27.7,57.2,450,84,29.9,44.5,882
1158,27.7,57.7,446,84,29.9,44.5,863
1159,27.7,58.0,436,80,29.9,44.2,883
1160,27.7,57.4,440,79,29.9,44.1,884
1161,27.7,57.1,431,80,29.9,44.0,885
1162,27.7,57.1,424,75,29.9,43.7,886
1163,27.7,56.5,427,83,29.9,43.4,434
1164,27.7,55.9,421,79,29.9,43.2,413
1165,27.7,55.5,424,82,29.9,43.1,428
1166,27.7,55.3,426,81,29.9,43.2,887
1167,27.7,55.2,428,83,29.9,43.6,888
1168,27.7,56.1,423,76,29.9,43.8,843
1169,27.7,56.3,420,77,29.9,43.9,889
1170,27.8,56.3,424,73,29.9,44.1,890
1171,27.8,56.5,420,73,29.9,44.4,891
1172,27.8,57.3,405,67,29.9,44.6,892
1173,27.7,57.5,406,70,29.9,44.7,893
1174,27.8,58.0,407,71,29.9,44.5,893
1175,27.7,57.2,424,77,29.9,44.6,894
1176,27.7,57.6,420,77,29.9,44.8,895
1177,27.7,57.7,403,71,29.9,45.0,896
1178,27.7,57.9,402,75,29.9,45.1,897
1179,27.7,58.6,400,68,29.9,45.2,898
1180,27.7,58.4,406,76,29.9,45.1,899
1181,27.7,58.4,410,77,29.9,45.3,900
1182,27.7,58.9,400,69,29.8,45.3,901
1183,27.7,58.9,400,73,29.8,45.2,902
1184,27.7,58.8,400,76,29.8,44.9,549
1185,27.7,58.5,400,79,29.8,44.5,782
1186,27.7,57.7,400,83,29.8,44.4,903
1187,27.7,57.3,400,85,29.8,44.7,563
1188,27.7,57.9,400,82,29.8,44.8,567
1189,27.7,58.3,400,85,29.9,44.6,573
1190,27.7,57.9,404,88,29.8,44.4,904
1191,27.7,57.6,400,87,29.9,44.1,905
1192,27.7,56.8,400,93,29.8,44.0,906
1193,27.7,56.4,400,93,29.8,44.2,907
1194,27.7,57.0,401,96,29.8,44.4,908
1195,27.7,57.5,404,94,29.8,44.4,908
1196,27.7,57.3,403,98,29.8,44.5,909
1197,27.7,58.1,412,95,29.9,44.4,910
1198,27.7,57.7,400,95,29.9,44.2,543
1199,27.7,57.1,408,101,29.8,44.1,911
1200,27.7,57.1,416,100,29.9,44.1,912
1201,27.7,57.0,401,101,29.9,44.1,706
1202,27.7,56.8,419,108,29.8,44.0,910
1203,27.7,57.0,416,102,29.9,44.1,750
1204,27.7,56.8,419,106,29.8,44.3,909
1205,27.7,57.1,425,104,29.8,44.4,913
1206,27.7,57.4,421,99,29.9,44.5,750
1207,27.7,57.8,425,100,29.8,44.6,914
1208,27.7,58.0,421,93,29.9,44.6,543
1209,27.7,58.1,418,93,29.9,44.6,533
1210,27.7,58.5,406,92,29.9,44.3,915
1211,27.7,57.7,400,90,29.9,43.9,916
1212,27.7,56.7,400,99,29.9,43.9,704
1213,27.7,57.1,400,96,29.9,44.0,776
1214,27.7,56.9,404,102,29.9,43.9,917
1215,27.7,57.1,404,104,29.9,43.7,593
1216,27.7,56.6,411,106,29.9,43.7,715
1217,27.7,56.6,410,108,29.9,43.7,918
1218,27.7,56.6,412,104,29.9,43.6,759
1219,27.7,56.6,414,108,29.9,43.7,535
1220,27.7,56.6,416,107,29.9,43.6,541
1221,27.7,56.7,412,106,29.9,43.6,919
1222,27.7,56.7,412,102,29.9,43.6,705
1223,27.7,56.5,413,104,30.0,43.4,915
1224,27.7,56.4,408,97,29.9,43.3,759
1225,27.8,56.3,404,100,30.0,43.2,918
1226,27.8,56.2,400,97,30.0,43.0,920
1227,27.8,56.1,400,96,30.0,42.5,917
1228,27.8,55.0,400,102,30.0,42.1,776
1229,27.8,54.4,400,101,30.0,41.9,758
1230,27.8,54.0,400,101,30.0,41.9,539
1231,27.8,54.0,400,106,30.0,42.0,921
1232,27.8,54.3,400,100,30.0,42.0,756
1233,27.8,53.9,400,110,30.0,42.0,922
1234,27.8,54.1,400,105,30.0,42.1,922
1235,27.8,54.2,400,103,30.1,42.0,911
1236,27.9,54.0,400,105,30.1,41.9,923
1237,27.9,53.9,400,104,30.0,42.1,751
1238,27.9,53.7,400,110,30.1,42.2,707
1239,27.9,54.1,400,101,30.0,42.5,924
1240,27.9,54.7,400,105,30.1,42.4,527
1241,27.9,54.2,400,111,30.1,42.6,925
1242,27.9,54.8,400,103,30.1,42.6,926
1243,27.9,54.4,400,111,30.1,42.5,927
1244,27.9,54.4,400,114,30.1,42.6,928
1245,27.9,54.4,400,114,30.1,42.8,523
1246,28.0,54.6,400,116,30.1,43.2,929
1247,28.0,55.0,400,116,30.1,43.3,791
1248,28.0,55.4,400,116,30.1,43.6,495
1249,28.0,55.7,400,115,30.1,43.9,930
1250,28.0,56.0,400,122,30.1,44.1,931
1251,28.0,56.3,400,120,30.1,44.4,932
1252,28.0,56.7,401,114,30.1,44.8,933
1253,28.0,57.4,405,116,30.1,45.2,459
1254,28.0,58.1,419,119,30.1,45.5,934
1255,28.0,58.5,422,115,30.1,45.9,935
1256,28.0,59.2,428,114,30.1,46.3,936
1257,28.0,60.1,429,111,30.1,46.6,433
1258,28.0,60.7,419,106,30.1,46.7,937
1259,28.0,61.0,410,107,30.1,46.4,938
1260,28.0,60.3,430,117,30.1,46.3,847
1261,28.0,60.1,440,116,30.1,46.4,414
1262,28.0,60.3,440,117,30.1,46.4,428
1263,27.9,60.4,435,109,30.1,46.4,939
1264,28.0,60.4,429,109,30.1,46.4,940
1265,27.9,60.2,419,112,30.1,46.5,941
1266,28.0,60.4,417,106,30.1,46.4,893
1267,28.0,60.6,425,110,30.1,46.4,803
1268,28.0,60.2,437,113,30.1,46.5,942
1269,27.9,60.4,428,109,30.1,46.6,943
1270,28.0,60.7,432,107,30.1,46.7,465
1271,28.0,61.0,419,101,30.1,46.8,807
1272,28.0,61.1,434,102,30.1,46.8,840
1273,28.0,61.4,417,96,30.1,46.6,944
1274,28.0,61.3,409,96,30.1,46.2,945
1275,28.0,60.8,405,97,30.1,45.7,946
1276,28.0,59.6,402,102,30.1,45.5,465
1277,28.0,59.0,401,103,30.1,45.2,465
1278,28.0,58.6,403,103,30.1,45.3,947
1279,28.0,59.1,401,101,30.2,45.1,948
1280,28.0,58.7,400,104,30.2,45.0,949
1281,28.0,58.6,400,103,30.1,44.5,397
1282,28.0,57.3,400,112,30.2,44.5,838
1283,28.0,57.3,400,110,30.2,44.6,950
1284,28.0,57.8,412,109,30.2,44.7,951
1285,28.0,57.5,400,106,30.2,44.9,484
1286,28.0,58.4,400,105,30.2,44.9,476
1287,28.0,58.3,400,101,30.2,44.8,473
1288,28.0,57.9,400,108,30.2,44.8,828
1289,28.0,57.8,400,105,30.2,44.9,831
1290,28.0,58.3,400,99,30.2,45.0,952
1291,28.0,58.2,400,104,30.2,45.0,953
1292,28.0,58.3,400,100,30.2,44.9,954
1293,28.1,58.2,400,94,30.2,44.9,955
1294,28.1,58.1,400,101,30.2,44.8,440
1295,28.1,58.0,400,98,30.3,44.8,956
1296,28.1,58.0,400,95,30.2,44.6,957
1297,28.1,57.7,400,95,30.3,44.6,958
1298,28.1,57.5,400,95,30.3,44.6,959
1299,28.1,57.5,400,96,30.3,44.6,819
1300,28.1,57.4,400,99,30.3,44.6,960
1301,28.1,57.4,400,100,30.3,44.5,961
1302,28.1,57.1,400,102,30.3,44.6,962
1303,28.1,57.4,400,103,30.3,44.8,342
1304,28.1,57.6,400,101,30.3,44.9,341
1305,28.1,57.7,400,108,30.3,45.2,963
1306,28.2,58.0,400,105,30.3,45.5,964
1307,28.2,58.5,400,105,30.3,45.6,964
1308,28.2,58.7,400,109,30.3,45.7,965
1309,28.2,58.8,400,106,30.3,45.9,966
1310,28.2,59.0,400,114,30.3,46.2,967
1311,28.2,59.3,400,111,30.3,46.5,968
1312,28.2,59.9,400,107,30.3,46.7,969
1313,28.2,60.3,400,108,30.3,46.9,970
1314,28.2,60.8,400,105,30.3,47.2,971
1315,28.2,61.3,400,111,30.3,47.3,972
1316,28.2,61.2,400,110,30.3,47.2,973
1317,28.2,61.1,404,111,30.3,47.3,974
1318,28.2,61.3,404,113,30.3,47.5,975
1319,28.2,61.7,405,110,30.4,47.5,976
1320,28.2,61.5,400,112,30.3,47.9,977
1321,28.2,61.9,413,113,30.3,48.3,978
1322,28.2,62.9,411,110,30.3,48.6,977
1323,28.2,64.1,400,105,30.3,48.4,979
1324,28.2,63.3,413,111,30.3,48.4,980
1325,28.2,63.4,408,107,30.3,48.3,981
1326,28.2,63.1,406,110,30.3,48.2,977
1327,28.2,63.2,403,107,30.4,48.2,969
1328,28.2,63.3,400,109,30.3,47.9,973
1329,28.2,62.7,400,109,30.3,47.7,974
1330,28.2,62.0,411,115,30.4,47.7,981
1331,28.2,62.1,407,115,30.3,47.9,982
1332,28.2,62.2,410,112,30.3,48.3,983
1333,28.2,63.5,400,102,30.4,48.3,956
1334,28.2,63.7,400,106,30.3,48.2,437
1335,28.2,63.5,400,110,30.4,47.7,984
1336,28.2,62.8,400,114,30.4,47.3,480
1337,28.2,61.8,400,121,30.4,47.0,985
1338,28.2,61.5,400,126,30.4,46.7,486
1339,28.2,60.7,403,125,30.4,46.6,986
1340,28.2,60.8,402,131,30.4,46.5,987
1341,28.2,60.3,401,129,30.4,46.3,455
1342,28.2,59.5,413,138,30.4,46.5,988
1343,28.2,60.3,411,133,30.4,46.8,388
1344,28.2,60.7,413,134,30.4,47.0,989
1345,28.2,61.3,412,134,30.4,46.9,990
1346,28.2,61.3,408,133,30.4,46.8,810
1347,28.2,61.0,406,132,30.4,46.7,386
1348,28.2,60.8,404,129,30.4,46.6,991
1349,28.3,60.8,407,134,30.4,46.4,992
1350,28.3,60.4,400,133,30.5,45.9,993
1351,28.3,59.1,414,144,30.5,45.7,994
1352,28.3,58.8,419,148,30.5,45.8,471
1353,28.3,59.1,418,142,30.4,46.1,995
1354,28.3,59.3,411,135,30.5,46.2,996
1355,28.3,59.5,411,131,30.5,46.3,355
1356,28.3,59.8,400,133,30.5,46.2,997
1357,28.4,59.4,400,136,30.4,46.2,998
1358,28.4,59.1,408,138,30.5,46.4,999
1359,28.4,59.4,406,137,30.5,46.7,1000
1360,28.4,59.9,404,137,30.5,46.8,346
1361,28.4,59.9,403,140,30.5,47.2,446
1362,28.4,60.5,412,135,30.5,47.5,451
1363,28.4,61.0,413,128,30.5,47.9,344
1364,28.4,61.6,400,130,30.5,48.1,1001
1365,28.4,62.0,402,136,30.5,48.3,1002
1366,28.4,62.2,412,135,30.5,48.4,1003
1367,28.4,62.4,423,141,30.5,48.4,1004
1368,28.4,62.5,423,142,30.5,48.8,447
1369,28.4,62.9,431,147,30.5,49.0,962
1370,28.4,63.1,448,145,30.5,49.3,1002
1371,28.4,63.7,441,145,30.5,49.6,1005
1372,28.4,64.2,437,149,30.5,49.9,818
1373,28.4,64.6,443,153,30.5,50.0,1006
1374,28.4,64.8,449,159,30.5,50.3,346
1375,28.4,65.1,472,154,30.5,50.4,345
1376,28.4,65.3,478,157,30.5,50.7,1007
1377,28.4,66.1,460,151,30.5,50.8,345
1378,28.4,66.1,473,156,30.5,50.8,1008
1379,28.4,66.2,482,156,30.5,50.9,1009
1380,28.4,66.3,478,150,30.5,51.2,1010
1381,28.4,66.7,476,148,30.5,51.3,1004
1382,28.4,67.0,466,147,30.5,51.3,1009
1383,28.4,66.8,472,145,30.5,51.5,1011
1384,28.4,67.3,467,141,30.4,51.7,1011
1385,28.4,67.8,456,137,30.4,51.8,373
1386,28.4,68.1,457,139,30.4,51.7,1012
1387,28.4,67.9,455,138,30.4,51.4,1013
1388,28.4,67.2,472,142,30.4,51.6,1004
1389,28.3,67.6,472,141,30.4,51.6,1014
1390,28.3,67.6,477,144,30.4,51.7,375
1391,28.3,67.9,479,142,30.4,51.7,1015
1392,28.3,68.0,471,136,30.4,51.7,1016
1393,28.3,67.9,468,135,30.4,51.6,377
1394,28.3,67.7,463,138,30.4,51.5,1017
1395,28.3,67.8,459,137,30.4,51.4,1015
1396,28.3,67.5,462,132,30.4,51.4,1018
1397,28.3,67.6,465,129,30.4,51.5,1018
1398,28.3,67.8,450,129,30.4,51.4,1018
1399,28.3,67.8,435,123,30.4,51.2,1019
1400,28.3,67.4,445,132,30.4,51.1,342
1401,28.3,67.3,438,128,30.4,50.9,1018
1402,28.3,67.1,441,127,30.4,50.7,375
1403,28.3,66.9,454,134,30.4,50.5,1020
1404,28.3,66.6,456,127,30.4,50.4,376
1405,28.2,66.4,441,128,30.4,50.2,963
1406,28.3,66.1,440,130,30.4,50.0,1021
1407,28.2,65.8,442,128,30.4,49.8,377
1408,28.3,65.4,444,128,30.4,49.6,1022
1409,28.2,65.2,445,121,30.4,49.4,379
1410,28.2,64.6,416,114,30.4,49.2,448
1411,28.2,64.2,409,118,30.4,49.1,1023
1412,28.3,64.3,415,122,30.4,49.0,450
1413,28.2,64.1,417,118,30.4,48.9,1011
1414,28.2,63.7,421,122,30.4,48.9,374
1415,28.2,63.6,422,123,30.4,49.0,449
1416,28.2,63.9,415,122,30.4,49.1,343
1417,28.2,63.9,422,119,30.4,49.2,962
1418,28.2,64.3,418,119,30.4,49.3,447
1419,28.2,64.5,415,118,30.4,49.3,1024
1420,28.2,64.6,410,114,30.4,49.1,345
1421,28.2,64.3,412,118,30.4,49.0,817
1422,28.2,64.1,400,117,30.4,49.0,1025
1423,28.2,64.0,400,122,30.4,49.0,959
1424,28.2,64.0,400,126,30.3,48.9,371
1425,28.2,63.7,400,131,30.4,48.8,441
1426,28.2,63.6,420,133,30.3,49.0,383
1427,28.2,63.7,424,136,30.4,49.1,370
1428,28.2,64.1,421,134,30.4,49.3,439
1429,28.2,64.4,426,137,30.3,49.5,1026
1430,28.2,64.8,428,137,30.4,49.7,1027
1431,28.2,65.1,442,138,30.3,49.7,1028
1432,28.2,65.3,437,139,30.4,49.7,1029
1433,28.2,65.3,441,138,30.4,49.6,996
1434,28.2,65.2,442,135,30.4,49.5,811
1435,28.2,65.1,437,133,30.4,49.5,827
1436,28.2,65.3,422,128,30.4,49.3,826
1437,28.2,64.9,427,130,30.4,48.9,1030
1438,28.2,64.5,422,129,30.4,48.6,386
1439,28.2,63.9,414,134,30.4,48.1,1031
1440,28.2,63.0,409,134,30.4,47.8,1032
1441,28.2,62.2,418,135,30.4,47.9,950
1442,28.2,62.1,412,137,30.4,47.9,1033
1443,28.2,62.1,418,140,30.4,47.8,1034
1444,28.2,62.3,429,144,30.4,47.9,1034
1445,28.2,62.4,428,141,30.4,47.9,490
1446,28.2,62.4,426,141,30.4,47.9,1035
1447,28.2,62.1,426,141,30.4,47.9,1036
1448,28.2,62.5,420,136,30.4,47.8,490
1449,28.2,62.2,422,140,30.4,47.8,1034
1450,28.2,61.9,422,143,30.4,48.0,1037
1451,28.3,62.4,420,138,30.4,47.9,1037
1452,28.3,62.1,430,143,30.4,48.2,466
1453,28.3,62.5,430,138,30.4,48.3,1038
1454,28.3,62.9,422,133,30.4,48.5,1039
1455,28.3,63.1,414,134,30.4,48.4,1040
1456,28.3,63.5,415,131,30.4,48.5,1041
1457,28.3,63.3,418,136,30.4,48.2,1042
1458,28.3,62.9,410,136,30.4,48.0,1042
1459,28.3,62.5,413,142,30.4,47.6,1043
1460,28.3,62.0,415,144,30.4,47.4,840
1461,28.3,61.1,422,147,30.4,47.6,1044
1462,28.3,61.5,428,145,30.4,47.7,396
1463,28.3,61.7,429,149,30.4,47.8,397
1464,28.3,61.9,438,146,30.4,48.0,395
1465,28.3,62.2,431,146,30.4,47.9,395
1466,28.3,62.2,431,146,30.4,48.0,1039
1467,28.3,62.2,433,143,30.4,48.0,808
1468,28.3,62.0,427,143,30.4,48.0,1037
1469,28.3,62.1,422,143,30.4,48.2,1045
1470,28.3,62.3,424,141,30.4,48.3,390
1471,28.3,62.4,432,147,30.4,48.5,1046
1472,28.3,62.7,443,148,30.4,48.8,837
1473,28.3,63.0,445,146,30.4,48.9,1047
1474,28.3,63.4,446,146,30.4,49.3,468
1475,28.3,63.8,451,150,30.4,49.5,1048
1476,28.3,64.3,444,146,30.4,49.7,1049
1477,28.3,64.7,442,152,30.4,49.8,1050
1478,28.3,64.8,455,154,30.4,49.9,1051
1479,28.3,65.1,471,158,30.4,50.0,1050
1480,28.3,65.2,466,154,30.4,50.0,835
1481,28.3,65.2,463,154,30.4,50.1,1034
1482,28.3,65.3,464,157,30.4,50.2,1034
1483,28.3,65.5,470,156,30.4,50.3,1047
1484,28.3,65.5,476,165,30.4,50.4,1046
1485,28.3,65.8,480,165,30.4,50.7,1039
1486,28.3,66.3,480,164,30.4,50.8,1052
1487,28.3,66.5,478,166,30.4,50.9,390
1488,28.3,66.5,488,169,30.4,51.0,490
1489,28.3,66.9,493,169,30.4,51.2,1035
1490,28.3,67.2,494,162,30.4,51.3,1053
1491,28.2,67.5,498,167,30.4,51.3,1034
1492,28.3,67.4,496,166,30.4,51.2,1054
1493,28.2,67.4,500,166,30.3,51.1,1055
1494,28.2,67.3,498,164,30.3,51.0,1051
1495,28.2,67.2,490,161,30.3,51.0,986
1496,28.2,67.1,502,165,30.3,50.9,486
1497,28.2,67.1,493,162,30.3,50.8,991
1498,28.2,66.9,491,165,30.3,50.6,386
1499,28.2,66.7,499,166,30.3,50.6,436
1500,28.2,66.6,491,165,30.3,50.5,474
1501,28.2,66.4,492,162,30.3,50.4,825
1502,28.2,66.5,492,156,30.3,50.3,995
1503,28.2,66.5,483,154,30.4,50.2,1056
1504,28.2,66.4,477,153,30.3,50.1,995
1505,28.2,66.2,469,149,30.3,49.9,1057
1506,28.2,65.8,473,154,30.3,49.7,364
1507,28.2,65.6,482,162,30.3,49.6,364
1508,28.2,65.6,466,158,30.3,49.4,822
1509,28.2,65.0,477,161,30.3,49.2,995
1510,28.2,64.7,475,160,30.3,49.1,828
1511,28.2,64.6,476,157,30.3,48.9,1056
1512,28.2,64.3,478,159,30.3,48.8,984
1513,28.2,64.2,476,159,30.3,48.7,359
1514,28.2,64.1,473,157,30.4,48.6,359
1515,28.2,64.0,473,155,30.4,48.5,995
1516,28.2,63.9,467,149,30.4,48.4,364
1517,28.2,63.7,462,154,30.4,48.4,1058
1518,28.2,63.8,451,144,30.4,48.2,474
1519,28.2,63.6,443,142,30.4,48.0,476
1520,28.2,63.4,439,145,30.4,47.7,1059
1521,28.2,63.0,441,148,30.4,47.3,478
1522,28.2,62.2,446,149,30.4,46.8,826
1523,28.2,61.5,446,148,30.4,46.3,360
1524,28.2,60.8,436,145,30.4,45.7,1060
1525,28.2,59.5,440,157,30.4,45.3,1061
1526,28.2,58.8,444,160,30.4,45.0,1062
1527,28.2,58.1,441,156,30.4,45.0,1063
1528,28.3,57.8,429,152,30.4,45.1,369
1529,28.3,58.0,424,149,30.4,45.3,820
1530,28.3,58.5,421,152,30.4,45.5,1064
1531,28.3,58.6,424,151,30.5,45.5,1065
1532,28.3,58.5,430,154,30.4,45.6,1066
1533,28.3,58.6,432,158,30.5,45.8,1067
1534,28.3,58.8,441,157,30.5,46.2,443
1535,28.3,59.2,443,156,30.5,46.6,1068
1536,28.3,59.9,445,152,30.5,46.9,1069
1537,28.3,60.4,442,154,30.5,47.3,1067
1538,28.3,61.0,446,153,30.5,47.6,998
1539,28.3,61.6,445,151,30.5,47.8,813
1540,28.3,62.1,437,153,30.5,47.9,1070
1541,28.3,62.4,431,153,30.5,47.7,1071
1542,28.4,62.0,452,162,30.5,47.6,1072
1543,28.4,61.7,464,175,30.5,47.5,1073
1544,28.4,61.3,466,174,30.5,47.6,1028
1545,28.4,61.2,480,177,30.5,47.9,1072
1546,28.4,61.7,487,179,30.5,48.3,1074
1547,28.4,62.4,498,182,30.5,48.7,367
1548,28.4,63.1,498,179,30.5,49.0,1072
1549,28.4,63.8,490,182,30.5,49.3,437
1550,28.4,64.3,505,178,30.5,49.5,1075
1551,28.4,64.6,516,174,30.5,49.6,1076
1552,28.4,64.8,500,170,30.5,49.5,1077
1553,28.4,65.0,486,162,30.5,49.4,995
1554,28.4,64.8,487,167,30.5,49.1,1078
1555,28.4,64.3,476,164,30.5,48.9,1079
1556,28.4,63.8,479,169,30.5,48.8,482
1557,28.4,63.4,487,174,30.5,48.8,486
1558,28.4,63.1,489,180,30.5,48.8,387
1559,28.4,63.9,491,177,30.5,48.8,992
1560,28.4,63.0,508,183,30.5,49.0,470
1561,28.4,64.0,502,181,30.5,49.2,987
1562,28.4,64.5,507,183,30.5,48.9,986
1563,28.4,63.3,510,186,30.5,49.1,991
1564,28.4,63.7,515,188,30.5,49.2,1080
1565,28.4,63.9,523,188,30.5,49.7,1080
1566,28.4,65.0,516,185,30.5,49.6,1081
1567,28.4,64.6,517,187,30.5,49.6,1081
1568,28.4,64.7,515,186,30.5,49.5,1082
1569,28.4,64.6,516,189,30.5,49.4,990
1570,28.4,64.6,516,189,30.5,49.3,487
1571,28.4,64.2,527,195,30.5,49.2,478
1572,28.4,63.6,538,202,30.5,49.5,1058
1573,28.4,64.3,540,196,30.5,49.8,996
1574,28.4,65.2,527,193,30.5,50.0,1083
1575,28.4,65.2,535,196,30.5,49.9,1084
1576,28.4,65.4,541,198,30.5,50.0,1074
1577,28.4,65.4,559,200,30.4,50.0,954
1578,28.4,65.6,541,196,30.4,49.9,1026
1579,28.4,65.4,539,190,30.4,49.8,813
1580,28.4,65.4,535,188,30.4,49.5,997
1581,28.4,64.9,536,185,30.4,49.3,438
1582,28.4,64.4,519,181,30.5,49.3,997
1583,28.4,64.2,512,180,30.4,49.3,1085
1584,28.4,64.4,499,179,30.4,49.1,1070
1585,28.4,64.1,511,186,30.4,49.0,1071
1586,28.3,63.7,509,184,30.4,49.1,368
1587,28.4,63.6,516,185,30.5,49.3,437
1588,28.4,63.9,522,185,30.4,49.5,355
1589,28.4,64.4,521,183,30.4,49.7,356
1590,28.4,64.8,508,179,30.4,49.8,357
1591,28.4,65.0,509,178,30.4,49.9,1057
1592,28.3,65.1,502,178,30.4,49.9,1086
1593,28.4,65.4,509,186,30.4,49.9,1087
1594,28.3,65.2,526,190,30.4,50.0,1088
1595,28.3,65.3,525,191,30.4,50.0,483
1596,28.3,65.3,523,194,30.4,50.0,489
1597,28.3,65.3,536,202,30.4,50.0,987
1598,28.3,65.4,541,206,30.4,50.2,1080
1599,28.3,65.5,566,214,30.4,50.3,1089
1600,28.3,65.7,575,212,30.4,50.4,810
1601,28.3,66.1,574,214,30.4,50.6,385
1602,28.3,66.5,584,211,30.4,50.7,1090
1603,28.3,66.6,582,209,30.4,50.7,994
1604,28.3,66.9,574,208,30.4,50.7,478
1605,28.3,66.8,572,207,30.4,50.7,824
1606,28.3,66.7,579,205,30.4,50.6,471
1607,28.3,66.7,573,202,30.4,50.6,475
1608,28.3,66.8,564,207,30.4,50.5,478
1609,28.3,66.5,565,201,30.4,50.4,1088
1610,28.2,66.4,560,196,30.4,50.3,486
1611,28.2,66.3,561,201,30.4,50.2,388
1612,28.2,66.3,556,204,30.4,50.0,1091
1613,28.2,66.1,559,202,30.4,49.8,835
1614,28.2,65.7,563,205,30.4,49.7,389
1615,28.2,65.5,561,208,30.4,49.5,1048
1616,28.2,65.3,566,206,30.4,49.3,1051
1617,28.2,65.0,579,208,30.4,49.2,455
1618,28.2,64.9,564,203,30.4,49.1,834
1619,28.2,64.7,554,204,30.4,48.9,897
1620,28.2,64.6,559,205,30.4,48.7,834
1621,28.2,64.2,555,204,30.4,48.6,486
1622,28.2,64.0,564,210,30.4,48.5,810
1623,28.2,63.8,553,207,30.4,48.4,992
1624,28.2,63.6,561,210,30.4,48.2,833
1625,28.2,63.4,556,208,30.4,48.1,1079
1626,28.2,63.3,556,205,30.4,48.0,474
1627,28.2,63.2,551,208,30.4,47.8,476
1628,28.2,62.7,573,211,30.4,47.6,362
1629,28.2,62.5,564,208,30.5,47.5,832
1630,28.2,62.4,559,210,30.4,47.3,823
1631,28.2,62.1,562,209,30.4,47.1,823
1632,28.2,61.9,552,207,30.4,46.9,363
1633,28.3,61.6,540,203,30.5,46.5,1058
1634,28.3,61.0,542,206,30.4,46.2,359
1635,28.3,60.2,543,206,30.4,45.9,1056
1636,28.3,59.6,538,213,30.5,45.7,828
1637,28.3,59.4,549,207,30.5,45.7,359
1638,28.3,59.1,541,206,30.5,45.7,1092
1639,28.3,59.2,526,200,30.5,45.7,1093
1640,28.3,59.3,516,202,30.5,45.6,356
1641,28.3,59.0,515,200,30.5,45.6,1073
1642,28.4,58.9,519,202,30.5,45.5,1061
1643,28.3,58.9,518,201,30.5,45.7,1094
1644,28.4,58.8,517,203,30.5,45.8,1083
1645,28.4,58.8,527,205,30.5,46.0,812
1646,28.4,59.2,521,200,30.5,46.2,1095
1647,28.4,59.5,517,206,30.5,46.3,365
1648,28.4,59.7,521,209,30.5,46.3,1096
1649,28.4,59.5,549,217,30.5,46.4,1093
1650,28.4,59.5,560,221,30.5,46.7,366
1651,28.4,60.2,555,217,30.5,47.0,355
1652,28.4,60.4,569,220,30.5,47.2,437
1653,28.4,60.8,570,217,30.5,47.4,1097
1654,28.4,61.0,567,219,30.5,47.7,1070
1655,28.4,61.6,575,219,30.5,47.9,368
1656,28.4,62.2,574,219,30.5,48.0,1097
1657,28.4,62.1,578,216,30.5,48.2,1062
1658,28.4,62.4,580,216,30.5,48.3,1098
1659,28.4,62.7,566,211,30.5,48.4,1028
1660,28.4,62.9,572,221,30.5,48.2,1099
1661,28.4,62.5,576,220,30.5,48.4,1077
1662,28.4,62.5,588,220,30.5,48.7,822
1663,28.4,63.4,577,216,30.5,48.9,361
1664,28.4,63.7,569,216,30.5,48.9,826
1665,28.4,63.6,587,225,30.5,48.9,479
1666,28.4,63.6,591,220,30.5,49.0,994
1667,28.4,63.7,594,225,30.5,49.1,991
1668,28.4,63.7,592,224,30.5,49.2,1081
1669,28.4,64.4,583,218,30.5,49.0,1051
1670,28.4,63.9,590,229,30.5,48.9,990
1671,28.4,63.4,608,233,30.5,49.0,1031
1672,28.4,63.7,612,237,30.5,49.1,1081
1673,28.4,64.0,605,233,30.4,49.2,455
1674,28.4,63.9,617,238,30.4,49.3,1051
1675,28.4,64.2,620,232,30.5,49.5,1032
1676,28.4,64.7,599,231,30.5,49.4,1100
1677,28.4,64.4,625,242,30.4,49.3,1050
1678,28.4,64.3,637,238,30.4,49.5,951
1679,28.4,64.6,629,234,30.4,49.5,1081
1680,28.4,64.7,626,239,30.4,49.4,987
1681,28.4,64.6,627,238,30.4,49.3,387
1682,28.4,64.4,631,241,30.4,49.1,487
1683,28.3,64.0,645,243,30.4,49.1,1087
1684,28.3,63.9,648,235,30.4,49.1,1059
1685,28.3,64.1,641,236,30.4,49.1,478
1686,28.3,64.0,625,231,30.4,49.0,1088
1687,28.3,64.1,623,226,30.4,48.9,833
1688,28.3,63.8,631,227,30.4,48.7,484
1689,28.3,63.6,618,223,30.4,48.5,1079
1690,28.3,63.3,602,218,30.4,48.3,1087
1691,28.3,62.7,607,217,30.3,48.1,824
1692,28.3,62.2,608,211,30.4,48.2,362
1693,28.3,62.4,579,208,30.3,48.3,827
1694,28.3,62.5,594,211,30.3,48.4,472
1695,28.3,62.6,591,207,30.4,48.5,472
1696,28.3,62.8,594,209,30.4,48.5,361
1697,28.3,62.7,584,205,30.3,48.8,827
1698,28.3,63.2,587,205,30.3,49.0,1086
1699,28.3,63.5,577,203,30.3,49.0,825
1700,28.3,63.7,588,209,30.3,49.1,473
1701,28.3,63.7,605,210,30.3,49.2,825
1702,28.3,63.7,598,212,30.3,49.4,473
1703,28.3,64.0,597,211,30.3,49.5,363
1704,28.3,64.2,597,207,30.3,49.6,825
1705,28.3,64.3,598,211,30.3,49.7,832
1706,28.3,64.6,601,214,30.3,50.0,1057
1707,28.2,64.9,605,206,30.2,50.3,984
1708,28.2,65.3,609,211,30.2,50.5,1101
1709,28.2,65.8,599,211,30.2,50.7,1092
1710,28.2,66.2,605,211,30.2,50.8,1077
1711,28.2,66.3,612,210,30.2,50.8,984
1712,28.2,66.5,608,208,30.2,50.9,472
1713,28.2,66.7,606,206,30.2,51.0,1079
1714,28.2,66.9,588,199,30.2,51.0,470
1715,28.2,66.9,584,199,30.2,51.0,897
1716,28.2,66.9,584,197,30.2,50.9,1055
1717,28.2,66.8,585,198,30.2,50.9,389
1718,28.1,66.7,574,195,30.2,50.8,1102
1719,28.1,66.6,575,197,30.2,50.8,1103
1720,28.1,66.7,573,196,30.1,50.8,1104
1721,28.1,66.8,567,192,30.1,50.7,1042
1722,28.1,66.9,550,194,30.1,50.5,1105
1723,28.1,66.3,564,195,30.1,50.3,1106
1724,28.1,65.9,577,199,30.1,50.3,1107
1725,28.1,65.9,567,199,30.1,50.1,1108
1726,28.1,65.7,568,197,30.1,50.1,464
1727,28.1,65.9,560,199,30.1,49.9,464
1728,28.1,65.4,575,203,30.1,49.7,1109
1729,28.1,65.2,574,205,30.1,49.5,1110
1730,28.0,64.9,571,209,30.1,49.4,1111
1731,28.0,64.7,587,210,30.1,49.2,1112
1732,28.0,64.6,581,213,30.0,49.0,890
1733,28.0,64.1,583,215,30.1,48.8,1113
1734,28.0,63.6,591,210,30.0,48.6,1114
1735,28.0,63.3,590,220,30.0,48.5,948
1736,28.0,63.0,596,215,30.1,48.4,1115
1737,28.0,62.9,589,213,30.0,48.4,838
1738,28.0,62.8,582,210,30.0,48.3,490
1739,28.0,62.7,574,207,30.0,48.3,1116
1740,28.0,62.6,577,208,30.0,48.3,1047
1741,28.0,62.6,569,203,30.0,48.5,837
1742,28.0,62.7,553,196,30.0,48.7,468
1743,28.0,63.5,563,195,30.0,48.8,1053
1744,28.0,63.8,531,193,30.0,48.5,1045
1745,28.0,63.2,536,193,29.9,48.3,397
1746,28.0,62.6,546,204,29.9,48.2,1039
1747,28.0,62.6,564,208,29.9,48.2,466
1748,27.9,62.4,565,217,29.9,48.2,1044
1749,27.9,62.4,577,212,29.9,48.2,839
1750,27.9,62.3,570,207,29.9,48.4,1052
1751,27.9,62.4,580,215,29.9,48.5,949
1752,27.9,62.9,586,214,29.9,48.8,946
1753,27.9,63.3,574,212,29.9,49.0,1113
1754,27.9,63.8,575,216,29.9,49.0,1117
1755,27.9,63.8,592,217,29.9,49.1,1117
1756,27.9,64.0,597,225,29.9,49.1,1117
1757,27.9,64.1,605,221,29.8,49.1,399
1758,27.8,64.1,597,219,29.8,49.2,1118
1759,27.8,64.3,596,219,29.8,49.1,804
1760,27.8,64.2,600,220,29.8,49.1,464
1761,27.8,64.1,601,220,29.8,49.2,1119
1762,27.8,64.3,592,218,29.8,49.2,1120
1763,27.8,64.3,603,220,29.8,49.2,492
1764,27.8,64.5,602,214,29.8,49.2,422
1765,27.8,64.4,594,217,29.8,49.0,463
1766,27.7,64.2,604,219,29.8,48.9,414
1767,27.7,64.2,595,217,29.8,48.8,419
1768,27.7,64.0,598,221,29.7,48.6,1121
1769,27.7,63.6,607,222,29.7,48.4,409
1770,27.7,63.4,605,221,29.7,48.4,1122
1771,27.7,63.4,599,218,29.7,48.5,1123
1772,27.7,63.5,587,216,29.7,48.4,801
1773,27.7,63.5,588,220,29.7,48.3,1124
1774,27.7,63.5,579,211,29.7,48.2,1125
1775,27.7,63.3,573,213,29.7,47.9,1125
1776,27.7,63.0,574,215,29.7,47.7,850
1777,27.7,62.6,581,216,29.7,47.5,1126
1778,27.6,62.3,585,219,29.7,47.4,1126
1779,27.6,62.1,582,217,29.7,47.2,1125
1780,27.6,61.9,581,219,29.7,46.9,936
1781,27.6,61.3,585,221,29.7,46.8,886
1782,27.6,61.2,583,220,29.7,46.6,1127
1783,27.6,61.0,573,220,29.7,46.5,1128
1784,27.6,60.8,589,221,29.7,46.3,431
1785,27.6,60.5,584,222,29.7,46.1,411
1786,27.6,60.2,583,220,29.6,45.9,411
1787,27.6,59.8,580,222,29.6,45.6,415
1788,27.6,59.5,572,217,29.6,45.5,407
1789,27.6,59.2,566,219,29.6,45.1,1129
1790,27.6,58.7,569,221,29.6,44.8,1130
1791,27.6,58.2,554,215,29.6,44.4,1130
1792,27.6,57.5,538,218,29.6,44.1,423
1793,27.6,56.9,544,220,29.6,44.0,1109
1794,27.6,56.8,549,218,29.6,44.1,843
1795,27.6,56.9,547,217,29.6,44.2,1131
1796,27.6,57.2,540,215,29.6,44.1,1132
1797,27.6,57.0,538,218,29.6,44.0,839
1798,27.6,56.8,538,219,29.6,44.0,1133
1799,27.6,56.8,546,219,29.6,43.9,1047
1800,27.6,56.4,548,226,29.6,44.1,897
1801,27.5,56.5,560,227,29.6,44.4,470
1802,27.5,57.0,558,222,29.6,44.8,992
1803,27.5,57.7,556,221,29.5,45.2,436
1804,27.5,58.4,555,214,29.5,45.5,985
1805,27.5,58.9,561,214,29.6,45.6,994
1806,27.5,59.2,556,223,29.6,45.6,487
1807,27.5,59.2,564,209,29.5,45.7,833
1808,27.5,59.3,556,213,29.5,45.8,385
1809,27.5,59.7,547,208,29.5,45.8,1088
1810,27.5,59.6,548,211,29.5,45.7,833
1811,27.4,59.5,555,213,29.5,45.8,436
1812,27.4,59.8,546,210,29.5,45.7,489
1813,27.4,59.8,542,208,29.5,45.5,1047
1814,27.4,59.2,553,212,29.5,45.3,1133
1815,27.4,59.5,534,206,29.5,45.2,947
1816,27.4,59.1,538,210,29.5,45.0,1108
1817,27.4,59.0,534,210,29.5,44.7,939
1818,27.4,58.5,536,212,29.5,44.4,430
1819,27.4,58.3,528,216,29.5,43.9,412
1820,27.4,57.0,552,223,29.5,43.9,434
1821,27.4,57.3,546,214,29.5,43.8,886
1822,27.4,57.3,530,213,29.5,43.4,1125
1823,27.4,56.9,526,218,29.5,43.3,432
1824,27.4,56.5,527,219,29.5,42.9,1134
1825,27.4,56.2,536,223,29.5,42.4,1135
1826,27.4,54.7,552,229,29.5,42.2,935
1827,27.4,54.9,542,229,29.5,42.2,1136
1828,27.4,55.0,541,222,29.5,41.9,1137
1829,27.4,54.4,536,230,29.5,41.6,850
1830,27.4,54.1,533,226,29.5,41.5,1138
1831,27.4,53.6,537,229,29.5,41.4,936
1832,27.4,53.3,542,233,29.5,41.8,1139
1833,27.4,53.9,543,230,29.5,42.0,1140
1834,27.4,54.4,548,227,29.5,42.1,849
1835,27.4,55.1,543,228,29.5,41.9,849
1836,27.4,54.3,541,234,29.5,41.6,938
1837,27.4,53.7,547,230,29.5,41.8,1122
1838,27.4,54.5,535,223,29.5,41.7,1141
1839,27.4,54.1,544,226,29.5,41.5,1121
1840,27.4,54.0,532,224,29.5,41.3,1142
1841,27.4,53.5,526,225,29.5,41.1,1142
1842,27.5,53.9,520,223,29.6,40.7,418
1843,27.5,52.9,525,236,29.5,39.9,404
1844,27.5,51.4,531,238,29.5,39.6,1143
1845,27.5,50.8,545,242,29.6,39.8,1144
1846,27.5,50.8,543,236,29.6,39.9,893
1847,27.5,51.0,543,233,29.6,40.1,887
1848,27.5,51.1,545,236,29.6,40.5,400
1849,27.6,52.1,530,224,29.6,40.7,940
1850,27.6,52.3,519,219,29.6,40.8,422
1851,27.6,52.6,511,223,29.6,40.6,403
1852,27.6,52.0,515,229,29.6,40.3,427
1853,27.6,51.8,517,232,29.6,40.1,404
1854,27.6,51.4,528,238,29.6,39.9,401
1855,27.7,51.1,534,243,29.6,39.8,492
1856,27.7,50.5,545,249,29.6,40.0,941
1857,27.7,50.5,554,249,29.6,40.1,1110
1858,27.7,50.8,555,252,29.6,40.6,887
1859,27.7,51.5,559,247,29.6,41.1,803
1860,27.7,52.3,553,247,29.6,41.2,1145
1861,27.8,52.2,562,247,29.6,41.4,1109
1862,27.8,52.3,573,246,29.5,41.7,1146
1863,27.8,53.1,568,245,29.5,41.8,464
1864,27.7,53.4,568,248,29.5,41.9,890
1865,27.7,53.6,571,248,29.5,41.8,894
1866,27.7,53.4,572,254,29.5,41.6,894
1867,27.6,53.2,583,254,29.5,41.6,1108
1868,27.6,53.1,589,259,29.5,41.5,399
1869,27.6,53.2,590,254,29.4,41.5,1107
1870,27.6,53.4,573,253,29.5,41.4,435
1871,27.5,53.0,582,255,29.4,41.3,943
1872,27.5,52.8,584,259,29.4,41.4,1118
1873,27.5,53.3,582,250,29.4,41.4,843
1874,27.4,53.2,579,251,29.4,41.4,804
1875,27.4,53.3,578,252,29.4,41.4,1147
1876,27.4,53.6,568,247,29.4,41.3,943
1877,27.4,53.2,566,253,29.4,41.1,943
1878,27.4,52.8,579,256,29.4,41.1,1107
1879,27.4,52.7,584,261,29.4,41.2,804
1880,27.4,52.9,587,254,29.4,41.5,1108
1881,27.4,53.3,587,256,29.4,41.8,804
1882,27.4,53.7,581,248,29.4,42.2,1112
1883,27.4,54.8,573,243,29.4,42.0,424
1884,27.4,54.4,565,243,29.4,41.8,429
1885,27.4,54.0,565,241,29.4,41.7,430
1886,27.4,54.3,559,243,29.4,41.3,1121
1887,27.4,53.5,564,251,29.4,40.7,1148
1888,27.4,52.5,576,254,29.4,40.8,1148
1889,27.4,52.7,577,253,29.4,40.8,408
1890,27.4,52.9,569,251,29.4,40.4,413
1891,27.4,51.8,583,256,29.4,40.4,1149
1892,27.4,51.8,581,252,29.4,40.5,1150
1893,27.4,52.1,576,245,29.4,40.8,937
1894,27.5,52.6,572,240,29.4,40.8,936
1895,27.5,52.9,561,241,29.4,40.8,851
1896,27.5,52.8,541,235,29.4,40.4,865
1897,27.5,52.0,550,241,29.4,40.2,1151
1898,27.5,52.1,548,238,29.4,40.0,1152
1899,27.5,52.3,531,243,29.4,39.3,1153
1900,27.5,50.6,544,250,29.4,38.4,1154
1901,27.5,49.5,563,261,29.4,38.2,1155
1902,27.5,49.2,563,259,29.4,37.9,1156
1903,27.5,48.8,562,269,29.4,37.5,1157
1904,27.5,48.1,568,272,29.5,37.3,1158
1905,27.5,47.4,572,272,29.5,37.3,1159
1906,27.5,47.2,569,259,29.5,37.6,1160
1907,27.6,47.6,550,253,29.4,37.8,1160
1908,27.6,48.0,559,250,29.5,38.1,1161
1909,27.6,48.0,553,244,29.5,38.4,1162
1910,27.7,48.5,539,239,29.5,38.5,1163
1911,27.7,48.8,539,241,29.4,38.7,1164
1912,27.7,48.9,544,243,29.4,38.7,1165
1913,27.7,48.9,553,242,29.5,38.8,1166
1914,27.7,48.9,558,245,29.4,38.8,1167
1915,27.8,49.0,563,247,29.5,38.9,1168
1916,27.8,48.9,563,252,29.4,38.9,1169
1917,27.8,48.7,565,249,29.4,39.0,1170
1918,27.7,49.1,566,253,29.4,39.1,1171
1919,27.7,49.2,574,253,29.4,39.3,1170
1920,27.7,49.6,576,258,29.4,39.4,513
1921,27.7,49.8,580,255,29.3,39.7,586
1922,27.7,50.5,567,255,29.3,39.6,583
1923,27.7,50.1,582,263,29.3,39.2,1172
1924,27.6,49.4,588,269,29.3,39.1,1173
1925,27.6,49.3,589,282,29.3,39.0,1174
1926,27.6,49.3,593,279,29.2,39.1,516
1927,27.6,49.4,593,276,29.2,39.1,516
1928,27.6,49.4,594,278,29.2,39.1,518
1929,27.5,49.4,591,276,29.2,39.1,1175
1930,27.5,49.5,600,282,29.2,39.2,1175
1931,27.5,49.6,593,275,29.2,39.3,1176
1932,27.5,49.7,595,279,29.2,39.3,1177
1933,27.4,49.7,601,281,29.1,39.3,1178
1934,27.4,49.7,589,272,29.1,39.3,1178
1935,27.4,49.9,595,272,29.1,39.3,1179
1936,27.4,49.9,595,286,29.1,39.3,1180
1937,27.4,49.9,594,273,29.1,39.4,1157
1938,27.3,50.0,594,277,29.1,39.3,1181
1939,27.3,50.1,586,274,29.1,39.3,1182
1940,27.3,50.0,595,286,29.0,39.1,1183
1941,27.3,49.8,596,286,29.0,39.1,859
1942,27.2,49.8,596,284,29.0,39.1,1184
1943,27.2,49.9,597,289,29.0,39.1,1185
1944,27.2,49.8,593,282,29.0,39.0,1186
1945,27.1,49.8,597,293,29.0,39.2,1187
1946,27.1,49.9,588,279,29.0,39.3,1188
1947,27.1,50.4,590,276,28.9,39.5,855
1948,27.0,50.6,580,268,28.9,39.4,1189
1949,27.0,50.8,587,269,28.9,39.4,1190
1950,27.0,50.8,578,271,28.9,39.4,1191
1951,26.9,50.7,577,272,28.9,39.3,1192
1952,26.9,50.8,571,266,28.9,39.3,1193
1953,26.8,50.9,568,257,28.9,39.2,1192
1954,26.8,50.7,560,256,28.9,39.1,864
1955,26.8,50.8,556,257,28.9,38.9,867
1956,26.8,50.5,549,259,28.9,38.8,1194
1957,26.7,50.4,544,256,28.9,38.7,1195
1958,26.8,50.3,532,258,28.9,38.6,1196
1959,26.8,50.1,535,252,28.9,38.5,1197
1960,26.8,50.1,527,254,28.9,38.4,935
1961,26.8,49.9,523,249,28.9,38.2,1198
1962,26.8,49.6,516,249,28.9,38.1,433
1963,26.8,49.4,520,244,28.9,38.0,433
1964,26.8,49.2,494,243,28.9,37.8,1199
1965,26.8,49.0,478,234,28.9,37.6,1200
1966,26.8,48.7,459,234,28.9,37.5,434
1967,26.8,48.5,441,228,28.9,37.3,409
1968,26.8,48.2,432,227,28.9,37.1,1121
1969,26.8,47.8,431,230,28.9,36.9,430
1970,26.8,47.5,426,227,28.9,36.9,463
1971,26.8,47.2,431,229,28.9,37.0,463
1972,26.8,47.4,427,230,28.9,37.1,1130
1973,26.8,47.5,429,233,28.9,37.2,1201
1974,26.8,47.7,431,234,28.9,37.3,401
1975,26.8,47.9,430,232,28.9,37.5,939
1976,26.8,48.0,443,236,29.0,37.6,423
1977,26.8,48.2,451,238,29.0,37.8,464
1978,26.8,48.4,448,237,28.9,38.0,894
1979,26.8,48.7,456,238,28.9,38.2,894
1980,26.8,49.0,458,242,28.9,38.4,456
1981,26.8,49.2,461,245,28.9,38.6,1202
1982,26.8,49.5,468,246,28.9,38.7,1203
1983,26.9,49.8,468,243,28.9,38.8,392
1984,26.8,50.1,472,242,28.9,39.0,394
1985,26.8,50.3,481,246,29.0,39.1,896
1986,26.8,50.5,473,246,28.9,39.2,396
1987,26.8,50.7,480,246,28.9,39.2,1052
1988,26.8,50.6,481,246,28.9,39.3,1040
1989,26.8,50.7,483,248,28.9,39.4,1204
1990,26.8,50.9,483,242,28.9,39.4,1038
1991,26.8,50.9,482,248,28.9,39.3,1046
1992,26.8,50.8,479,240,28.9,39.3,389
1993,26.8,50.8,483,244,28.9,39.2,1051
1994,26.8,50.7,478,244,28.9,39.3,455
1995,26.8,50.8,478,241,28.9,39.2,470
1996,26.8,50.8,477,239,28.9,39.2,484
1997,26.8,50.7,476,242,28.9,39.2,480
1998,26.8,50.8,479,240,28.9,39.2,827
1999,26.8,50.8,475,242,28.9,39.2,1056
