,age,EdType,maritalstatus,occupation,relationship,race,gender,capitalgain,capitalloss,hoursperweek,SalStat,target
0,45,0,0,0,0,0,0,0,0,28,0,0
1,24,0,1,1,1,0,1,0,0,40,0,1
2,44,1,2,2,2,0,1,0,0,40,1,0
3,27,2,1,3,3,0,1,0,0,40,0,0
4,20,1,1,4,0,0,1,0,0,35,0,0
5,44,0,3,5,4,1,0,0,0,40,0,0
6,51,0,2,3,2,2,1,0,0,40,0,0
7,20,0,2,6,2,0,1,0,0,40,0,0
8,17,3,1,7,1,0,0,0,0,5,0,2
9,19,0,1,6,1,1,0,0,0,40,0,0
10,45,1,2,3,2,0,1,0,0,55,1,3
11,60,0,2,3,2,0,1,0,0,40,1,0
12,44,0,2,4,5,0,0,0,0,40,1,4
13,40,4,2,6,2,3,1,0,0,40,1,0
14,30,0,2,5,5,0,0,0,0,40,0,0
15,38,1,2,8,2,1,1,0,0,50,0,0
16,23,0,2,8,2,0,1,0,0,60,0,0
17,32,1,2,7,2,0,1,0,0,40,0,2
18,44,5,1,9,1,0,1,0,0,40,0,0
19,54,0,2,8,2,1,1,0,0,40,0,5
20,32,6,2,2,2,0,1,0,0,50,0,0
21,50,7,4,3,4,0,1,0,0,40,0,0
22,24,6,1,10,0,0,0,0,0,20,0,0
23,37,0,2,0,5,0,0,0,0,60,0,0
24,52,0,0,8,4,0,1,0,0,40,0,0
25,38,1,2,8,2,0,1,0,0,40,0,0
26,49,8,2,5,2,0,1,0,1977,45,1,0
27,30,6,2,10,5,0,0,0,0,16,1,0
28,60,1,1,2,4,0,1,0,0,40,1,0
29,22,1,1,7,1,0,1,0,0,40,0,2
30,35,0,1,3,0,0,1,0,0,40,0,0
31,30,0,1,8,0,0,1,0,0,60,0,0
32,67,4,0,11,0,0,0,0,0,24,0,0
33,46,6,1,3,0,0,0,0,0,40,0,0
34,17,2,1,11,0,0,1,0,0,6,0,0
35,22,1,1,12,1,0,1,0,0,30,0,0
36,27,9,1,11,0,0,1,0,0,40,0,0
37,23,0,1,11,4,0,0,0,0,35,0,0
38,33,5,2,3,2,0,1,0,0,45,0,0
39,43,1,2,3,2,0,1,0,0,20,0,4
40,28,6,1,2,0,0,1,0,0,20,0,6
41,41,0,4,3,4,0,0,0,0,40,0,0
42,52,10,1,7,3,1,1,594,0,40,0,2
43,25,1,4,0,1,1,0,0,0,20,0,0
44,63,7,2,7,2,0,1,0,0,35,0,2
45,59,0,2,8,2,0,1,0,0,45,0,5
46,45,6,0,2,4,0,0,0,0,40,0,5
47,38,6,2,4,2,0,1,15024,0,60,1,0
48,40,0,1,11,0,0,0,0,0,35,0,0
49,46,0,0,0,0,0,1,0,0,40,0,1
50,35,5,1,5,0,0,0,0,0,60,0,0
51,34,0,0,2,4,0,0,0,0,25,0,0
52,33,6,1,3,1,0,1,0,0,20,0,0
53,41,0,0,0,4,0,0,0,0,36,0,0
54,20,1,1,6,1,0,1,0,0,40,0,0
55,23,11,1,11,1,0,1,0,0,40,0,0
56,26,1,1,2,0,0,0,0,0,35,0,0
57,72,0,2,7,2,0,1,0,0,20,0,2
58,23,0,1,9,0,0,1,0,0,40,0,5
59,62,0,2,8,2,0,1,0,0,40,0,5
60,52,1,2,0,2,0,1,0,0,40,0,0
61,58,1,0,11,4,0,0,0,0,42,0,0
62,25,6,1,4,0,0,0,0,0,40,0,0
63,24,6,1,5,0,1,1,0,0,40,0,0
64,19,1,1,13,1,0,1,0,0,8,0,0
65,43,1,2,5,2,0,1,0,0,40,0,0
66,47,0,5,0,4,1,0,0,0,40,0,5
67,39,0,0,11,4,0,0,0,0,40,0,0
68,49,4,4,12,4,0,1,0,1380,42,0,0
69,53,11,3,7,4,1,0,0,0,30,0,2
70,32,4,1,3,0,0,1,0,0,45,0,0
71,34,1,2,2,2,0,1,0,0,50,1,0
72,28,0,0,3,0,0,1,0,0,45,0,0
73,57,4,3,7,4,0,0,0,0,38,0,2
74,25,1,1,0,0,2,0,0,0,20,0,0
75,20,1,1,7,1,0,1,0,0,24,0,2
76,21,1,1,7,4,0,0,0,0,35,0,2
77,34,6,2,2,2,0,1,0,0,50,1,0
78,38,6,2,5,2,0,1,15024,0,80,1,3
79,50,0,2,5,2,0,1,7688,0,50,1,0
80,24,1,0,12,0,1,1,0,0,50,0,5
81,37,1,2,10,2,0,1,0,0,45,1,5
82,44,1,0,6,4,0,1,0,0,58,1,0
83,28,1,2,4,5,0,0,0,0,40,0,0
84,42,6,2,5,2,0,1,0,0,40,1,0
85,74,1,0,0,0,0,0,0,0,9,0,0
86,38,0,2,3,2,0,1,0,0,50,0,4
87,44,8,2,2,2,0,1,0,0,40,0,4
88,44,3,0,6,4,4,0,0,0,46,0,0
89,26,0,1,6,0,0,1,0,0,40,0,0
90,36,0,2,11,2,1,1,0,0,40,0,0
91,41,5,2,5,5,0,0,0,0,50,1,0
92,67,12,2,2,2,0,1,20051,0,48,1,0
93,39,10,2,10,2,0,1,0,0,50,0,5
94,57,7,3,14,0,1,0,0,0,30,0,0
95,29,4,5,3,0,0,1,0,0,40,0,0
96,31,6,1,9,0,0,0,0,0,45,0,3
97,34,0,1,7,4,1,0,0,0,40,0,2
98,44,1,2,8,2,0,1,0,0,40,0,0
99,29,13,1,2,1,0,1,0,0,40,0,0
100,30,1,1,12,4,0,0,0,0,40,0,0
101,27,0,1,8,0,0,1,0,0,40,0,0
102,27,1,2,4,2,0,1,0,0,50,0,0
103,32,0,1,12,0,0,0,0,0,45,0,0
104,58,9,2,11,5,0,0,0,0,8,0,0
105,35,1,2,13,2,0,1,0,0,40,0,5
106,21,0,1,12,1,0,1,0,0,36,0,0
107,28,1,1,3,4,0,1,0,0,40,0,0
108,46,1,0,5,0,0,1,0,0,50,0,4
109,36,0,5,11,4,0,0,0,0,40,0,4
110,72,3,3,0,4,0,0,0,0,40,0,0
111,35,0,2,6,5,1,0,0,0,40,0,0
112,33,4,0,3,4,1,0,0,0,40,1,1
113,69,3,1,6,0,0,0,0,0,40,0,0
114,35,0,2,6,2,0,1,0,0,40,0,0
115,34,0,2,10,5,0,0,0,0,32,0,0
116,30,3,2,11,2,0,1,0,0,40,0,0
117,28,6,1,8,0,0,1,0,0,55,0,0
118,54,6,2,4,2,0,1,0,0,35,1,0
119,47,1,2,2,2,0,1,0,0,50,1,0
120,24,0,1,12,4,1,0,0,0,40,0,0
121,52,6,2,2,2,0,1,0,0,60,1,4
122,20,0,1,12,1,2,1,0,0,48,0,0
123,43,8,2,5,2,0,1,5013,0,45,0,3
124,45,14,5,11,4,0,0,0,0,40,0,0
125,29,0,5,3,0,0,1,0,0,35,0,4
126,47,8,0,5,4,0,1,0,0,42,0,0
127,24,0,1,3,1,0,1,0,0,40,0,0
128,51,0,2,2,2,0,1,0,0,40,0,0
129,17,3,1,4,1,0,1,0,0,12,0,0
130,37,4,2,3,2,0,1,0,1977,40,1,0
131,27,13,1,2,0,0,0,0,0,70,0,0
132,29,6,2,5,5,0,1,0,0,40,1,0
133,18,10,1,7,1,0,1,0,0,25,0,2
134,36,5,0,4,4,0,0,0,0,35,0,4
135,58,6,1,2,0,0,0,0,0,40,0,5
136,26,1,2,3,2,0,1,0,0,45,0,4
137,65,1,2,7,2,0,1,0,0,30,1,2
138,57,0,2,4,2,0,1,0,0,40,1,0
139,59,0,2,3,2,0,1,0,0,40,0,0
140,27,0,2,6,2,0,1,0,0,40,0,0
141,31,6,1,10,0,0,1,0,0,40,0,4
142,21,1,1,4,1,0,0,0,0,24,0,0
143,29,1,1,0,0,0,1,0,0,60,0,0
144,18,3,1,11,1,0,1,0,0,40,0,0
145,52,9,2,3,2,0,1,0,1887,47,1,0
146,57,6,0,2,0,0,1,0,0,80,0,3
147,42,0,2,7,2,0,1,0,0,40,0,2
148,55,0,2,7,5,3,0,0,0,40,0,2
149,60,14,1,8,0,0,1,0,0,48,1,0
150,31,6,2,2,2,0,1,7688,0,40,1,0
151,23,6,1,0,1,0,0,0,0,40,0,0
152,27,0,1,4,1,0,1,0,0,40,0,0
153,23,1,1,7,4,2,0,0,0,25,0,2
154,42,12,2,2,2,0,1,0,1902,50,1,4
155,25,1,1,10,0,0,1,2174,0,40,0,0
156,49,6,1,2,0,0,0,0,0,45,0,0
157,32,6,1,10,0,0,1,0,0,40,0,0
158,19,1,1,0,1,0,1,0,0,28,0,0
159,60,14,0,11,0,0,0,0,0,40,0,0
160,42,2,2,11,2,0,1,0,0,40,0,5
161,35,5,1,9,0,0,1,0,0,40,0,4
162,48,0,1,0,4,1,0,0,0,37,0,0
163,51,8,2,3,2,0,1,0,0,40,1,0
164,29,0,1,3,0,2,1,0,0,40,0,0
165,36,0,5,5,0,1,1,0,0,40,0,5
166,17,9,1,11,1,0,0,0,0,21,0,0
167,52,8,0,2,0,0,0,6849,0,60,0,0
168,24,0,1,3,0,0,1,0,0,40,0,0
169,24,0,2,12,2,0,1,0,0,50,0,0
170,26,6,1,2,1,0,1,1055,0,40,0,5
171,27,6,1,11,1,0,0,0,0,20,0,0
172,39,0,1,12,1,0,1,0,0,60,0,0
173,30,0,2,8,2,1,1,0,0,45,0,0
174,50,0,2,5,2,0,1,0,0,32,0,4
175,52,6,2,4,2,0,1,0,0,55,0,3
176,46,12,2,2,2,0,1,15024,0,45,1,0
177,23,6,1,4,1,0,0,0,0,20,0,0
178,45,3,3,11,0,1,0,0,0,20,0,0
179,65,2,3,14,4,1,0,0,0,24,0,0
180,29,4,2,8,2,0,1,0,0,55,0,0
181,47,2,4,12,4,0,1,0,0,40,0,0
182,30,0,1,9,1,1,1,0,0,60,0,0
183,34,0,2,4,2,0,1,0,0,45,1,0
184,38,0,2,4,2,0,1,0,0,64,0,4
185,33,1,2,5,2,0,1,0,0,40,1,0
186,49,6,2,4,2,0,1,0,0,26,1,0
187,47,1,1,11,4,1,0,0,0,40,0,4
188,49,9,5,11,4,1,0,0,0,40,0,5
189,43,1,2,3,2,0,1,15024,0,60,1,0
190,30,6,2,0,5,1,0,0,0,40,1,0
191,58,0,2,3,2,0,1,0,0,60,0,4
192,19,0,1,11,1,0,0,0,0,14,0,0
193,21,6,1,12,0,0,1,0,0,40,0,0
194,33,6,2,5,2,0,1,15024,0,60,1,0
195,47,11,2,8,2,0,1,0,0,50,0,3
196,52,13,2,2,2,0,1,0,0,60,1,4
197,26,0,0,3,0,0,1,0,0,55,0,0
198,60,0,2,3,2,0,1,0,0,40,0,0
199,21,1,1,12,1,0,1,0,0,40,0,0
200,36,1,2,4,2,0,1,5178,0,50,1,0
201,31,1,2,3,2,0,1,0,0,45,0,0
202,50,13,5,2,0,0,1,0,0,40,1,3
203,31,0,0,0,4,0,0,0,0,40,0,5
204,71,0,2,3,2,0,1,0,0,15,0,0
205,58,0,2,7,2,0,1,0,0,50,0,2
206,30,6,2,10,2,0,1,0,0,40,1,6
207,20,1,1,11,1,0,1,0,0,20,0,0
208,24,0,1,5,3,0,1,4101,0,50,0,0
209,35,13,2,2,2,3,1,0,0,40,1,0
210,38,1,5,5,0,0,0,0,0,45,0,6
211,27,0,1,6,1,0,0,0,0,32,0,0
212,29,1,1,0,4,3,0,0,0,40,0,6
213,70,2,3,7,4,0,0,1111,0,15,0,2
214,34,0,2,3,2,0,1,0,0,45,0,0
215,44,14,2,3,2,0,1,0,0,35,0,0
216,43,0,2,6,2,0,1,0,0,40,1,0
217,44,10,2,12,2,1,1,0,0,40,1,4
218,35,8,1,4,0,0,1,0,0,60,0,0
219,27,1,1,2,0,0,1,0,0,40,0,0
220,43,8,1,2,0,0,1,0,0,38,0,5
221,20,1,1,4,0,0,0,0,0,25,0,0
222,42,5,0,2,4,0,0,8614,0,40,1,0
223,27,1,2,8,2,0,1,3411,0,40,0,6
224,42,0,2,3,2,1,1,0,0,40,1,0
225,20,3,4,7,1,3,0,0,1762,40,0,2
226,24,2,1,6,0,0,1,0,1721,40,0,0
227,48,1,0,5,0,0,1,0,0,40,0,1
228,17,3,1,7,1,0,0,0,0,20,0,2
229,17,3,1,9,1,0,1,0,0,10,0,4
230,33,6,2,5,2,0,1,0,0,40,1,0
231,50,0,2,4,2,0,1,0,0,50,1,3
232,22,0,1,4,1,0,0,2597,0,40,0,0
233,17,10,1,11,1,0,1,0,0,16,0,0
234,32,1,2,0,2,0,1,0,0,40,0,0
235,31,0,1,3,0,0,1,0,0,45,0,0
236,58,0,3,5,0,0,1,0,0,50,0,4
237,29,0,1,13,1,0,1,0,0,48,0,5
238,37,4,2,3,2,0,1,0,0,40,1,0
239,34,0,2,3,2,0,1,0,0,40,1,4
240,23,1,5,5,4,1,1,0,0,40,0,5
241,18,3,1,0,1,0,0,0,0,5,0,6
242,34,0,0,5,0,0,0,0,0,40,0,0
243,66,14,1,7,0,0,1,0,0,4,0,2
244,45,6,2,2,5,0,0,0,0,55,0,5
245,41,8,1,5,0,0,1,0,0,35,0,0
246,26,0,1,11,3,0,1,0,0,30,0,0
247,54,1,2,9,2,0,1,0,0,40,0,5
248,24,1,1,6,1,1,0,0,0,45,0,0
249,42,1,2,2,2,0,1,0,0,50,0,0
250,20,1,1,2,1,0,1,0,0,20,0,0
251,23,6,1,10,0,0,0,0,0,20,0,6
252,25,5,1,7,3,0,1,0,0,45,0,2
253,35,8,1,2,0,0,1,0,0,60,1,0
254,31,8,2,10,2,0,1,0,1902,40,1,0
255,30,6,1,2,1,0,0,0,0,40,0,0
256,19,0,1,4,1,0,0,0,0,20,0,0
257,36,6,1,2,0,0,1,0,0,50,0,5
258,31,6,3,4,4,0,0,0,1380,40,0,0
259,21,1,1,12,1,0,1,0,0,30,0,0
260,31,1,2,3,2,0,1,0,0,40,0,4
261,46,13,0,2,4,0,0,25236,0,65,1,0
262,44,6,0,5,1,0,0,0,0,50,1,0
263,40,10,2,11,2,1,1,0,0,40,0,0
264,45,1,1,4,0,1,1,0,0,40,0,0
265,60,0,2,3,2,0,1,0,0,35,0,0
266,18,3,1,11,3,0,1,0,0,25,0,0
267,28,6,2,2,2,0,1,0,0,40,0,0
268,36,1,0,0,4,1,0,0,0,40,0,0
269,40,4,2,10,2,0,1,4386,0,40,0,0
270,36,6,0,0,4,0,0,0,0,35,0,5
271,31,0,5,11,4,1,0,0,0,40,0,0
272,33,0,2,6,2,0,1,0,0,40,0,0
273,19,0,1,10,1,0,0,0,0,40,0,6
274,22,1,1,4,1,0,0,0,0,15,0,0
275,34,6,2,5,2,0,1,0,0,45,1,0
276,33,0,1,11,0,0,1,0,0,40,0,0
277,41,0,2,3,2,0,1,0,2051,60,0,0
278,29,6,1,2,0,0,1,4650,0,40,0,0
279,50,0,2,5,2,0,1,0,0,42,1,5
280,42,6,2,5,2,0,1,7298,0,45,1,0
281,44,0,2,4,5,0,0,0,0,40,0,0
282,20,1,1,11,0,0,0,0,0,20,0,0
283,31,0,2,11,2,0,1,0,0,40,0,0
284,23,1,1,11,0,0,0,0,0,24,0,0
285,55,1,0,0,0,3,0,0,0,40,0,0
286,26,4,2,0,2,0,1,0,2377,45,0,0
287,25,4,1,11,1,0,0,0,0,15,0,0
288,45,1,2,7,5,1,0,0,0,40,0,2
289,35,1,2,3,2,0,1,2407,0,40,0,0
290,36,1,1,4,0,1,0,0,0,36,0,0
291,43,6,2,2,2,0,1,0,0,50,0,6
292,56,0,3,11,4,1,0,594,0,20,0,0
293,42,6,2,10,2,0,1,0,0,40,1,0
294,19,1,1,11,3,0,0,0,0,25,0,0
295,55,0,2,8,2,0,1,0,0,72,0,4
296,42,8,1,5,0,0,0,14084,0,50,1,0
297,26,4,1,10,1,0,1,0,0,40,0,0
298,17,10,1,12,1,0,1,0,0,20,0,0
299,42,6,2,2,5,0,0,0,0,40,1,5
300,55,0,2,8,2,0,1,7688,0,40,1,0
301,32,1,1,0,1,1,0,0,0,40,0,0
302,29,3,1,3,1,1,1,0,0,40,0,0
303,46,6,2,2,2,0,1,0,0,37,0,6
304,29,6,2,5,2,0,1,7688,0,40,1,6
305,22,6,1,2,4,0,1,0,0,20,0,0
306,58,9,2,3,2,0,1,0,0,40,0,4
307,23,0,1,8,4,0,1,0,0,50,0,0
308,39,0,1,12,0,0,1,0,0,40,0,0
309,27,4,1,3,1,0,1,0,0,38,0,0
310,54,0,2,8,2,0,1,0,0,40,1,0
311,33,6,1,2,0,0,0,0,0,45,0,5
312,46,0,2,0,5,0,0,0,0,40,1,1
313,37,0,1,9,0,1,1,0,0,40,0,0
314,36,0,1,11,0,0,0,0,0,18,0,0
315,59,0,2,0,5,0,0,0,0,38,1,5
316,34,0,0,13,4,0,1,0,0,40,0,5
317,53,13,2,5,2,0,1,0,0,70,1,3
318,51,6,1,4,0,0,1,0,0,55,1,0
319,32,9,5,11,4,0,0,0,0,42,0,0
320,31,1,4,11,3,0,1,0,0,40,0,6
321,22,1,2,4,5,0,0,0,0,30,0,0
322,47,6,0,4,0,0,0,0,0,50,0,4
323,32,0,1,6,0,0,1,0,0,40,0,0
324,26,1,1,9,0,0,0,0,0,38,0,0
325,37,11,5,9,0,0,1,0,0,32,0,0
326,31,0,0,3,4,0,1,0,0,55,0,0
327,37,4,2,10,5,0,0,0,0,24,1,0
328,55,0,1,4,0,0,1,0,0,38,0,0
329,23,4,0,10,0,0,1,0,0,56,0,5
330,36,1,0,0,4,0,0,0,0,40,0,0
331,43,6,2,4,2,0,1,0,0,50,1,0
332,54,1,1,10,0,0,1,0,0,40,0,0
333,28,4,1,6,0,0,0,0,1669,42,0,0
334,40,4,2,5,2,0,1,0,0,50,1,0
335,41,1,2,5,2,0,1,0,0,60,0,4
336,40,6,1,4,0,4,0,0,0,55,1,0
337,42,1,0,0,0,1,0,0,0,38,0,0
338,61,0,2,9,2,0,1,0,2352,50,0,4
339,18,10,1,6,1,0,1,0,0,30,0,0
340,59,0,2,7,2,0,1,0,0,16,0,2
341,21,0,1,7,0,0,0,1055,0,40,0,2
342,48,4,2,10,2,0,1,0,0,50,1,0
343,41,6,2,10,2,0,1,0,0,40,0,3
344,18,1,1,7,1,0,1,0,0,33,0,2
345,23,0,1,4,0,0,0,2463,0,40,0,0
346,60,0,2,8,2,0,1,0,0,60,1,0
347,22,1,1,11,3,1,1,0,0,20,0,0
348,61,0,2,6,2,0,1,0,0,40,0,0
349,25,0,1,6,0,1,1,0,0,40,0,0
350,46,8,1,10,0,0,1,0,0,35,1,0
351,43,6,2,5,2,0,1,0,1902,40,1,0
352,43,5,0,3,0,0,1,0,0,40,0,0
353,24,0,1,11,1,1,1,0,1721,30,0,0
354,68,3,1,9,4,0,1,0,0,20,0,4
355,31,0,0,0,4,0,0,0,0,38,0,0
356,17,3,1,4,1,0,0,0,0,20,0,0
357,32,0,2,3,2,0,1,5178,0,48,1,0
358,50,8,4,7,3,0,1,0,0,40,0,2
359,33,6,2,2,2,0,1,3103,0,47,1,0
360,64,6,2,2,2,0,1,0,0,40,1,0
361,20,0,1,8,1,0,1,0,0,30,0,0
362,30,0,5,11,1,0,0,0,0,36,0,0
363,22,1,1,7,1,1,1,0,0,40,0,2
364,43,1,0,5,0,0,1,0,0,45,0,0
365,22,1,1,0,1,0,1,0,0,40,0,0
366,17,9,1,9,1,0,1,0,0,20,0,0
367,47,0,2,11,5,0,0,0,0,75,0,4
368,41,4,1,2,0,0,0,0,0,60,0,0
369,56,1,2,3,2,0,1,0,0,50,1,0
370,64,0,2,8,2,0,1,0,0,45,0,0
371,47,0,2,8,2,0,1,0,0,50,1,0
372,48,4,1,0,4,0,1,0,0,40,0,0
373,31,8,1,2,0,0,0,0,0,46,0,0
374,29,4,1,10,1,0,1,0,0,40,0,0
375,30,0,3,0,0,0,0,0,0,40,0,0
376,32,0,2,5,2,0,1,0,1672,60,0,0
377,57,0,3,8,4,0,1,0,653,42,1,0
378,62,0,3,11,0,0,0,0,0,40,0,0
379,39,0,5,6,4,0,0,0,0,24,0,0
380,43,1,1,0,0,0,1,0,0,25,0,0
381,24,6,1,4,1,0,1,0,0,40,0,3
382,42,3,2,7,2,0,1,0,0,15,0,2
383,53,1,2,0,5,0,0,4386,0,40,1,0
384,26,1,1,12,1,0,1,0,0,40,0,0
385,73,0,2,5,2,0,1,0,0,40,0,4
386,72,3,3,7,0,0,0,0,0,24,0,2
387,55,0,2,6,2,0,1,0,0,40,0,0
388,25,0,0,0,0,0,1,0,0,40,0,0
389,41,6,0,2,0,0,0,0,0,50,1,0
390,24,6,1,5,0,0,1,0,0,50,0,0
391,63,0,3,9,0,0,1,0,0,6,0,0
392,17,3,1,4,1,0,1,0,0,20,0,0
393,35,1,2,3,2,0,1,0,0,50,0,0
394,51,1,2,2,2,0,1,0,0,40,1,0
395,62,6,3,2,0,0,0,0,0,48,0,5
396,55,0,2,3,2,0,1,4386,0,40,1,0
397,43,1,0,2,0,0,1,0,0,40,0,0
398,40,0,0,11,0,0,0,0,0,50,0,5
399,37,6,2,5,2,0,1,0,0,45,1,0
400,39,6,2,3,2,0,1,0,0,40,0,0
401,31,0,1,3,1,0,1,0,0,18,0,0
402,61,8,3,2,0,0,0,0,0,40,1,0
403,26,4,0,0,0,0,0,0,0,55,0,0
404,46,0,2,4,2,0,1,0,0,50,0,4
405,26,6,1,2,0,0,0,0,0,40,0,0
406,48,13,0,2,1,0,1,0,0,50,1,6
407,34,0,1,8,1,0,1,0,0,40,0,0
408,34,0,1,0,1,0,0,0,0,40,0,5
409,59,0,2,11,2,0,1,0,0,40,1,0
410,34,6,1,2,1,0,0,0,0,40,0,0
411,49,6,1,5,0,0,0,0,0,56,1,0
412,18,3,1,0,1,0,0,0,0,20,0,0
413,43,0,2,9,2,0,1,0,0,40,0,0
414,48,3,2,5,2,0,1,0,0,50,0,0
415,28,1,2,5,2,0,1,0,0,70,0,3
416,33,0,2,6,2,0,1,0,0,40,0,0
417,24,1,1,4,0,0,0,0,0,15,0,0
418,21,9,1,12,0,0,1,0,0,40,0,0
419,17,3,1,4,1,0,1,0,0,28,0,0
420,39,1,2,9,2,0,1,0,0,50,1,0
421,29,6,5,2,1,0,1,0,0,40,0,4
422,44,6,2,5,2,0,1,0,0,40,1,0
423,24,1,1,8,1,0,1,0,0,50,0,0
424,71,8,2,4,2,0,1,10605,0,40,1,4
425,51,6,2,4,2,3,1,0,2415,40,1,4
426,55,11,0,11,4,1,1,0,0,25,0,0
427,41,6,2,5,2,0,1,0,0,60,1,0
428,23,0,1,12,4,1,0,0,0,7,0,0
429,38,4,0,0,4,0,0,0,0,40,0,0
430,39,0,2,8,2,0,1,0,0,40,1,0
431,19,0,1,0,0,0,0,0,0,30,0,0
432,49,2,0,6,0,0,0,0,0,40,0,0
433,32,6,2,0,3,0,1,0,0,40,1,0
434,27,0,2,3,2,0,1,0,0,70,0,0
435,38,6,2,4,2,0,1,0,0,50,1,0
436,33,1,2,3,5,0,0,0,0,60,0,0
437,63,1,2,7,2,0,1,0,0,15,0,2
438,23,6,1,5,1,0,1,0,0,28,0,0
439,54,0,2,4,2,1,1,0,0,40,0,4
440,29,4,0,10,0,0,0,2174,0,45,0,0
441,48,1,0,7,4,1,0,0,0,30,0,2
442,35,6,1,5,0,0,1,0,0,40,0,4
443,28,4,2,0,5,3,0,0,0,40,0,0
444,37,6,2,2,2,0,1,7688,0,50,1,0
445,42,12,2,9,2,0,1,0,0,65,1,4
446,40,8,2,2,2,0,1,0,0,40,0,0
447,47,1,0,4,1,0,1,0,0,55,0,0
448,22,6,1,5,1,0,0,0,0,50,0,0
449,30,6,2,5,2,0,1,0,0,45,1,0
450,28,0,2,10,2,0,1,0,0,40,0,0
451,63,14,2,11,2,0,1,0,0,55,0,5
452,51,2,2,3,2,0,1,0,0,20,0,4
453,22,0,1,12,1,0,0,0,0,40,0,0
454,27,5,2,7,1,2,1,0,0,40,0,2
455,35,0,1,4,0,0,1,0,0,45,0,0
456,46,0,0,6,0,0,0,0,0,38,0,0
457,37,1,0,6,0,0,1,0,0,52,0,0
458,24,6,1,2,1,1,1,0,0,15,0,0
459,37,0,0,12,1,0,1,0,0,10,0,4
460,53,1,2,10,2,0,1,0,0,40,0,0
461,27,0,1,4,0,0,1,0,0,30,0,0
462,38,1,0,3,0,0,1,0,0,44,0,0
463,53,9,2,9,2,0,1,0,0,60,0,4
464,34,1,1,3,0,0,1,0,0,40,0,0
465,23,0,1,4,1,1,1,0,0,40,0,0
466,39,6,2,5,2,0,1,15024,0,45,1,0
467,43,8,2,2,5,3,0,0,0,50,0,0
468,67,0,2,5,2,3,1,0,0,40,1,3
469,81,0,2,5,2,0,1,0,0,30,0,4
470,21,1,1,11,1,0,1,0,0,20,0,0
471,23,1,1,4,0,0,1,0,0,25,0,0
472,25,1,1,8,4,0,1,0,0,40,0,0
473,42,11,2,6,5,0,0,0,0,38,0,0
474,38,1,2,0,5,1,0,0,0,40,0,0
475,64,0,2,7,2,0,1,0,0,5,0,2
476,32,0,2,6,2,0,1,0,0,40,0,0
477,37,0,2,6,2,0,1,0,0,40,0,0
478,51,8,2,5,2,0,1,0,0,60,1,0
479,22,1,1,4,0,0,0,0,0,42,0,0
480,33,7,4,14,0,0,0,0,0,40,0,0
481,42,0,0,6,0,0,1,0,0,55,0,0
482,19,1,1,7,1,0,0,0,0,10,0,2
483,51,15,2,11,2,0,1,0,0,40,0,5
484,23,0,2,0,5,0,0,0,0,40,0,0
485,37,3,2,6,2,0,1,3103,0,44,1,0
486,37,0,2,3,2,0,1,0,0,99,1,0
487,47,8,1,2,0,0,0,0,0,25,0,0
488,41,12,2,2,2,0,1,0,2415,40,1,0
489,33,0,2,3,2,0,1,0,0,30,0,0
490,31,6,1,4,0,0,1,0,0,40,1,0
491,31,5,0,11,4,2,0,0,0,40,0,0
492,35,0,2,6,2,1,1,0,0,40,0,0
493,38,0,2,5,2,0,1,0,0,40,1,3
494,18,0,1,11,0,0,0,0,0,45,0,0
495,20,0,2,6,2,0,1,0,0,40,0,0
496,54,1,0,5,4,1,0,0,0,35,0,5
497,40,1,0,0,4,0,0,0,0,40,0,0
498,36,6,2,5,5,0,0,0,1977,45,1,3
499,43,1,0,3,4,0,1,0,0,35,0,0
500,44,1,0,9,4,0,1,0,0,40,0,4
501,44,0,2,2,5,0,0,0,0,40,1,6
502,43,8,2,5,2,0,1,0,0,43,1,0
503,51,14,3,11,4,1,0,0,0,40,0,0
504,18,0,1,11,1,0,0,0,0,20,0,0
505,51,1,2,5,2,0,1,0,0,40,0,0
506,44,1,2,4,2,0,1,0,0,70,1,3
507,33,9,0,8,0,0,1,0,0,40,0,5
508,33,6,2,5,2,0,1,0,0,40,1,4
509,42,5,2,5,2,0,1,0,0,40,1,0
510,25,1,2,2,2,0,1,0,0,45,0,0
511,32,0,0,6,0,0,0,0,0,38,0,0
512,32,6,2,3,2,0,1,0,0,70,0,0
513,36,9,0,5,4,0,0,0,0,40,0,0
514,28,0,2,8,2,0,1,0,0,40,0,0
515,20,0,1,11,1,0,0,0,0,20,0,0
516,35,1,2,4,2,0,1,0,0,60,1,3
517,55,0,2,3,2,0,1,0,0,20,0,4
518,48,6,2,5,2,3,1,0,0,40,1,0
519,36,4,3,7,0,0,0,0,0,20,0,2
520,34,0,2,3,2,0,1,0,0,35,1,0
521,28,6,1,10,0,0,0,0,0,35,0,0
522,67,6,3,5,0,0,1,0,2392,40,1,0
523,37,0,2,3,2,0,1,0,0,40,0,0
524,44,0,1,8,4,0,1,0,0,70,0,0
525,25,1,1,4,0,0,0,0,0,40,0,0
526,21,1,1,5,0,0,0,4101,0,40,0,0
527,40,8,2,2,2,0,1,0,0,35,1,6
528,78,0,3,11,0,1,0,2964,0,40,0,0
529,34,0,0,12,1,0,1,0,0,40,0,0
530,49,0,1,0,0,0,0,0,0,44,0,0
531,22,5,1,0,0,0,0,0,0,40,0,0
532,23,0,1,7,4,1,0,0,0,40,0,2
533,60,0,1,9,4,0,1,0,0,42,0,4
534,45,0,3,13,0,0,1,0,0,40,1,5
535,63,4,0,11,0,0,0,0,0,20,0,0
536,41,0,1,3,1,1,0,0,0,35,0,0
537,47,0,0,0,4,0,0,0,0,40,0,0
538,44,0,0,3,4,0,1,0,0,40,0,0
539,51,1,3,2,0,0,0,3325,0,40,0,0
540,46,6,1,4,0,0,1,0,1504,40,0,0
541,41,4,2,6,2,0,1,0,0,40,0,0
542,50,0,2,3,2,0,1,0,0,30,0,4
543,47,0,2,0,2,0,1,0,0,50,1,0
544,35,0,1,5,0,0,1,0,0,45,0,0
545,56,0,2,5,2,0,1,0,0,55,1,0
546,45,8,0,2,0,0,1,0,0,45,0,0
547,48,6,0,5,4,0,1,0,0,58,1,1
548,40,1,2,6,2,0,1,2580,0,40,0,0
549,39,6,2,5,2,0,1,15024,0,50,1,3
550,20,1,1,11,1,0,1,0,0,40,0,0
551,50,13,2,2,2,0,1,0,1902,65,1,0
552,38,0,2,2,5,0,0,0,0,40,1,6
553,23,6,1,2,1,0,0,0,0,60,0,5
554,31,0,1,11,1,0,1,0,0,16,0,0
555,58,6,2,0,2,0,1,0,0,40,0,0
556,66,0,5,6,0,1,1,0,0,40,0,0
557,39,0,2,5,2,0,1,0,0,40,1,3
558,54,0,2,3,2,0,1,15024,0,52,1,4
559,26,1,2,4,2,0,1,0,0,50,0,0
560,51,0,0,6,0,0,0,0,0,40,0,0
561,34,4,1,8,1,0,1,0,0,40,0,0
562,50,0,2,6,2,0,1,3103,0,40,1,0
563,42,1,2,2,2,0,1,0,0,44,1,0
564,38,8,2,2,2,0,1,0,0,25,0,0
565,48,14,2,12,2,0,1,0,0,40,0,0
566,33,4,2,10,5,0,0,0,0,40,1,0
567,51,0,3,11,4,0,0,0,0,32,0,0
568,22,0,0,3,0,0,1,0,0,40,0,0
569,19,0,1,7,1,0,1,0,0,30,0,2
570,41,1,1,3,0,0,1,0,0,50,0,0
571,48,8,2,2,2,0,1,0,0,35,1,5
572,42,0,5,4,0,0,0,0,0,30,0,0
573,34,1,2,11,2,0,1,0,0,40,0,0
574,23,0,1,6,4,1,0,0,0,40,0,0
575,56,0,2,11,2,0,1,0,0,50,0,0
576,45,0,2,5,2,0,1,0,0,55,1,0
577,48,9,2,0,5,0,0,0,0,40,0,0
578,48,8,4,4,0,3,1,0,0,50,0,3
579,31,4,1,0,0,0,0,0,0,40,0,0
580,20,5,1,11,1,0,1,0,1719,20,0,6
581,27,1,1,4,0,0,1,0,0,40,0,0
582,32,0,1,11,0,1,0,0,0,40,0,0
583,76,14,3,7,0,0,1,0,0,2,0,2
584,19,0,1,7,4,0,1,0,2001,40,0,2
585,37,0,1,11,0,0,1,0,0,75,0,0
586,34,0,0,14,4,1,0,0,0,30,0,0
587,34,3,2,7,5,0,0,0,0,8,0,2
588,90,0,1,11,0,0,0,0,0,40,0,0
589,23,1,1,6,1,1,0,0,0,40,0,0
590,43,1,0,0,0,0,0,0,0,40,0,0
591,44,6,2,5,2,0,1,7688,0,60,1,0
592,24,1,1,10,0,0,0,0,0,37,0,0
593,28,12,0,2,4,0,1,0,0,55,0,0
594,64,5,1,7,0,0,0,0,0,20,0,2
595,23,1,2,11,2,0,1,0,0,40,0,0
596,20,1,1,4,0,0,0,0,0,50,0,0
597,36,6,2,2,2,0,1,0,1902,50,1,0
598,61,0,2,6,2,0,1,0,0,40,0,0
599,53,6,2,4,2,0,1,0,0,40,1,4
600,30,6,2,0,2,0,1,7298,0,40,1,0
601,52,1,2,4,2,0,1,0,0,55,1,4
602,38,1,0,3,0,0,1,0,0,40,0,0
603,32,6,2,4,2,0,1,0,0,40,0,0
604,30,10,2,8,2,0,1,0,0,75,0,4
605,41,4,0,3,0,0,0,0,0,40,0,0
606,49,8,2,2,2,0,1,0,1902,40,1,5
607,45,0,2,3,2,0,1,0,0,47,1,0
608,43,0,2,5,2,0,1,0,0,35,0,4
609,61,0,2,6,2,0,1,3471,0,40,0,0
610,54,0,2,11,2,0,1,0,0,32,0,0
611,34,5,5,11,4,0,0,0,0,40,0,0
612,49,1,2,4,2,0,1,0,0,80,1,0
613,38,1,1,11,1,0,1,0,0,40,0,0
614,35,12,2,2,2,0,1,0,1977,80,1,0
615,36,10,2,8,2,0,1,0,0,40,0,0
616,30,6,2,5,2,0,1,0,0,50,0,0
617,36,5,0,10,0,0,0,0,0,60,0,0
618,22,6,1,2,1,0,0,0,0,20,0,5
619,38,0,2,3,2,0,1,0,1902,40,1,0
620,37,0,2,3,2,0,1,0,0,50,1,0
621,48,13,2,2,5,0,0,0,1902,46,1,6
622,17,3,1,0,1,0,1,0,0,15,0,0
623,19,1,1,3,1,0,1,0,0,20,0,4
624,27,6,1,4,0,1,0,0,1590,40,0,0
625,22,6,1,4,1,3,1,0,0,50,0,0
626,49,0,2,3,2,0,1,0,0,40,0,0
627,43,4,2,2,5,0,0,0,0,40,1,6
628,43,6,5,2,4,0,0,0,0,40,0,0
629,19,0,0,5,0,0,0,0,0,35,0,5
630,58,0,2,9,2,0,1,0,0,60,0,4
631,41,1,2,13,2,0,1,0,0,40,1,5
632,31,1,2,0,2,0,1,0,0,40,0,0
633,30,4,2,8,2,0,1,0,0,40,0,0
634,32,0,2,13,2,0,1,0,0,40,0,0
635,29,6,1,5,0,0,1,0,0,35,0,0
636,42,1,2,5,2,0,1,7298,0,52,1,0
637,38,0,0,3,1,0,1,0,0,28,0,0
638,41,5,2,2,2,0,1,0,0,40,1,1
639,44,6,1,4,0,0,1,0,0,50,1,4
640,31,13,4,2,0,3,1,0,0,60,0,0
641,34,0,0,3,0,0,1,0,0,40,0,0
642,21,1,1,0,1,0,1,0,0,40,0,0
643,22,6,1,2,1,3,1,0,0,20,0,4
644,62,9,2,6,2,0,1,0,0,40,0,0
645,19,0,1,7,1,0,0,0,0,40,0,2
646,29,0,2,4,5,0,0,0,1977,25,1,3
647,43,1,0,2,4,0,0,0,0,40,0,0
648,68,14,2,7,2,0,1,0,0,8,0,2
649,45,6,2,6,2,0,1,0,0,60,1,3
650,39,2,2,5,2,0,1,0,1651,40,0,3
651,41,6,2,5,2,1,1,0,0,50,0,0
652,34,5,2,2,5,0,0,0,0,25,1,4
653,34,0,0,0,4,0,0,0,0,33,0,5
654,31,6,1,2,0,0,1,0,0,47,0,0
655,29,0,1,12,1,0,1,0,0,25,0,0
656,41,6,2,3,2,0,1,3103,0,40,1,0
657,41,4,2,8,2,0,1,0,0,55,0,0
658,35,8,2,4,2,0,1,0,0,45,1,3
659,33,6,2,4,5,0,0,0,0,45,1,0
660,37,6,1,0,0,0,1,0,0,38,0,6
661,69,0,2,4,5,0,0,0,0,40,0,0
662,34,0,0,12,1,0,0,0,0,40,0,0
663,36,1,2,3,2,0,1,0,0,40,0,0
664,41,0,2,8,2,0,1,0,0,50,0,0
665,58,6,2,2,5,0,0,0,0,40,1,5
666,53,6,2,2,2,3,1,0,0,40,0,0
667,29,1,2,10,2,0,1,0,0,40,0,0
668,45,0,0,10,0,0,0,4865,0,40,0,1
669,34,1,2,5,2,0,1,0,0,38,0,6
670,36,6,2,10,2,0,1,0,0,40,0,0
671,48,1,0,11,4,1,0,0,0,35,0,0
672,20,4,1,0,1,0,0,0,0,40,0,0
673,35,0,2,8,2,0,1,0,0,50,1,0
674,63,0,3,12,0,1,1,0,0,40,0,1
675,41,1,0,11,4,0,1,0,0,45,0,4
676,28,6,2,2,2,0,1,0,0,45,0,0
677,30,1,1,6,0,1,0,0,0,40,0,0
678,34,0,0,7,0,0,0,0,0,40,0,2
679,31,0,1,11,4,0,0,0,0,40,0,0
680,37,4,1,0,1,0,0,0,0,38,0,0
681,42,1,0,7,4,0,1,0,0,40,0,2
682,31,1,2,5,2,0,1,0,0,50,1,0
683,46,8,2,5,2,0,1,0,0,45,1,4
684,35,0,2,0,2,1,1,0,0,60,1,1
685,27,0,2,3,2,0,1,0,0,53,0,0
686,41,7,2,3,2,0,1,0,0,35,0,0
687,19,1,1,11,1,0,0,0,0,20,0,0
688,20,1,1,4,0,0,1,0,0,45,0,0
689,59,0,3,4,4,0,0,0,0,40,0,1
690,40,6,1,11,0,0,1,0,0,37,0,0
691,56,1,2,4,2,0,1,0,0,60,0,4
692,33,8,2,2,2,0,1,15024,0,44,1,0
693,30,1,1,5,0,0,0,0,0,60,0,3
694,46,0,2,6,2,0,1,0,0,50,0,0
695,61,0,2,5,2,0,1,0,0,35,1,3
696,50,0,2,5,2,0,1,7298,0,40,1,3
697,25,0,1,11,1,0,1,0,0,30,0,0
698,40,1,0,0,4,0,0,0,0,39,0,0
699,51,0,2,3,2,0,1,0,0,54,0,0
700,43,0,2,13,2,0,1,0,0,40,0,6
701,34,1,2,9,2,0,1,0,0,54,0,0
702,46,0,2,5,2,0,1,0,0,45,1,0
703,28,8,2,2,5,0,0,0,0,50,1,6
704,20,0,1,12,1,0,1,0,0,28,0,0
705,44,4,2,3,2,0,1,3411,0,40,0,0
706,51,0,3,8,4,0,1,0,0,40,0,0
707,33,6,2,4,2,0,1,0,0,60,1,0
708,54,5,2,10,2,0,1,0,0,40,1,0
709,50,6,2,2,5,0,0,0,1977,40,1,0
710,33,0,0,0,0,1,0,0,0,40,0,0
711,65,6,2,0,2,0,1,10605,0,20,1,0
712,22,1,1,7,1,0,0,0,0,8,0,2
713,88,12,2,2,2,0,1,0,0,40,0,4
714,40,0,0,8,0,0,1,0,0,40,0,0
715,51,0,0,0,0,0,0,0,0,43,0,0
716,50,3,0,11,0,1,0,0,0,40,0,0
717,25,8,2,9,0,0,1,0,0,99,1,0
718,20,4,1,11,0,0,1,0,0,30,0,0
719,47,0,2,11,2,0,1,0,0,40,0,0
720,58,1,2,7,2,0,1,0,0,40,1,2
721,22,4,1,0,1,0,0,0,0,30,0,0
722,50,0,2,2,2,0,1,0,0,48,1,6
723,47,0,1,0,4,0,0,0,0,40,0,0
724,24,3,1,11,0,3,1,0,0,45,0,5
725,50,0,2,7,2,0,1,0,0,40,1,2
726,40,6,0,5,0,0,0,0,0,45,1,0
727,36,6,2,2,2,0,1,0,0,40,0,0
728,32,0,2,0,2,0,1,0,0,40,0,0
729,44,0,2,3,2,0,1,0,0,40,0,0
730,51,8,2,7,2,0,1,0,0,40,0,2
731,59,1,1,5,1,1,0,0,0,40,0,1
732,65,0,2,3,2,0,1,0,0,30,0,0
733,24,6,1,0,0,0,0,0,0,65,0,6
734,27,6,1,2,1,0,1,0,0,35,0,5
735,51,4,0,11,0,0,1,0,0,40,0,0
736,48,1,2,3,2,0,1,0,0,40,1,0
737,39,0,2,8,2,0,1,0,0,60,0,0
738,28,6,2,10,2,0,1,0,0,40,0,0
739,19,1,1,11,1,0,0,0,0,25,0,0
740,49,6,0,2,0,1,0,0,0,40,0,5
741,51,5,2,2,2,0,1,0,0,60,0,5
742,59,8,2,2,2,0,1,0,0,55,0,0
743,18,0,1,6,1,0,0,0,0,40,0,0
744,45,0,2,0,2,1,1,0,0,80,1,1
745,30,6,2,2,2,0,1,0,0,50,1,5
746,37,6,0,3,0,0,1,0,0,35,0,0
747,44,6,1,11,0,0,1,0,0,40,1,0
748,33,1,2,3,2,1,1,0,0,40,0,0
749,61,8,2,4,2,0,1,0,0,40,1,3
750,61,0,2,13,2,0,1,0,0,40,0,5
751,38,6,2,4,2,0,1,0,0,42,1,0
752,22,1,1,7,1,0,1,0,0,30,0,2
753,36,0,2,6,2,0,1,0,0,45,0,0
754,44,1,2,4,2,0,1,5178,0,60,1,3
755,37,1,5,0,1,0,1,0,0,62,0,0
756,31,1,0,3,4,0,0,0,0,20,0,0
757,54,13,2,2,2,0,1,15024,0,45,1,0
758,20,1,1,11,1,0,1,0,0,16,0,0
759,63,6,3,7,0,0,0,0,0,40,1,2
760,48,1,2,3,2,2,1,7688,0,40,1,4
761,33,0,0,7,0,3,0,0,0,41,0,2
762,31,6,0,5,0,0,1,4650,0,45,0,0
763,38,12,2,2,2,0,1,0,0,40,1,0
764,45,0,2,3,2,0,1,0,0,40,1,4
765,48,0,2,3,2,0,1,0,0,40,0,0
766,53,1,2,3,2,0,1,0,0,40,0,0
767,55,0,3,0,1,0,0,0,0,40,0,0
768,29,0,1,0,0,0,0,0,0,40,0,0
769,36,6,2,2,2,0,1,0,0,60,1,0
770,42,1,2,9,2,0,1,0,0,60,0,4
771,50,0,0,0,4,0,0,0,0,40,0,0
772,75,12,2,2,2,0,1,0,0,35,0,4
773,46,6,2,2,2,0,1,0,1902,40,1,0
774,52,0,0,0,4,0,0,0,0,40,0,1
775,27,6,1,0,0,0,0,0,0,40,0,0
776,43,0,2,3,2,0,1,0,0,45,0,0
777,31,3,5,11,0,1,0,0,0,42,0,0
778,23,1,1,4,0,0,0,0,0,30,0,0
779,34,0,1,4,0,0,0,0,0,24,0,0
780,41,0,2,4,3,0,0,0,0,40,0,4
781,31,0,1,11,1,0,0,0,0,30,0,0
782,42,1,1,0,1,0,0,0,0,40,0,0
783,35,8,1,2,0,0,1,0,0,45,1,0
784,55,0,5,0,0,0,0,0,0,25,0,0
785,36,0,3,5,0,0,0,0,0,40,0,6
786,65,0,2,5,2,0,1,0,0,59,1,4
787,38,1,1,11,0,0,1,0,0,12,0,5
788,62,1,3,11,0,0,0,0,0,20,0,0
789,54,12,2,2,2,0,1,99999,0,60,1,3
790,49,0,0,0,0,0,1,0,0,40,0,0
791,34,0,2,0,5,0,0,0,0,40,0,0
792,32,0,1,12,1,0,0,0,0,40,0,0
793,51,8,2,5,2,0,1,15024,0,50,1,3
794,48,1,2,5,2,0,1,0,0,60,0,4
795,52,0,0,0,0,0,0,0,0,43,0,1
796,28,1,1,8,0,0,1,0,1762,40,0,4
797,29,0,2,3,2,3,1,0,0,40,0,0
798,38,6,1,0,0,0,0,0,0,50,0,0
799,57,0,2,4,2,0,1,0,0,50,1,0
800,43,6,2,2,2,0,1,0,0,40,1,1
801,37,1,5,0,0,0,1,0,0,40,0,6
802,30,0,2,3,2,0,1,0,0,40,0,0
803,53,0,2,8,2,0,1,0,0,48,1,0
804,69,4,3,7,0,0,0,0,0,1,0,2
805,73,0,3,11,0,0,0,0,0,37,0,0
806,22,1,1,3,1,0,1,0,0,35,0,3
807,31,0,1,4,0,0,0,0,0,45,0,0
808,38,6,2,2,2,0,1,0,1887,40,1,0
809,50,1,2,3,2,0,1,0,0,35,0,4
810,37,1,2,0,2,0,1,0,0,37,0,0
811,44,6,0,13,0,0,1,0,0,40,0,5
812,47,6,1,5,4,1,0,0,0,45,0,0
813,27,1,2,11,2,0,1,0,0,40,0,0
814,28,5,1,11,0,0,0,0,0,80,0,0
815,25,0,1,10,0,1,0,0,0,40,0,0
816,20,1,1,11,4,0,0,0,0,40,0,0
817,51,6,2,0,2,0,1,0,0,40,1,5
818,46,6,2,4,2,0,1,0,1977,40,1,0
819,67,6,2,13,2,0,1,6514,0,7,1,0
820,47,0,2,8,2,0,1,0,0,35,0,0
821,42,0,2,4,2,0,1,0,0,40,0,0
822,52,0,1,4,0,0,1,0,1876,50,0,0
823,42,5,0,2,4,3,0,0,0,40,1,1
824,65,0,2,7,2,0,1,0,0,40,1,2
825,21,1,1,9,1,1,1,0,0,10,0,0
826,50,0,2,0,5,0,0,5178,0,40,1,0
827,46,1,2,8,2,0,1,0,0,40,0,0
828,47,6,2,4,2,0,1,15024,0,50,1,4
829,57,9,2,11,2,0,1,0,0,40,0,0
830,37,6,1,5,0,0,1,0,0,45,0,0
831,50,0,2,3,2,0,1,0,0,40,0,0
832,58,10,2,7,2,0,1,0,0,40,0,2
833,63,7,3,11,4,0,0,0,0,30,0,4
834,39,0,2,8,2,0,1,0,0,65,0,0
835,46,8,2,2,2,1,1,0,0,35,0,0
836,36,0,2,12,2,0,1,0,0,40,0,0
837,26,11,2,3,2,0,1,0,1628,50,0,0
838,21,1,1,11,0,0,1,0,0,57,0,0
839,41,5,2,10,2,0,1,0,0,40,0,0
840,44,1,1,11,1,1,1,0,0,40,0,5
841,22,0,2,3,2,0,1,0,0,40,0,0
842,29,1,1,1,0,1,1,0,0,60,0,1
843,29,0,1,11,4,1,0,0,0,40,0,0
844,58,1,2,8,5,0,0,0,0,40,1,3
845,36,12,2,2,2,0,1,0,0,50,0,4
846,30,4,2,5,2,0,1,0,0,48,0,0
847,37,6,2,6,2,0,1,0,0,43,1,0
848,29,4,1,6,0,0,1,0,0,40,0,0
849,26,11,1,0,1,0,0,0,0,40,0,0
850,43,0,2,4,2,0,1,0,0,45,0,0
851,49,0,2,3,5,0,0,0,0,40,1,0
852,45,6,2,5,2,0,1,0,0,40,0,1
853,28,6,1,2,0,0,0,0,0,40,0,0
854,20,1,1,7,0,0,0,0,0,25,0,2
855,51,0,0,0,4,0,0,0,0,40,0,0
856,32,1,2,12,2,0,1,0,0,50,1,0
857,24,0,1,6,1,0,0,0,0,40,0,0
858,35,13,2,2,2,0,1,7298,0,40,1,0
859,35,5,1,7,0,0,1,0,0,55,0,2
860,41,6,2,2,2,0,1,0,0,40,1,6
861,48,6,2,3,2,0,1,0,0,45,1,0
862,61,0,3,0,4,0,0,1471,0,35,0,5
863,20,1,1,0,1,0,1,0,0,30,0,0
864,27,0,1,4,0,0,1,0,0,50,1,0
865,55,1,2,8,2,0,1,0,0,24,1,0
866,39,0,2,0,2,0,1,0,0,40,1,0
867,17,9,1,7,1,0,1,0,0,20,0,2
868,52,0,3,11,4,3,0,0,0,40,1,0
869,24,0,1,4,1,1,0,0,0,20,0,0
870,29,3,1,11,4,1,0,0,0,40,0,0
871,25,0,1,6,3,0,1,0,0,40,0,0
872,20,1,1,6,0,0,0,0,0,40,0,0
873,23,0,1,6,0,1,1,0,0,35,0,0
874,57,12,2,2,2,0,1,0,0,60,0,0
875,51,4,2,2,2,0,1,0,0,40,1,0
876,33,1,1,2,0,0,0,3674,0,16,0,0
877,39,6,1,2,0,0,1,0,0,40,0,0
878,40,0,2,5,2,0,1,0,0,40,1,0
879,71,6,0,10,1,0,0,2329,0,16,0,0
880,38,1,2,5,2,0,1,0,0,40,0,6
881,28,12,1,2,4,0,1,0,0,40,0,6
882,57,8,4,2,0,0,0,0,0,40,0,0
883,47,1,0,0,0,0,1,0,0,40,0,0
884,59,0,1,0,1,0,1,0,0,40,0,6
885,26,0,1,4,0,4,1,0,0,40,0,0
886,35,6,1,0,1,0,0,0,0,40,0,0
887,61,6,2,5,2,0,1,0,0,50,1,3
888,17,3,1,7,1,0,0,0,0,30,0,2
889,62,14,2,7,2,0,1,3411,0,50,0,2
890,34,1,1,2,0,0,1,0,0,50,1,0
891,32,6,2,3,2,0,1,7688,0,50,1,3
892,42,0,5,4,1,0,0,0,0,40,0,0
893,39,1,2,3,2,0,1,0,0,40,0,0
894,58,11,0,6,0,1,1,0,0,40,0,0
895,61,0,2,9,2,0,1,0,1848,60,1,4
896,40,9,1,3,3,1,1,0,0,55,0,0
897,31,6,1,10,0,0,1,0,0,37,0,0
898,36,0,1,4,0,0,1,0,0,50,0,0
899,23,1,1,6,1,0,1,0,0,40,0,0
900,33,0,1,3,0,0,1,0,0,41,0,0
901,52,0,2,3,2,0,1,0,0,40,1,0
902,22,0,1,11,0,0,0,0,0,24,0,0
903,51,1,0,4,4,0,0,0,0,40,0,0
904,31,4,1,5,0,0,0,0,0,40,0,1
905,49,0,0,5,4,0,0,0,0,40,0,3
906,49,0,2,6,5,1,0,0,0,40,0,0
907,53,1,3,0,0,1,0,0,0,40,0,1
908,52,0,2,5,2,3,1,99999,0,40,1,0
909,20,9,1,12,1,0,1,0,0,40,0,0
910,26,5,1,11,1,1,1,0,0,40,0,0
911,61,0,2,7,2,0,1,0,0,6,0,2
912,43,8,1,11,0,0,0,0,0,30,0,0
913,46,6,2,4,2,0,1,0,0,52,0,3
914,43,4,1,0,0,0,0,0,0,35,0,5
915,41,0,0,4,4,1,0,0,0,40,0,0
916,44,0,2,8,2,0,1,0,0,55,0,4
917,54,0,2,9,2,0,1,0,0,40,0,0
918,65,8,2,4,2,0,1,20051,0,40,1,0
919,32,6,0,5,4,0,0,0,0,40,0,0
920,25,1,5,0,1,0,1,0,0,40,0,0
921,23,6,1,4,0,0,1,0,0,50,0,0
922,25,6,1,2,0,0,1,0,0,45,0,5
923,19,1,1,12,1,0,1,0,0,50,0,0
924,37,0,2,5,2,0,1,0,0,60,0,4
925,45,1,1,6,1,0,1,0,0,45,0,0
926,37,0,1,4,0,1,1,0,0,44,0,0
927,40,1,0,5,3,0,1,0,1564,70,1,4
928,19,1,1,7,1,0,1,0,0,40,0,2
929,17,3,1,11,1,0,1,0,0,5,0,0
930,27,6,1,10,0,0,0,0,0,40,0,0
931,59,0,0,4,4,0,0,0,1762,30,0,0
932,19,0,1,0,4,1,0,0,0,40,0,1
933,43,9,1,6,0,1,1,0,0,40,0,0
934,42,9,1,8,4,0,1,0,0,40,1,0
935,54,0,2,8,2,1,1,5013,0,40,0,0
936,54,8,2,4,2,0,1,0,0,50,0,4
937,51,9,2,12,2,0,1,2105,0,45,0,0
938,50,0,2,8,2,0,1,0,0,60,1,0
939,40,0,1,0,0,0,0,0,0,40,0,0
940,55,5,2,10,2,0,1,0,0,25,0,0
941,50,0,0,0,0,0,0,0,0,40,0,0
942,31,0,2,3,2,0,1,0,0,50,0,0
943,42,0,0,7,4,1,0,0,0,32,0,2
944,24,0,2,11,2,0,1,0,0,45,1,0
945,30,3,0,4,1,0,1,0,0,40,0,0
946,39,5,2,3,5,0,0,0,0,50,1,5
947,37,0,0,8,0,0,1,0,0,50,0,0
948,33,0,2,8,2,0,1,0,0,40,0,0
949,48,0,3,11,4,0,0,0,0,40,0,0
950,43,0,2,11,2,3,1,0,0,78,0,3
951,39,6,2,2,2,0,1,0,0,40,1,0
952,53,1,2,5,2,0,1,0,0,45,1,0
953,52,9,2,5,2,0,1,0,0,60,0,4
954,28,1,2,0,2,3,1,0,0,20,0,6
955,32,0,1,11,0,0,1,0,0,52,0,0
956,31,6,2,4,2,1,1,0,0,90,1,0
957,31,6,2,2,5,0,0,0,0,40,1,0
958,47,1,1,0,0,0,0,0,0,40,0,0
959,19,1,1,7,1,0,1,0,0,50,0,2
960,40,4,2,12,2,1,1,0,0,40,0,0
961,40,5,1,0,1,0,0,0,0,45,0,0
962,41,3,0,11,0,0,1,0,0,40,0,0
963,53,0,2,0,2,1,1,0,0,40,0,1
964,46,3,0,6,4,2,1,0,0,43,0,0
965,45,6,2,9,2,0,1,4386,0,35,1,3
966,39,2,2,11,5,1,0,3411,0,34,0,0
967,19,0,1,6,0,0,1,0,0,40,0,0
968,57,0,2,8,2,0,1,0,1887,40,1,0
969,49,4,2,6,5,0,0,0,0,40,0,0
970,59,0,0,5,0,0,0,0,0,40,0,0
971,32,4,0,4,0,0,1,0,0,50,1,0
972,18,1,1,7,1,0,0,594,0,15,0,2
973,35,1,1,13,0,1,1,0,0,40,0,6
974,58,9,2,8,5,0,0,0,0,40,0,3
975,28,6,1,11,0,0,1,0,0,43,0,0
976,36,5,2,0,5,0,0,0,0,40,1,1
977,41,8,0,2,4,0,0,0,0,35,0,4
978,47,0,2,4,2,0,1,0,0,40,1,0
979,50,0,2,3,2,0,1,0,1672,60,0,3
980,61,0,2,7,2,0,1,0,0,16,0,2
981,36,0,2,5,2,0,1,0,0,50,1,0
982,38,4,0,3,0,0,1,0,0,40,0,0
983,56,0,2,11,2,0,1,0,1902,60,1,4
984,50,4,2,8,2,0,1,0,0,45,0,0
985,45,1,2,4,2,0,1,5013,0,40,0,4
986,44,0,2,5,2,0,1,0,0,66,0,4
987,51,1,2,5,2,0,1,0,0,45,1,0
988,44,1,2,5,2,0,1,0,0,50,1,3
989,25,0,0,3,0,0,1,0,0,50,0,0
990,60,3,3,8,4,1,1,0,0,40,0,0
991,17,9,1,7,1,0,1,1055,0,30,0,2
992,49,8,2,5,2,0,1,0,0,50,1,3
993,46,0,2,3,2,1,1,0,0,60,1,0
994,56,0,3,0,4,1,0,0,0,38,0,0
995,25,0,0,3,0,0,1,3325,0,45,0,0
996,22,1,1,8,0,0,1,0,0,40,0,0
997,76,0,3,7,0,1,0,0,0,2,0,2
998,41,12,2,2,2,0,1,0,0,60,1,3
999,48,0,2,5,2,0,1,7688,0,40,1,3
1000,46,9,1,6,0,1,1,0,0,40,0,0
1001,30,1,1,3,0,0,1,0,0,40,1,0
1002,39,0,2,8,2,0,1,0,0,40,1,0
1003,40,9,0,3,0,2,1,0,0,40,0,0
1004,70,0,2,0,2,1,1,0,0,40,0,1
1005,35,1,2,3,2,0,1,0,2051,45,0,0
1006,49,8,0,5,0,0,0,0,0,75,0,0
1007,24,4,1,13,0,0,1,0,0,60,0,0
1008,40,5,2,2,2,0,1,7298,0,36,1,0
1009,61,12,2,8,2,0,1,0,0,5,1,0
1010,25,6,1,2,1,3,1,0,0,40,0,0
1011,28,6,1,2,0,0,0,0,0,40,0,5
1012,69,8,2,2,2,0,1,0,0,11,0,6
1013,22,1,1,12,1,0,0,0,0,36,0,0
1014,47,0,2,0,2,0,1,0,0,38,0,0
1015,38,0,0,11,4,0,0,0,0,48,0,0
1016,26,4,1,0,1,0,0,0,0,40,0,0
1017,17,3,1,0,1,3,0,0,0,24,0,0
1018,33,1,1,11,0,0,1,0,0,35,0,4
1019,43,0,4,3,0,0,1,0,0,40,0,4
1020,58,4,2,3,2,0,1,0,0,40,1,0
1021,53,0,2,4,2,0,1,99999,0,40,1,3
1022,26,0,1,3,0,0,1,0,0,25,0,0
1023,43,6,2,2,2,1,1,0,0,40,1,5
1024,31,9,2,9,2,0,1,2105,0,40,0,0
1025,30,0,1,0,4,0,1,0,2001,42,0,0
1026,25,0,1,11,1,0,0,0,0,25,0,0
1027,57,0,0,0,4,0,0,0,0,40,0,1
1028,37,8,0,5,4,0,1,0,0,60,1,0
1029,32,1,2,4,2,0,1,0,0,48,0,0
1030,26,0,0,5,0,0,0,0,0,41,0,0
1031,45,0,2,0,2,0,1,0,0,40,1,0
1032,53,0,2,0,2,0,1,15024,0,35,1,6
1033,27,0,1,12,3,2,1,0,0,40,0,0
1034,28,3,2,3,2,0,1,0,0,50,1,3
1035,32,3,0,4,0,0,1,0,0,43,1,0
1036,35,6,0,4,0,0,0,0,1980,65,0,0
1037,36,1,2,5,2,0,1,0,0,55,1,4
1038,19,1,1,0,0,0,1,0,0,40,0,0
1039,37,6,2,5,2,0,1,0,0,80,1,3
1040,49,1,0,6,0,0,1,3325,0,45,0,0
1041,20,1,1,11,0,0,1,0,0,45,0,0
1042,64,6,2,5,2,0,1,15024,0,55,1,3
1043,60,8,2,7,2,0,1,0,0,40,0,2
1044,32,5,2,3,2,0,1,0,0,42,0,0
1045,58,0,2,5,2,0,1,0,0,40,0,6
1046,42,0,2,4,2,0,1,0,0,50,0,0
1047,20,1,1,0,0,1,0,0,0,14,0,0
1048,42,1,2,0,2,1,1,0,0,40,0,6
1049,25,1,4,2,4,1,1,0,0,40,0,0
1050,30,4,2,2,2,0,1,15024,0,65,1,4
1051,37,6,2,2,2,0,1,0,0,35,1,3
1052,66,4,2,2,2,0,1,0,0,50,0,4
1053,59,6,2,5,2,0,1,0,0,40,1,3
1054,44,6,0,11,0,3,1,0,0,40,0,0
1055,46,0,2,0,2,0,1,0,0,58,1,0
1056,59,6,2,0,5,0,0,2885,0,30,0,0
1057,25,6,1,5,1,0,1,0,1340,40,0,0
1058,17,2,1,11,1,1,1,0,0,9,0,5
1059,47,6,2,13,2,0,1,0,0,40,0,5
1060,47,2,0,11,0,0,0,0,0,40,0,6
1061,30,1,0,5,4,0,0,0,0,40,0,0
1062,20,1,1,9,1,0,0,0,0,40,0,0
1063,26,6,1,2,0,0,1,0,2339,55,0,5
1064,20,1,1,12,0,1,1,0,0,15,0,0
1065,33,0,0,11,4,0,1,0,0,40,0,0
1066,48,0,2,6,2,0,1,0,0,40,0,0
1067,52,6,2,5,2,0,1,99999,0,50,1,0
1068,37,0,0,5,4,0,0,0,0,12,0,0
1069,47,0,2,3,2,1,1,0,0,40,0,0
1070,40,9,2,6,2,0,1,0,0,40,1,0
1071,48,8,0,5,4,0,0,0,0,40,1,0
1072,49,9,2,8,2,1,1,0,0,42,1,0
1073,50,1,0,11,0,0,0,0,0,40,0,0
1074,30,5,1,2,0,0,0,0,0,40,0,0
1075,34,1,2,5,2,0,1,0,0,40,0,0
1076,43,0,2,6,2,0,1,0,0,40,0,0
1077,22,9,2,6,5,0,0,0,0,40,0,0
1078,35,0,5,11,0,1,1,0,0,40,0,0
1079,26,0,0,0,1,0,0,0,0,30,0,6
1080,62,12,2,2,2,0,1,0,1628,70,0,0
1081,39,0,5,13,0,0,1,0,0,40,0,5
1082,59,1,2,3,2,0,1,0,0,40,0,5
1083,69,11,0,7,0,0,1,0,0,40,0,2
1084,27,6,2,3,2,0,1,0,0,40,0,0
1085,17,9,1,4,1,0,1,0,0,30,0,0
1086,38,6,2,0,2,0,1,0,0,40,0,0
1087,41,1,2,3,2,0,1,0,1887,50,1,0
1088,27,9,1,6,4,0,0,0,0,40,0,0
1089,23,0,1,0,1,0,0,0,0,40,0,0
1090,17,9,1,12,1,0,1,0,0,24,0,0
1091,56,14,0,6,0,0,0,0,0,40,0,0
1092,24,1,1,0,0,0,0,0,0,40,0,0
1093,44,10,0,8,4,1,1,0,0,40,0,0
1094,23,6,1,0,0,0,1,0,0,30,0,0
1095,25,0,1,8,0,0,1,0,0,65,0,0
1096,21,1,1,11,3,1,0,0,0,8,0,0
1097,18,10,1,12,1,0,1,0,0,6,0,0
1098,45,1,2,3,2,0,1,0,0,40,0,0
1099,75,6,3,7,0,0,0,25124,0,16,1,2
1100,51,14,2,13,2,0,1,0,0,40,0,0
1101,42,0,5,11,3,1,0,0,0,40,0,1
1102,47,1,1,11,0,1,0,0,0,35,0,0
1103,29,1,2,9,2,0,1,0,0,40,0,0
1104,33,3,1,11,0,1,1,0,0,40,0,0
1105,43,6,2,3,2,0,1,0,0,40,0,5
1106,20,1,1,7,1,0,1,0,0,16,0,2
1107,19,6,1,7,1,1,0,0,0,40,0,2
1108,44,5,2,3,2,0,1,0,1848,40,1,0
1109,24,1,1,11,1,0,1,0,0,30,0,0
1110,19,1,1,12,1,0,1,0,0,40,0,0
1111,49,9,5,7,1,0,1,2176,0,40,0,2
1112,52,4,2,0,2,0,1,0,0,40,0,0
1113,38,0,1,9,0,0,1,0,0,52,0,4
1114,24,1,1,10,0,0,1,0,0,50,0,6
1115,32,6,1,2,0,0,1,0,0,50,0,5
1116,72,0,3,7,0,0,0,0,0,8,0,2
1117,26,0,2,4,2,0,1,0,0,50,1,0
1118,29,6,2,4,2,0,1,0,0,50,0,0
1119,39,0,0,0,0,0,1,10520,0,40,1,0
1120,48,0,2,9,2,0,1,0,0,50,0,4
1121,40,1,2,3,2,0,1,0,0,45,1,0
1122,51,1,0,5,4,0,1,0,0,45,0,0
1123,28,0,0,3,1,0,1,0,0,40,0,4
1124,22,0,1,5,1,0,0,0,0,20,0,0
1125,23,6,1,0,0,0,0,0,0,40,0,0
1126,65,1,2,13,2,0,1,0,0,16,0,0
1127,26,6,2,2,2,0,1,0,0,40,0,5
1128,20,1,1,7,1,0,1,1055,0,50,0,2
1129,38,6,2,11,2,0,1,0,0,10,0,4
1130,33,0,1,2,0,0,1,0,0,60,1,0
1131,33,0,2,0,5,0,0,0,0,60,0,5
1132,37,6,1,4,0,1,0,0,0,40,0,0
1133,19,3,1,6,1,0,1,0,0,60,0,0
1134,24,6,1,4,0,0,1,0,0,50,0,0
1135,30,3,2,3,2,0,1,0,0,45,0,0
1136,57,0,0,5,0,0,0,0,0,50,0,6
1137,22,1,1,2,1,0,0,0,0,20,0,6
1138,57,0,2,6,2,1,1,0,0,40,1,0
1139,46,0,2,10,2,0,1,0,0,40,0,6
1140,67,0,2,0,2,0,1,0,0,35,0,0
1141,35,0,1,7,4,1,0,0,0,40,0,2
1142,47,0,5,3,1,0,1,0,0,40,0,0
1143,39,9,2,3,2,0,1,0,0,40,0,0
1144,50,1,0,11,4,3,1,0,0,40,0,0
1145,58,10,0,4,0,0,0,0,0,52,0,4
1146,36,5,2,2,5,0,0,0,0,30,1,0
1147,45,8,2,2,2,0,1,0,0,36,1,0
1148,54,0,2,6,2,0,1,0,0,40,1,0
1149,26,6,1,0,1,0,1,0,0,30,0,0
1150,60,0,2,2,2,0,1,0,0,40,1,0
1151,46,12,2,2,2,0,1,99999,0,60,1,0
1152,26,1,2,5,5,0,0,0,0,35,0,0
1153,32,3,1,3,3,0,1,0,0,40,0,0
1154,38,0,2,8,2,0,1,0,0,40,0,5
1155,48,1,2,4,2,0,1,0,0,70,1,4
1156,44,0,2,5,2,0,1,0,1977,45,1,4
1157,37,0,1,11,1,3,0,0,0,40,0,0
1158,44,1,2,5,2,0,1,0,0,40,0,0
1159,31,0,1,11,0,4,0,0,0,35,0,0
1160,61,12,2,2,2,0,1,0,0,35,1,4
1161,51,0,2,3,2,0,1,0,0,40,0,0
1162,52,6,2,4,5,0,0,15024,0,60,1,0
1163,45,0,2,6,5,0,0,0,1740,40,0,0
1164,36,5,2,7,5,1,0,0,0,21,0,2
1165,39,3,2,11,2,0,1,2407,0,70,0,0
1166,67,0,0,11,0,0,0,0,0,24,0,5
1167,40,5,2,0,2,0,1,0,0,40,1,6
1168,27,11,1,9,0,0,1,0,0,35,0,0
1169,37,7,2,6,2,0,1,0,0,40,0,0
1170,57,1,2,5,2,0,1,0,0,50,1,0
1171,27,9,0,11,0,0,0,0,0,40,0,0
1172,28,0,1,4,0,0,0,2202,0,48,0,0
1173,34,6,2,2,2,0,1,0,0,60,1,3
1174,54,0,2,6,2,0,1,5178,0,50,1,0
1175,52,0,0,11,3,1,0,0,0,38,0,0
1176,42,6,2,2,2,0,1,0,0,45,1,0
1177,48,8,2,2,2,0,1,15024,0,40,1,0
1178,65,8,2,2,2,0,1,6514,0,35,1,6
1179,55,12,2,2,5,0,0,0,0,10,0,4
1180,71,0,2,0,5,0,0,0,0,20,1,3
1181,33,1,2,6,2,1,1,0,0,40,0,0
1182,30,0,2,4,2,0,1,0,0,40,0,0
1183,35,6,2,5,2,0,1,0,0,55,1,0
1184,59,9,0,0,0,1,0,0,0,40,0,0
1185,19,1,1,12,1,0,1,0,0,20,0,0
1186,36,2,2,3,2,0,1,0,0,30,0,4
1187,26,0,1,4,1,0,1,0,0,40,0,4
1188,34,0,2,13,2,0,1,0,0,40,0,5
1189,41,0,2,3,2,1,1,0,0,40,1,0
1190,44,6,2,2,2,0,1,15024,0,50,1,0
1191,26,0,5,7,4,0,0,0,0,40,0,2
1192,47,0,2,3,2,0,1,0,0,48,0,0
1193,18,1,1,4,1,0,1,0,0,16,0,0
1194,55,9,2,3,2,0,1,0,0,18,0,4
1195,49,0,2,3,2,0,1,0,2002,40,0,5
1196,44,6,2,5,2,0,1,0,0,40,1,0
1197,43,6,1,2,0,0,1,0,0,40,0,0
1198,62,14,2,13,2,0,1,0,0,40,0,0
1199,44,0,2,12,2,1,1,0,0,40,0,0
1200,39,0,0,7,4,0,0,0,0,40,0,2
1201,50,1,2,4,2,0,1,0,0,60,1,3
1202,35,3,1,4,0,0,1,0,0,45,0,0
1203,52,0,2,0,2,0,1,0,0,40,0,0
1204,46,12,2,2,2,0,1,0,0,60,1,0
1205,44,5,2,4,2,0,1,7688,0,40,1,0
1206,43,1,1,5,4,0,1,0,0,50,0,0
1207,51,14,2,3,2,0,1,2961,0,40,0,0
1208,20,1,1,4,1,0,1,0,0,20,0,0
1209,47,5,2,0,5,0,0,0,0,40,1,0
1210,43,8,0,5,4,0,1,0,0,50,0,0
1211,24,1,1,3,0,0,1,0,0,40,0,0
1212,27,1,2,3,2,0,1,0,0,50,0,1
1213,32,0,2,8,2,0,1,0,0,40,0,0
1214,37,0,0,11,4,0,0,0,0,12,0,0
1215,26,0,2,6,2,0,1,0,0,60,0,0
1216,43,6,2,5,2,0,1,99999,0,60,1,0
1217,50,0,2,6,5,0,0,0,0,40,0,0
1218,20,0,1,8,1,0,1,0,0,80,0,4
1219,37,0,2,5,2,0,1,0,1902,45,1,0
1220,43,0,1,11,0,1,0,0,0,45,0,0
1221,37,0,2,5,2,0,1,0,1887,50,1,0
1222,53,2,0,11,0,0,0,0,0,36,0,0
1223,44,13,2,2,2,0,1,0,0,40,1,0
1224,25,0,1,11,0,0,0,0,0,40,0,0
1225,17,3,1,0,1,0,0,1055,0,20,0,0
1226,19,0,1,4,1,0,1,0,0,50,0,0
1227,53,0,2,5,5,0,0,15024,0,40,1,6
1228,44,1,2,4,2,0,1,0,0,50,0,0
1229,51,0,2,6,2,1,1,0,1902,40,1,0
1230,49,0,2,5,5,0,0,0,0,43,0,0
1231,35,1,2,12,2,0,1,0,0,40,0,0
1232,44,0,0,3,0,0,1,0,0,45,0,0
1233,54,8,2,2,2,0,1,0,0,60,0,0
1234,37,1,0,0,4,1,0,0,0,35,0,0
1235,18,1,1,11,1,0,0,0,0,15,0,0
1236,24,1,2,12,2,0,1,0,0,40,0,0
1237,29,0,0,3,0,0,0,0,0,50,0,0
1238,22,1,0,7,0,0,0,0,0,35,0,2
1239,35,0,1,6,0,0,1,0,0,40,0,0
1240,56,0,2,3,2,0,1,0,0,48,1,0
1241,32,14,3,7,0,0,0,0,0,40,0,2
1242,24,6,1,6,0,3,1,0,0,45,0,0
1243,43,8,2,5,2,0,1,0,1902,40,1,0
1244,73,0,3,4,3,0,0,0,0,15,0,0
1245,49,10,2,6,2,0,1,0,0,39,0,0
1246,38,6,2,4,2,0,1,0,0,40,1,0
1247,31,0,2,6,2,1,1,0,0,40,0,0
1248,39,1,0,0,4,2,0,0,0,40,0,0
1249,42,6,0,0,0,0,0,0,0,40,0,0
1250,41,8,2,2,2,3,1,0,0,45,1,0
1251,35,6,2,4,2,0,1,0,0,45,1,0
1252,38,0,2,8,2,0,1,0,0,45,0,0
1253,31,0,0,0,0,0,0,0,0,40,0,0
1254,51,0,2,13,2,0,1,0,0,70,0,5
1255,38,6,0,4,0,0,1,0,0,48,1,0
1256,40,1,2,5,2,0,1,0,0,42,1,5
1257,21,0,1,11,0,0,0,0,0,30,0,0
1258,44,1,0,3,0,0,1,0,0,40,0,0
1259,55,0,2,3,2,0,1,0,0,40,1,0
1260,29,0,0,4,0,0,1,0,0,45,0,0
1261,49,8,2,2,5,0,0,0,0,50,1,0
1262,31,4,2,11,2,0,1,0,0,42,0,0
1263,24,8,1,5,1,0,1,6849,0,90,0,0
1264,46,1,1,5,0,1,1,0,0,40,0,0
1265,26,0,1,4,0,1,1,0,0,40,0,0
1266,35,6,1,11,0,0,1,0,0,38,0,0
1267,27,4,1,4,0,0,1,0,0,50,0,0
1268,64,6,2,5,2,0,1,15024,0,35,1,4
1269,26,6,1,3,3,0,1,0,0,40,0,0
1270,21,0,1,11,0,0,0,0,1719,16,0,0
1271,57,0,2,8,2,0,1,0,0,72,0,5
1272,30,6,2,0,2,0,1,0,0,40,1,0
1273,45,3,2,11,5,0,0,0,0,32,0,0
1274,50,14,0,3,0,0,0,0,0,30,0,0
1275,38,6,1,0,1,0,0,0,0,40,0,0
1276,43,1,2,3,2,0,1,0,0,60,0,4
1277,42,1,3,5,0,0,0,0,0,55,0,0
1278,32,6,1,2,1,0,1,0,0,40,0,0
1279,20,0,1,0,0,0,0,0,0,40,0,0
1280,27,0,1,11,0,0,0,0,0,35,0,0
1281,45,3,3,0,4,0,0,0,0,40,0,0
1282,40,0,1,6,0,0,0,0,0,40,0,0
1283,38,0,0,8,0,0,1,0,0,60,0,0
1284,37,0,0,0,4,0,0,0,0,40,0,0
1285,60,9,0,6,0,0,0,0,0,40,0,0
1286,53,0,2,5,2,1,1,0,0,45,1,4
1287,25,6,2,5,1,0,0,0,0,40,0,0
1288,47,6,0,5,0,3,1,0,0,60,0,4
1289,40,0,1,9,0,0,1,0,0,70,0,4
1290,51,0,2,7,2,0,1,0,0,40,0,2
1291,19,1,1,11,1,0,0,0,0,10,0,0
1292,42,1,2,2,5,0,0,0,0,50,1,0
1293,65,0,2,7,2,0,1,0,0,40,0,2
1294,41,6,0,0,4,0,0,0,0,40,0,0
1295,28,9,1,6,1,1,1,0,0,45,0,0
1296,46,8,0,5,0,0,0,27828,0,50,1,0
1297,49,6,2,2,5,0,0,99999,0,20,1,0
1298,24,0,1,12,3,1,1,0,0,40,0,0
1299,32,3,2,6,2,0,1,0,0,40,0,0
1300,71,0,2,13,2,0,1,6767,0,20,0,0
1301,26,1,2,10,2,0,1,3103,0,40,1,0
1302,29,0,4,13,0,0,1,0,0,40,0,0
1303,50,1,2,5,2,0,1,99999,0,50,1,0
1304,51,4,2,3,2,0,1,3103,0,50,1,0
1305,17,9,1,7,1,0,0,0,0,20,0,2
1306,49,0,2,11,5,1,0,0,0,40,1,0
1307,31,9,2,6,2,0,1,0,0,40,0,0
1308,23,3,2,6,2,0,1,0,0,40,0,0
1309,59,0,3,9,4,0,1,0,2339,40,0,5
1310,17,9,1,7,1,0,1,0,0,30,0,2
1311,43,1,2,4,2,0,1,7688,0,40,1,0
1312,38,6,2,4,2,0,1,7298,0,40,1,0
1313,37,0,2,5,2,0,1,0,0,40,0,0
1314,29,9,1,11,1,0,1,0,0,40,0,0
1315,39,6,2,5,2,0,1,0,0,50,1,0
1316,31,5,1,0,0,0,1,2202,0,38,0,0
1317,42,6,4,2,0,0,0,8614,0,45,1,5
1318,35,8,2,2,5,0,0,0,0,35,1,5
1319,39,8,2,5,2,3,1,15024,0,40,1,0
1320,40,5,0,0,4,0,0,0,0,40,0,0
1321,66,11,4,12,4,0,0,0,0,40,0,0
1322,30,2,2,10,2,0,1,0,0,40,0,1
1323,43,5,0,3,0,0,1,0,0,40,0,0
1324,47,2,1,11,4,0,0,0,0,50,0,0
1325,45,8,1,0,0,3,0,0,0,40,0,0
1326,31,1,2,6,2,1,1,0,0,40,0,0
1327,33,0,2,4,2,0,1,3103,0,40,1,0
1328,32,6,1,0,0,0,1,0,0,40,0,0
1329,28,5,2,12,2,1,1,0,0,40,0,0
1330,50,0,2,0,2,0,1,0,0,40,1,1
1331,63,14,0,4,0,0,0,0,0,40,0,0
1332,28,6,2,0,2,0,1,0,0,40,0,0
1333,38,1,3,0,4,1,0,0,0,40,0,0
1334,52,0,0,11,0,0,0,0,0,38,0,0
1335,38,12,2,2,2,3,1,0,0,40,1,3
1336,41,0,1,5,0,0,1,2174,0,40,0,0
1337,50,8,1,2,0,0,1,0,0,38,0,6
1338,59,3,2,6,2,0,1,0,0,40,0,0
1339,32,0,2,4,2,0,1,0,0,49,0,0
1340,73,14,2,13,2,0,1,2228,0,10,0,5
1341,52,0,0,5,4,0,1,0,0,38,0,3
1342,57,0,2,5,2,0,1,0,0,60,0,0
1343,35,4,2,5,2,0,1,7298,0,50,1,0
1344,51,6,2,8,2,0,1,0,0,56,1,0
1345,22,3,3,4,1,1,0,0,0,35,0,0
1346,49,0,2,4,2,0,1,0,0,40,1,0
1347,22,0,1,12,1,1,1,0,0,40,0,0
1348,46,0,2,3,2,0,1,0,1902,40,0,5
1349,48,0,0,3,4,0,0,0,0,40,0,0
1350,43,6,2,0,2,0,1,0,0,50,1,6
1351,25,14,2,12,2,0,1,0,0,40,0,0
1352,31,14,1,3,0,0,1,0,0,40,0,0
1353,19,1,1,4,1,0,1,0,0,36,0,0
1354,19,1,1,7,1,0,1,0,0,45,0,2
1355,51,0,2,8,2,0,1,0,0,84,1,0
1356,51,6,0,5,4,0,1,0,0,40,1,0
1357,22,0,1,2,4,0,0,99999,0,40,1,4
1358,37,0,0,0,4,1,0,0,0,35,0,5
1359,19,1,1,4,1,0,0,0,0,30,0,0
1360,45,0,0,8,4,0,0,0,0,55,0,0
1361,21,1,1,11,1,0,1,0,0,10,0,6
1362,52,0,3,4,0,0,0,0,0,40,0,0
1363,46,1,2,2,2,0,1,0,0,24,0,5
1364,42,8,0,2,0,0,0,0,0,38,0,6
1365,56,0,1,3,0,0,1,0,0,40,0,0
1366,23,0,1,0,0,0,0,0,0,40,0,0
1367,58,8,2,4,2,0,1,0,0,40,0,0
1368,70,0,2,9,2,0,1,0,0,30,0,0
1369,30,1,0,0,4,0,1,0,0,40,0,0
1370,45,6,2,0,2,3,1,0,0,40,0,0
1371,23,1,1,3,0,0,1,0,0,44,0,0
1372,34,1,2,8,2,0,1,0,1579,40,0,5
1373,38,6,2,3,5,0,0,0,0,40,0,0
1374,24,4,2,3,2,0,1,0,0,40,0,0
1375,53,14,1,8,0,2,1,0,0,40,0,0
1376,45,0,1,8,0,1,1,3325,0,40,0,1
1377,21,1,1,7,1,0,0,0,0,40,0,2
1378,21,1,1,11,1,0,0,0,0,40,0,0
1379,34,6,1,2,0,0,0,0,0,40,0,0
1380,32,0,2,3,2,0,1,5178,0,45,1,3
1381,21,0,2,12,2,0,1,0,0,40,0,0
1382,63,8,2,7,2,0,1,0,0,30,0,2
1383,23,2,1,12,1,1,1,0,0,36,0,0
1384,28,6,0,3,4,0,1,0,0,50,0,0
1385,29,0,1,8,4,1,1,0,0,45,0,4
1386,25,6,1,2,1,0,0,0,0,40,0,5
1387,44,8,1,2,0,0,0,0,0,60,0,6
1388,18,0,1,11,1,0,0,0,0,8,0,0
1389,26,0,1,11,1,0,1,0,0,24,0,0
1390,47,5,2,0,5,0,0,0,0,35,1,5
1391,23,0,0,4,0,0,1,0,0,40,0,0
1392,46,1,2,6,2,0,1,0,0,40,0,0
1393,61,6,2,5,2,0,1,5178,0,50,1,5
1394,25,0,1,3,3,0,1,0,0,40,0,0
1395,38,0,2,13,2,3,1,0,0,54,1,5
1396,60,6,4,7,4,1,0,0,0,15,0,2
1397,23,1,1,11,0,0,1,0,0,20,0,0
1398,36,0,0,0,0,0,0,0,0,48,0,1
1399,46,2,0,11,0,0,1,0,0,25,0,0
1400,32,6,2,2,2,0,1,0,0,45,1,4
1401,40,9,2,8,2,0,1,0,0,40,0,0
1402,31,0,1,0,1,1,1,0,0,40,0,0
1403,31,1,2,5,2,0,1,0,0,65,1,0
1404,32,6,1,0,0,0,1,0,0,37,0,6
1405,21,1,1,11,1,0,1,0,0,10,0,0
1406,63,1,2,4,2,1,1,0,0,40,1,0
1407,44,1,5,5,0,0,1,0,0,45,1,0
1408,42,6,2,4,2,0,1,0,0,60,0,4
1409,23,6,1,7,1,0,1,0,0,35,0,2
1410,30,1,0,0,0,0,0,0,0,45,0,0
1411,24,0,1,11,4,0,1,0,0,40,0,0
1412,42,6,2,10,2,0,1,0,0,40,1,0
1413,44,0,2,2,5,0,0,0,0,40,1,4
1414,27,6,1,5,0,1,1,0,0,48,0,1
1415,27,1,1,5,4,0,1,0,0,40,0,5
1416,22,0,1,11,0,0,0,0,0,45,0,0
1417,68,0,1,4,0,0,0,0,0,40,0,0
1418,55,1,2,9,2,0,1,0,0,99,1,4
1419,22,0,1,11,1,0,1,0,0,40,0,4
1420,25,1,2,5,5,0,0,0,0,15,0,0
1421,68,0,2,9,2,0,1,0,0,45,0,4
1422,62,1,3,5,0,0,0,0,0,16,0,0
1423,26,0,0,11,3,0,1,0,0,40,0,0
1424,34,8,2,2,2,0,1,0,0,55,1,0
1425,68,1,3,4,0,0,1,0,0,40,0,0
1426,42,6,5,5,0,0,1,0,0,45,1,5
1427,45,6,2,4,2,0,1,0,0,55,0,0
1428,26,3,1,8,0,0,1,0,0,40,0,0
1429,25,0,2,6,2,0,1,0,0,45,0,0
1430,23,6,1,2,1,0,1,0,0,50,0,0
1431,65,14,3,9,4,0,0,0,0,50,0,7
1432,31,0,1,8,0,0,1,0,0,50,0,0
1433,26,0,1,0,0,0,0,0,0,40,0,0
1434,39,1,2,3,2,0,1,0,0,50,1,0
1435,44,0,2,6,2,0,1,0,0,40,1,0
1436,45,8,0,2,4,0,0,1506,0,45,0,5
1437,26,8,1,2,0,0,0,0,0,50,0,4
1438,26,9,2,8,2,0,1,0,0,35,0,0
1439,36,2,2,8,2,0,1,0,0,50,0,0
1440,38,3,2,3,2,0,1,0,0,45,0,0
1441,39,0,1,6,4,0,1,0,0,48,0,0
1442,52,12,2,5,2,0,1,0,0,40,0,3
1443,39,7,2,3,2,0,1,0,0,45,0,0
1444,41,1,0,3,0,0,1,0,0,40,0,4
1445,42,8,2,5,2,0,1,0,1902,60,1,5
1446,47,6,2,4,2,0,1,0,0,70,0,0
1447,28,4,2,13,2,1,1,0,0,46,0,5
1448,25,6,1,2,1,0,1,0,0,35,0,5
1449,35,6,1,0,0,0,0,0,0,40,0,0
1450,32,0,5,0,4,0,0,0,0,40,0,0
1451,38,8,2,3,2,1,1,0,0,40,1,0
1452,44,1,2,10,2,0,1,0,0,18,1,0
1453,21,1,1,7,1,0,0,0,0,40,0,2
1454,27,6,1,4,1,0,0,0,0,40,0,0
1455,30,6,1,5,0,0,1,0,0,55,1,0
1456,30,6,1,4,0,0,1,0,1741,48,0,0
1457,45,0,2,12,2,0,1,0,1628,45,0,0
1458,20,0,1,3,1,0,1,0,0,40,0,0
1459,57,8,1,2,0,0,1,0,0,80,0,0
1460,43,1,0,0,0,0,1,0,0,48,0,0
1461,50,3,2,7,1,1,0,0,0,40,0,2
1462,28,14,2,6,3,3,0,0,0,48,0,0
1463,25,0,2,10,3,0,0,0,0,48,1,0
1464,25,0,2,4,2,0,1,0,0,40,0,0
1465,90,6,2,5,2,0,1,0,0,45,0,0
1466,38,6,5,2,4,1,1,0,0,40,0,5
1467,35,6,4,5,4,0,0,0,0,40,0,0
1468,50,6,2,5,2,0,1,0,0,40,1,6
1469,26,0,1,0,0,0,0,0,0,40,0,5
1470,39,1,2,9,2,0,1,0,0,45,0,0
1471,56,9,2,4,2,0,1,0,0,40,0,0
1472,24,0,0,13,4,1,0,0,0,40,0,5
1473,46,0,2,0,5,0,0,7688,0,40,1,0
1474,18,3,1,0,3,0,0,0,0,25,0,5
1475,37,8,2,5,2,0,1,0,2415,60,1,0
1476,57,8,0,2,0,0,0,0,0,40,0,0
1477,43,0,1,0,4,1,0,0,0,40,0,6
1478,29,6,2,2,2,0,1,0,0,25,0,6
1479,40,8,2,5,2,0,1,0,0,40,1,0
1480,44,6,2,5,2,0,1,0,0,40,0,4
1481,77,0,2,5,2,0,1,0,0,6,0,5
1482,30,6,1,2,0,1,1,0,0,40,0,0
1483,21,0,2,6,2,0,1,0,0,40,0,0
1484,66,9,2,13,2,0,1,0,0,40,0,0
1485,40,3,1,8,1,0,1,0,0,35,0,0
1486,68,0,2,4,2,0,1,0,0,40,0,0
1487,64,0,3,11,0,0,0,0,0,38,0,0
1488,26,6,1,2,0,0,0,0,0,50,0,0
1489,32,1,2,5,2,0,1,0,0,40,1,0
1490,32,0,1,0,1,0,1,0,0,38,0,0
1491,51,8,2,2,2,0,1,0,0,40,1,5
1492,50,8,2,2,2,0,1,15024,0,45,1,0
1493,49,6,2,4,2,0,1,0,0,50,1,0
1494,28,6,1,8,4,0,1,0,0,20,0,0
1495,29,0,0,11,4,0,0,0,0,36,0,0
1496,21,1,1,4,1,0,1,0,0,30,0,0
1497,28,0,1,0,4,1,0,0,0,40,0,0
1498,55,9,2,3,2,0,1,0,0,40,0,0
1499,45,0,2,4,2,3,1,0,0,50,1,4
1500,35,1,1,4,0,0,1,0,0,40,0,0
1501,31,3,5,7,0,1,1,0,0,40,0,2
1502,26,8,1,2,0,0,1,8614,0,40,1,0
1503,30,0,2,11,2,0,1,0,0,55,0,0
1504,33,0,2,4,2,0,1,0,0,20,0,0
1505,40,6,4,2,0,3,1,13550,0,40,1,0
1506,23,6,1,5,0,0,1,0,0,40,0,0
1507,35,1,1,4,0,0,0,0,0,40,0,0
1508,48,3,2,9,2,0,1,0,0,50,1,4
1509,39,9,0,12,1,1,1,0,0,40,0,5
1510,53,12,0,2,0,0,0,0,0,50,0,5
1511,49,0,2,0,2,0,1,0,0,40,1,1
1512,31,6,1,5,0,1,0,0,0,40,0,0
1513,36,0,2,3,2,0,1,3103,0,40,1,0
1514,60,1,2,5,2,0,1,7688,0,50,1,3
1515,29,0,1,6,0,0,1,0,0,48,0,0
1516,54,1,2,4,2,0,1,0,0,45,1,3
1517,28,5,6,7,5,0,0,0,0,3,0,2
1518,34,0,2,3,2,0,1,0,0,50,0,0
1519,30,1,1,4,0,1,0,0,0,35,0,0
1520,26,0,1,12,0,0,1,0,0,40,0,0
1521,47,1,1,4,0,0,1,0,0,70,1,0
1522,50,0,0,5,4,0,1,0,0,38,0,0
1523,30,6,1,5,4,0,0,0,0,45,1,0
1524,44,1,0,6,0,0,1,0,0,50,0,0
1525,49,0,2,4,2,0,1,0,0,60,1,0
1526,75,8,4,2,0,0,0,0,0,50,0,4
1527,37,6,2,4,2,0,1,0,0,55,1,0
1528,51,0,0,3,4,0,1,0,0,38,0,6
1529,35,0,1,3,4,0,1,0,0,35,0,0
1530,28,1,1,4,3,0,0,0,0,40,0,0
1531,66,0,2,9,2,0,1,1409,0,40,0,4
1532,72,2,2,5,5,3,0,0,0,48,1,0
1533,39,6,5,4,0,0,1,0,0,50,0,0
1534,27,0,1,9,1,1,1,0,0,30,0,0
1535,57,1,1,0,3,1,0,0,0,40,0,0
1536,24,14,2,3,2,0,1,2635,0,38,0,0
1537,28,0,1,3,1,0,1,0,0,70,0,0
1538,23,1,4,11,0,0,0,0,0,50,0,0
1539,31,6,1,5,0,0,0,0,1408,40,0,0
1540,23,1,1,11,1,0,0,0,0,20,0,0
1541,31,1,1,11,0,0,0,0,0,40,0,0
1542,27,6,1,2,0,0,0,0,0,40,0,5
1543,30,6,2,2,2,0,1,0,1740,45,0,0
1544,34,8,1,2,0,0,1,4865,0,60,0,0
1545,57,0,1,0,0,0,1,0,2258,40,0,1
1546,39,8,2,5,2,0,1,0,0,40,1,0
1547,23,3,1,3,1,0,1,0,0,40,0,0
1548,24,5,2,11,5,0,0,0,0,40,0,5
1549,36,13,1,2,0,0,1,0,0,40,0,0
1550,32,1,0,11,3,0,1,0,0,40,0,0
1551,35,5,0,11,1,0,0,0,0,40,0,0
1552,36,6,2,5,2,0,1,0,0,40,0,0
1553,23,6,1,7,0,0,0,0,0,50,0,2
1554,47,4,2,6,2,0,1,0,0,40,1,0
1555,35,0,1,12,0,0,1,0,0,40,0,0
1556,44,1,2,10,2,0,1,0,0,40,0,1
1557,32,8,2,2,2,0,1,0,0,50,0,6
1558,32,5,2,5,5,0,0,0,1485,40,1,0
1559,63,1,2,2,5,0,0,20051,0,10,1,4
1560,34,4,2,3,2,0,1,0,0,40,0,0
1561,47,0,2,3,2,1,1,0,0,40,0,0
1562,27,3,2,4,1,1,1,0,0,35,0,0
1563,23,0,5,5,4,0,0,0,0,42,0,0
1564,19,1,1,7,3,2,0,0,0,40,0,2
1565,50,9,2,3,2,0,1,0,0,38,0,0
1566,49,1,2,2,2,0,1,0,0,40,0,6
1567,36,1,2,5,2,0,1,0,0,40,1,0
1568,23,6,1,5,4,0,1,0,0,40,0,0
1569,61,14,3,11,4,1,0,0,0,38,0,0
1570,41,1,2,9,2,0,1,0,0,16,0,0
1571,27,6,2,5,2,0,1,0,0,60,1,4
1572,53,6,0,5,0,0,1,0,0,70,0,0
1573,17,9,1,0,1,0,1,0,0,10,0,4
1574,23,0,1,7,0,0,1,0,0,30,0,2
1575,53,1,1,3,0,0,1,0,0,40,0,0
1576,28,0,2,3,2,0,1,0,1848,42,1,0
1577,24,6,4,2,1,0,0,0,0,40,0,0
1578,22,1,1,0,0,0,0,0,0,20,0,0
1579,53,6,2,4,2,0,1,0,0,50,1,0
1580,18,3,1,11,3,1,1,0,0,20,0,0
1581,24,1,1,4,4,0,1,0,0,50,0,0
1582,20,0,1,4,0,0,0,0,0,40,0,0
1583,30,14,2,8,2,0,1,0,0,40,0,5
1584,37,4,1,2,0,0,1,8614,0,40,1,6
1585,34,0,2,8,2,0,1,0,0,40,0,0
1586,19,0,1,12,1,0,1,0,0,30,0,0
1587,20,10,1,0,1,0,0,0,0,40,0,0
1588,47,0,0,11,0,3,0,0,0,40,0,0
1589,20,1,1,7,1,0,1,0,0,32,0,2
1590,22,6,1,2,1,0,0,0,0,40,0,0
1591,42,8,2,5,2,0,1,0,1977,40,1,5
1592,60,1,0,0,0,0,0,0,0,40,0,0
1593,32,0,1,14,4,0,0,0,0,40,0,0
1594,46,0,2,5,2,0,1,0,0,40,1,0
1595,66,0,3,0,0,0,0,0,0,40,0,0
1596,37,6,2,11,5,3,0,0,0,30,1,0
1597,34,1,0,5,1,0,1,0,0,44,0,0
1598,45,6,1,2,0,0,1,0,0,46,0,0
1599,35,3,2,9,2,0,1,0,0,40,0,0
1600,63,0,2,7,2,0,1,0,0,40,0,2
1601,51,1,2,5,2,1,1,0,0,40,1,5
1602,36,1,2,13,2,0,1,0,0,40,1,5
1603,25,0,1,0,1,1,1,0,0,40,0,1
1604,51,0,0,11,4,0,0,0,0,38,0,0
1605,25,1,1,6,1,0,1,0,0,40,0,4
1606,19,0,1,9,1,0,1,0,0,45,0,0
1607,47,1,2,5,2,0,1,0,0,45,0,0
1608,59,0,5,13,4,1,0,0,0,40,0,5
1609,34,6,2,5,2,0,1,0,0,40,1,0
1610,40,1,5,5,4,0,0,0,0,60,0,0
1611,42,0,0,6,0,0,1,0,0,45,0,0
1612,28,0,2,7,5,0,0,0,0,17,0,2
1613,37,8,2,5,2,0,1,0,0,60,1,0
1614,51,5,2,4,2,0,1,0,0,38,1,3
1615,25,0,1,0,1,0,1,0,0,36,0,0
1616,31,0,2,0,5,0,0,0,0,40,1,1
1617,37,0,2,11,2,0,1,0,0,44,1,0
1618,42,5,2,4,2,0,1,0,0,45,1,0
1619,29,6,1,7,0,0,1,0,0,40,0,2
1620,35,1,0,4,0,0,1,0,0,50,0,0
1621,51,6,2,4,2,0,1,0,0,47,1,0
1622,22,1,1,7,1,0,1,0,0,36,0,2
1623,49,1,2,3,2,0,1,0,1485,40,1,0
1624,26,6,1,2,0,3,1,0,0,16,0,0
1625,56,0,0,0,0,0,0,0,0,46,0,5
1626,52,1,2,2,2,0,1,0,0,45,1,0
1627,47,6,0,5,0,0,0,0,0,40,1,6
1628,52,4,2,3,2,0,1,0,0,40,0,0
1629,30,0,0,3,4,0,0,0,0,40,0,0
1630,43,1,2,4,2,0,1,99999,0,55,1,3
1631,17,10,1,7,1,0,1,0,0,40,0,2
1632,42,0,2,3,2,0,1,0,1887,40,1,0
1633,26,1,4,3,3,1,0,0,0,35,0,0
1634,58,0,2,9,2,0,1,0,0,40,0,5
1635,66,1,2,4,2,0,1,5556,0,40,1,0
1636,30,0,2,13,2,0,1,0,0,60,1,0
1637,46,1,5,0,4,0,0,0,0,40,0,0
1638,45,1,2,0,5,0,0,0,1902,35,1,0
1639,57,0,1,4,4,0,0,0,0,40,0,0
1640,25,6,1,5,1,0,1,0,0,40,0,0
1641,21,1,1,10,1,0,0,0,0,10,0,6
1642,37,0,0,3,0,0,1,0,1669,55,0,0
1643,45,8,0,2,0,0,0,0,0,30,0,5
1644,61,13,3,7,0,0,0,0,0,5,0,2
1645,39,0,1,3,1,0,1,0,0,40,0,0
1646,42,0,2,0,5,0,0,0,0,53,0,0
1647,20,0,1,6,1,0,0,0,0,40,0,0
1648,23,0,1,13,1,1,1,0,0,16,0,0
1649,25,6,1,10,1,0,1,0,0,40,0,0
1650,47,11,1,14,1,0,0,0,0,40,0,0
1651,24,0,1,4,1,0,1,0,0,45,0,0
1652,20,1,1,7,1,3,0,0,0,15,0,2
1653,35,0,1,3,0,0,1,0,0,70,0,0
1654,44,0,2,11,5,1,0,0,0,38,1,5
1655,47,1,2,2,2,0,1,0,0,50,0,6
1656,28,3,5,0,4,3,0,0,0,40,0,6
1657,41,8,0,2,4,0,0,0,0,60,0,5
1658,31,0,1,0,0,0,0,0,0,40,0,0
1659,27,8,1,5,0,0,0,0,0,25,0,0
1660,47,4,2,3,2,0,1,5013,0,40,0,0
1661,44,0,1,4,0,3,0,0,0,40,0,0
1662,61,1,1,14,0,0,0,0,0,40,0,0
1663,42,1,0,0,3,0,0,0,0,40,0,1
1664,46,0,1,11,0,0,0,0,0,28,0,0
1665,46,6,2,5,2,0,1,0,0,50,1,0
1666,54,8,3,2,4,0,0,0,0,38,0,5
1667,49,0,3,10,4,0,1,0,0,40,0,0
1668,56,1,3,0,4,0,0,0,0,40,0,5
1669,52,8,0,2,1,0,0,0,0,40,0,0
1670,34,0,2,8,2,0,1,0,0,40,0,0
1671,25,0,2,3,2,0,1,0,0,40,0,4
1672,18,3,1,2,1,0,0,0,0,40,0,0
1673,58,0,2,6,2,0,1,0,0,40,0,0
1674,31,6,0,2,0,0,1,0,0,40,0,6
1675,29,1,2,3,2,0,1,0,0,55,0,0
1676,28,3,1,6,0,1,1,0,0,40,0,0
1677,30,1,1,0,0,0,1,0,0,48,0,0
1678,21,1,1,7,1,0,1,0,0,30,0,2
1679,44,8,2,2,2,0,1,0,1887,35,1,0
1680,75,9,3,14,0,0,0,0,0,70,0,0
1681,66,3,2,7,2,0,1,0,0,40,0,2
1682,26,1,2,3,2,1,1,0,0,40,0,0
1683,33,6,2,4,2,0,1,0,0,50,1,3
1684,57,8,2,4,2,0,1,15024,0,65,1,3
1685,47,11,2,4,2,0,1,0,0,55,1,4
1686,41,0,2,5,2,0,1,7298,0,40,1,0
1687,21,1,1,11,0,0,0,0,0,37,0,0
1688,17,3,1,3,1,0,1,0,0,17,0,0
1689,61,6,2,7,2,0,1,0,0,55,0,2
1690,47,0,2,7,5,0,0,0,0,8,1,2
1691,22,1,1,11,1,1,0,0,0,15,0,0
1692,47,0,2,4,2,0,1,0,0,40,0,0
1693,45,6,2,5,2,0,1,0,0,40,1,0
1694,32,4,0,4,4,0,1,0,0,50,0,4
1695,59,9,5,14,0,1,0,0,0,30,0,0
1696,38,0,2,3,2,0,1,0,0,50,0,0
1697,33,0,5,13,1,0,0,0,0,40,0,0
1698,41,0,2,6,2,0,1,0,0,40,0,0
1699,51,2,2,8,2,0,1,0,0,40,0,0
1700,42,0,2,4,2,0,1,0,0,48,0,0
1701,27,6,2,2,5,0,0,0,0,40,1,0
1702,60,1,2,3,2,0,1,0,0,45,0,0
1703,64,0,0,0,0,0,0,0,0,35,0,5
1704,37,5,2,6,2,0,1,0,0,40,1,0
1705,54,6,2,5,2,0,1,0,0,45,1,4
1706,36,5,2,5,5,0,0,0,0,50,1,0
1707,41,8,0,4,4,0,1,0,0,5,1,4
1708,35,14,2,9,2,0,1,0,0,75,0,4
1709,63,8,2,4,2,0,1,0,0,68,1,3
1710,46,0,0,3,3,0,1,0,0,40,0,0
1711,47,8,0,2,0,0,1,0,0,40,0,4
1712,24,6,1,6,0,0,1,0,0,65,0,0
1713,29,1,1,4,0,0,1,0,0,30,0,0
1714,74,1,3,8,0,0,0,0,0,18,0,1
1715,50,3,2,8,2,0,1,0,0,70,1,0
1716,22,1,1,0,0,0,0,0,0,40,0,0
1717,48,10,5,0,1,1,0,0,0,40,0,0
1718,30,2,2,12,3,0,1,0,0,40,0,0
1719,32,6,2,4,2,0,1,0,0,40,0,0
1720,39,0,2,6,2,0,1,0,0,40,0,0
1721,49,1,2,3,2,0,1,0,0,40,1,0
1722,25,6,1,0,1,0,0,0,0,40,0,0
1723,50,6,2,0,5,0,0,0,0,40,1,0
1724,44,0,2,8,2,0,1,0,0,40,0,0
1725,65,4,2,9,2,0,1,6767,0,60,0,0
1726,28,5,2,0,2,0,1,0,0,60,0,1
1727,55,6,3,0,4,0,0,0,0,40,0,0
1728,49,6,1,2,1,0,0,0,0,50,0,5
1729,31,0,5,5,4,0,0,0,0,12,0,0
1730,47,0,2,6,5,1,0,0,0,40,1,0
1731,45,0,2,8,2,0,1,0,0,40,1,0
1732,35,0,1,11,0,1,0,0,0,40,0,0
1733,34,6,2,4,2,3,1,0,0,60,0,4
1734,49,0,3,13,0,1,1,0,0,40,0,5
1735,39,1,0,7,0,0,0,0,0,35,0,2
1736,27,0,1,11,0,0,0,0,0,42,0,0
1737,42,0,2,12,2,0,1,0,0,40,0,0
1738,60,11,2,7,2,0,1,0,0,30,1,2
1739,64,0,1,11,0,0,1,1055,0,40,0,4
1740,33,1,2,4,2,0,1,0,0,48,1,0
1741,23,1,1,0,0,0,0,0,0,40,0,0
1742,45,8,2,5,2,0,1,0,0,50,1,0
1743,34,0,1,6,4,1,0,0,0,40,0,0
1744,53,0,0,4,0,0,0,0,0,37,0,0
1745,22,9,1,3,0,0,1,0,0,30,0,0
1746,57,0,5,11,0,0,0,0,0,35,0,6
1747,20,1,1,7,1,0,0,0,0,8,0,2
1748,23,14,1,3,1,1,1,0,0,40,0,0
1749,31,3,1,8,4,0,1,0,0,40,0,0
1750,23,6,1,10,0,0,1,0,0,22,0,6
1751,30,0,5,0,4,0,0,0,0,40,0,0
1752,32,6,5,2,0,0,0,0,0,50,1,5
1753,42,5,2,0,5,1,0,0,0,40,1,0
1754,51,14,2,8,2,0,1,0,0,40,0,0
1755,59,6,2,4,2,0,1,15024,0,40,1,4
1756,36,6,1,5,1,0,0,0,0,40,0,0
1757,45,0,1,4,0,1,1,0,0,40,0,0
1758,35,4,2,4,2,0,1,0,0,50,1,0
1759,33,14,2,6,2,0,1,0,0,40,0,0
1760,43,4,0,2,4,0,0,0,0,40,0,0
1761,60,0,2,10,5,0,0,0,0,40,1,0
1762,37,6,2,2,2,0,1,0,0,55,1,6
1763,35,1,1,10,4,0,0,0,0,40,0,0
1764,36,1,2,0,2,0,1,0,0,52,0,0
1765,38,12,2,2,2,0,1,0,1977,50,1,1
1766,54,14,2,3,2,0,1,0,0,40,0,0
1767,51,4,2,12,2,0,1,0,0,40,1,0
1768,45,5,2,3,2,0,1,0,0,45,1,0
1769,63,1,0,5,4,0,0,0,0,40,0,1
1770,51,1,2,3,2,0,1,0,0,40,1,0
1771,58,8,0,4,0,0,1,0,0,18,0,4
1772,64,0,0,0,0,0,0,0,0,40,0,5
1773,20,1,1,12,1,0,1,0,0,40,0,0
1774,44,6,2,0,2,3,1,0,0,40,1,1
1775,39,6,0,5,4,0,0,0,0,48,0,0
1776,45,1,1,0,4,0,0,0,0,40,0,6
1777,44,13,2,0,2,0,1,0,0,55,1,0
1778,22,1,1,5,0,0,0,0,0,40,0,1
1779,63,0,2,5,2,0,1,0,0,40,1,3
1780,26,4,5,11,0,1,1,0,0,40,0,0
1781,42,6,2,9,2,0,1,0,0,45,0,4
1782,20,0,1,11,1,0,0,0,0,25,0,0
1783,29,8,2,4,2,0,1,7298,0,40,1,0
1784,38,6,1,5,4,3,1,0,1741,40,0,5
1785,25,0,1,8,1,0,1,0,0,40,0,0
1786,27,6,2,3,3,0,1,0,0,50,0,0
1787,46,4,0,0,0,0,0,0,0,40,0,0
1788,31,1,0,3,0,0,1,0,0,60,0,0
1789,24,4,1,5,1,0,1,0,0,35,0,0
1790,43,1,2,4,2,0,1,0,0,50,1,0
1791,23,10,1,6,1,0,1,0,0,21,0,0
1792,32,0,1,8,4,1,0,0,0,37,0,5
1793,44,0,2,3,2,0,1,0,0,40,0,0
1794,40,6,2,4,2,0,1,0,0,40,0,4
1795,38,0,0,3,4,0,1,0,0,40,0,0
1796,23,4,1,6,0,0,1,0,0,40,0,0
1797,19,1,1,4,1,0,0,0,1602,10,0,0
1798,41,1,2,4,2,0,1,0,0,40,0,0
1799,48,0,2,3,2,0,1,0,0,40,0,0
1800,23,1,2,6,2,0,1,0,1902,40,0,0
1801,47,5,3,11,1,0,0,0,0,35,0,0
1802,42,0,2,3,2,0,1,0,0,40,0,0
1803,17,9,1,4,3,0,0,0,0,10,0,0
1804,29,12,1,2,0,0,0,0,0,70,0,5
1805,21,1,1,2,0,0,0,0,0,20,0,6
1806,18,3,1,7,1,0,1,0,0,27,0,2
1807,31,0,2,11,2,0,1,0,0,40,1,0
1808,27,6,1,2,4,0,0,0,0,40,0,5
1809,29,13,1,2,0,0,1,0,0,40,0,0
1810,23,6,1,4,0,0,0,0,0,45,0,0
1811,41,8,2,2,2,3,1,0,0,55,1,0
1812,46,6,2,2,2,0,1,0,0,35,1,5
1813,34,1,2,13,3,1,0,0,0,25,0,0
1814,42,0,2,3,2,0,1,0,0,24,0,4
1815,18,0,1,12,1,0,0,0,1719,15,0,0
1816,46,0,0,3,0,0,1,0,0,37,0,0
1817,18,3,1,7,1,0,1,0,0,15,0,2
1818,52,1,2,3,2,0,1,0,0,40,1,0
1819,56,0,0,3,4,0,0,0,0,40,0,0
1820,21,4,1,6,1,0,1,0,0,40,0,0
1821,22,0,1,3,3,0,1,0,0,20,0,4
1822,31,6,0,0,4,0,0,0,0,45,0,0
1823,41,0,2,11,2,0,1,0,0,60,0,4
1824,25,1,5,0,4,0,0,0,0,40,0,0
1825,43,6,0,5,0,0,1,0,0,60,0,4
1826,45,0,5,4,0,0,0,0,0,40,0,0
1827,26,1,0,10,0,0,1,0,0,60,0,0
1828,90,1,1,11,0,3,1,0,0,35,0,0
1829,45,6,2,4,2,0,1,0,1902,40,1,0
1830,30,6,2,11,5,0,0,0,0,40,1,0
1831,42,1,2,3,2,0,1,0,0,40,0,0
1832,20,1,1,12,1,0,1,0,0,35,0,0
1833,53,6,2,2,2,0,1,7688,0,40,1,0
1834,64,0,3,0,0,0,0,0,0,38,0,6
1835,56,14,3,8,0,0,1,0,0,20,0,0
1836,42,1,4,2,0,0,1,0,0,40,1,0
1837,26,6,2,4,5,0,0,0,0,40,1,0
1838,31,5,1,0,1,2,0,0,0,40,0,5
1839,40,6,2,0,5,0,0,0,0,40,0,0
1840,58,1,3,3,0,0,1,0,0,40,0,0
1841,41,6,2,5,2,0,1,0,0,40,0,0
1842,58,0,1,4,0,0,1,0,0,47,0,3
1843,62,8,2,2,2,0,1,0,0,60,1,6
1844,65,6,2,4,2,0,1,99999,0,60,1,3
1845,40,1,1,3,0,0,1,0,0,40,0,0
1846,45,1,2,13,2,0,1,0,0,40,1,5
1847,22,0,1,3,1,0,1,0,0,55,0,0
1848,23,1,1,7,1,3,1,0,0,20,0,2
1849,63,8,2,5,2,0,1,0,0,50,1,1
1850,39,6,2,5,2,0,1,0,1887,50,1,0
1851,37,1,3,3,4,0,1,0,0,40,0,0
1852,25,6,4,7,0,0,1,0,0,40,0,2
1853,56,3,2,9,2,0,1,0,0,50,0,0
1854,32,1,0,4,0,0,1,0,0,50,0,0
1855,53,1,2,5,5,3,0,0,1887,40,1,1
1856,32,4,0,2,0,0,1,0,0,40,0,0
1857,23,3,2,8,2,0,1,7688,0,60,1,4
1858,35,3,5,8,0,0,1,0,0,90,0,0
1859,51,1,2,5,2,0,1,0,1887,65,1,0
1860,19,1,1,0,1,0,0,0,0,20,0,0
1861,41,3,4,6,0,0,1,0,0,40,0,0
1862,22,9,1,8,1,0,1,0,0,25,0,0
1863,23,0,1,10,1,0,0,0,0,40,0,0
1864,36,8,2,5,2,3,1,0,0,40,1,0
1865,27,1,0,7,0,0,0,0,0,25,0,2
1866,45,4,2,3,2,0,1,0,0,40,0,0
1867,23,0,1,9,0,0,1,0,0,25,0,4
1868,21,3,1,11,4,1,0,0,0,40,0,0
1869,44,8,2,5,2,0,1,15024,0,40,1,0
1870,29,6,2,4,2,0,1,0,0,40,1,0
1871,36,4,2,10,2,0,1,0,0,60,0,4
1872,18,2,1,12,1,0,1,594,0,40,0,0
1873,62,10,2,3,2,0,1,0,0,40,1,4
1874,25,1,1,5,0,1,1,0,0,40,0,1
1875,34,5,0,5,0,0,0,0,0,45,0,0
1876,31,6,1,5,0,0,0,14344,0,50,1,0
1877,37,6,2,5,2,0,1,15024,0,40,1,0
1878,33,6,2,9,2,0,1,0,0,40,0,0
1879,22,1,1,7,1,0,0,0,0,30,0,2
1880,28,5,2,4,2,0,1,0,0,30,0,0
1881,22,1,5,7,1,0,1,0,0,25,0,2
1882,47,0,2,11,2,0,1,0,0,40,1,0
1883,67,3,2,7,2,0,1,0,419,3,0,2
1884,20,9,1,7,1,0,1,0,0,40,0,2
1885,34,6,2,5,2,0,1,0,0,70,0,0
1886,26,12,2,2,2,0,1,99999,0,60,1,0
1887,36,1,2,3,2,0,1,7298,0,44,1,0
1888,28,0,1,12,1,0,1,0,0,40,0,0
1889,22,0,1,8,1,1,1,0,0,40,0,0
1890,47,1,5,11,0,1,0,0,0,35,0,0
1891,33,4,1,0,0,0,1,0,0,45,0,0
1892,34,8,5,2,0,0,0,4787,0,40,1,3
1893,25,0,1,3,1,0,1,0,0,40,0,0
1894,37,2,2,12,2,0,1,3781,0,50,0,0
1895,36,0,2,13,2,0,1,0,0,40,0,6
1896,74,2,2,7,2,0,1,3471,0,40,0,2
1897,57,1,2,3,2,0,1,0,0,40,0,0
1898,55,13,1,2,0,0,1,0,0,40,0,0
1899,20,0,0,4,0,1,0,0,0,40,0,0
1900,43,0,1,4,0,1,0,0,0,44,0,0
1901,54,0,2,6,2,0,1,0,0,40,1,0
1902,25,1,5,0,4,0,0,0,0,40,0,0
1903,42,1,0,5,0,0,1,0,1408,40,0,0
1904,23,1,1,7,0,0,0,0,0,35,0,2
1905,17,3,1,3,1,0,1,0,0,10,0,0
1906,39,0,1,7,0,0,1,0,1590,40,0,2
1907,63,14,4,11,4,2,0,0,0,40,0,0
1908,19,1,1,5,1,0,0,0,0,30,0,0
1909,56,6,2,4,2,0,1,15024,0,50,1,3
1910,33,6,2,4,2,0,1,0,0,45,1,4
1911,37,6,2,9,2,0,1,0,0,50,0,0
1912,27,14,2,8,2,0,1,0,0,45,0,0
1913,36,6,2,0,2,0,1,0,0,40,0,5
1914,30,0,2,5,2,0,1,0,0,65,1,3
1915,22,6,1,2,0,0,1,0,0,55,0,0
1916,35,1,2,12,2,0,1,0,1579,40,0,0
1917,20,0,1,12,0,0,1,0,0,45,0,0
1918,18,1,1,4,1,0,0,0,0,40,0,0
1919,25,10,1,6,0,0,1,0,1741,40,0,0
1920,53,8,1,2,0,0,0,0,1564,54,1,0
1921,21,1,1,7,1,0,0,0,0,40,0,2
1922,19,0,1,4,1,0,0,0,0,35,0,0
1923,34,0,0,6,0,0,1,0,0,30,0,0
1924,32,1,1,0,0,1,0,0,0,40,0,6
1925,20,1,1,6,1,2,1,0,0,40,0,0
1926,70,14,2,11,2,0,1,0,0,25,0,0
1927,57,6,2,5,2,0,1,0,0,40,1,0
1928,54,1,2,4,2,0,1,3137,0,50,0,0
1929,34,4,2,6,2,0,1,0,0,40,0,0
1930,48,1,2,5,2,0,1,0,0,40,1,0
1931,42,3,2,11,5,0,0,0,0,40,0,0
1932,45,0,1,0,0,0,1,3325,0,40,0,0
1933,27,1,1,11,1,0,1,0,0,40,0,0
1934,51,9,2,11,2,0,1,0,0,40,0,0
1935,36,1,0,0,4,0,0,0,0,65,0,5
1936,33,1,1,5,1,3,1,0,0,40,0,0
1937,50,1,1,9,0,0,1,0,0,40,0,0
1938,44,6,0,5,4,0,1,0,2547,50,1,0
1939,39,8,2,2,2,0,1,0,0,40,1,5
1940,55,2,2,9,2,0,1,0,0,25,0,4
1941,24,1,1,0,1,0,0,0,0,40,0,0
1942,35,0,1,4,0,0,1,0,0,40,0,0
1943,32,10,2,3,2,0,1,0,0,40,0,4
1944,66,6,2,7,2,0,1,0,2174,40,1,2
1945,68,0,3,0,0,0,0,0,2206,30,0,0
1946,29,3,2,8,2,0,1,0,0,60,0,0
1947,24,6,1,4,0,0,1,0,0,40,0,4
1948,61,2,2,6,2,0,1,0,0,40,0,0
1949,34,0,2,6,2,0,1,0,0,44,1,0
1950,55,12,2,2,2,0,1,0,2415,35,1,3
1951,20,1,1,7,1,0,1,0,0,36,0,2
1952,41,0,1,4,1,0,0,0,0,40,0,0
1953,36,0,2,9,2,0,1,0,0,84,0,4
1954,60,0,2,3,2,0,1,7298,0,40,1,0
1955,61,0,2,3,2,0,1,0,0,52,1,4
1956,35,12,2,4,2,3,1,0,0,35,0,0
1957,42,6,2,5,2,0,1,0,0,50,1,6
1958,26,6,1,10,0,0,1,0,0,40,0,0
1959,44,1,1,11,4,1,0,0,0,40,0,5
1960,31,8,1,0,0,0,1,0,0,25,0,6
1961,39,0,1,11,0,1,1,0,0,40,0,6
1962,20,1,1,10,1,0,0,0,0,24,0,0
1963,32,1,2,3,2,0,1,0,0,40,0,3
1964,32,0,2,4,2,0,1,0,0,40,0,4
1965,61,2,2,6,2,1,1,0,0,20,0,0
1966,54,1,0,0,4,0,0,0,0,40,0,5
1967,23,5,1,3,3,0,1,0,0,40,0,0
1968,19,0,1,4,1,0,1,0,0,3,0,0
1969,31,1,2,2,2,2,1,0,0,40,0,0
1970,35,11,2,12,2,0,1,0,0,40,0,0
1971,29,0,0,11,0,0,0,0,0,25,0,0
1972,29,0,1,13,0,1,0,0,0,40,0,5
1973,25,9,5,11,1,0,0,0,0,25,0,0
1974,46,6,0,4,0,0,0,0,0,40,0,0
1975,35,4,1,11,4,0,0,0,0,30,0,0
1976,20,9,1,4,0,4,1,0,0,40,0,0
1977,24,0,2,0,5,0,0,0,0,40,0,4
1978,48,0,0,0,4,0,0,0,0,37,0,0
1979,37,0,0,6,0,0,0,0,0,40,0,0
1980,60,0,2,4,2,0,1,0,0,40,0,4
1981,39,0,2,3,2,0,1,0,0,40,0,0
1982,29,1,5,0,4,0,0,0,0,38,0,5
1983,31,4,0,3,1,0,1,0,0,20,0,4
1984,38,4,2,3,2,0,1,4386,0,40,1,0
1985,26,5,1,3,0,0,1,0,0,40,0,4
1986,64,6,2,5,2,0,1,15024,0,40,1,0
1987,46,4,0,13,0,1,1,0,0,40,0,0
1988,69,0,2,7,2,0,1,0,0,8,0,2
1989,39,0,2,4,2,0,1,3103,0,44,1,0
1990,48,0,0,6,0,0,0,0,0,55,0,0
1991,46,0,0,4,3,0,0,0,0,40,0,0
1992,42,6,0,4,0,0,1,0,1590,40,0,0
1993,39,0,2,4,5,1,0,0,0,54,1,4
1994,50,8,2,10,2,0,1,0,0,40,1,1
1995,24,6,1,2,0,0,0,0,0,40,0,0
1996,30,4,2,10,3,0,0,0,0,40,1,0
1997,39,6,2,4,2,0,1,0,2415,60,1,3
1998,29,0,2,3,2,0,1,0,0,40,0,4
1999,23,3,1,8,1,0,0,0,0,38,0,0
