,cnt,t1,t2,hum,wind_speed,weather_code,is_holiday,is_weekend,target
0,182,3.0,2.0,93.0,6.0,3.0,0.0,1.0,0
1,138,3.0,2.5,93.0,5.0,1.0,0.0,1.0,0
2,134,2.5,2.5,96.5,0.0,1.0,0.0,1.0,0
3,72,2.0,2.0,100.0,0.0,1.0,0.0,1.0,0
4,47,2.0,0.0,93.0,6.5,1.0,0.0,1.0,0
5,46,2.0,2.0,93.0,4.0,1.0,0.0,1.0,0
6,51,1.0,-1.0,100.0,7.0,4.0,0.0,1.0,0
7,75,1.0,-1.0,100.0,7.0,4.0,0.0,1.0,0
8,131,1.5,-1.0,96.5,8.0,4.0,0.0,1.0,0
9,301,2.0,-0.5,100.0,9.0,3.0,0.0,1.0,0
10,528,3.0,-0.5,93.0,12.0,3.0,0.0,1.0,0
11,727,2.0,-1.5,100.0,12.0,3.0,0.0,1.0,0
12,862,2.0,-1.5,96.5,13.0,4.0,0.0,1.0,0
13,916,3.0,-0.5,87.0,15.0,3.0,0.0,1.0,0
14,1039,2.5,0.0,90.0,8.0,3.0,0.0,1.0,0
15,869,2.0,-1.5,93.0,11.0,3.0,0.0,1.0,0
16,737,3.0,0.0,93.0,12.0,3.0,0.0,1.0,0
17,594,3.0,0.0,93.0,11.0,3.0,0.0,1.0,0
18,522,3.0,1.5,93.0,6.5,3.0,0.0,1.0,0
19,379,3.0,1.0,93.0,7.0,3.0,0.0,1.0,0
20,328,3.0,3.0,93.0,4.0,3.0,0.0,1.0,0
21,221,3.0,2.5,93.0,5.0,4.0,0.0,1.0,0
22,178,3.0,2.0,93.0,6.0,4.0,0.0,1.0,0
23,157,4.0,3.5,87.0,5.0,4.0,0.0,1.0,0
24,83,4.0,3.0,93.0,6.0,4.0,0.0,0.0,0
25,67,4.0,3.5,93.0,5.0,4.0,0.0,0.0,0
26,32,5.0,4.0,87.0,6.0,4.0,0.0,0.0,0
27,22,6.0,4.5,84.0,7.5,4.0,0.0,0.0,0
28,38,6.5,5.0,84.0,8.0,4.0,0.0,0.0,0
29,81,6.0,5.5,87.0,5.0,4.0,0.0,0.0,0
30,444,7.0,6.5,81.0,5.0,3.0,0.0,0.0,0
31,1597,7.0,6.0,81.0,6.5,3.0,0.0,0.0,0
32,3161,8.0,7.5,79.0,5.0,3.0,0.0,0.0,0
33,1342,8.0,7.0,82.0,6.0,3.0,0.0,0.0,0
34,568,9.0,8.0,84.5,6.5,3.0,0.0,0.0,0
35,584,9.0,7.5,90.5,10.0,3.0,0.0,0.0,0
36,762,10.0,8.0,85.0,11.0,3.0,0.0,0.0,0
37,873,10.0,8.5,82.0,10.0,3.0,0.0,0.0,0
38,672,10.0,9.0,82.0,9.0,3.0,0.0,0.0,0
39,807,10.0,8.5,79.0,10.0,3.0,0.0,0.0,0
40,1192,10.0,8.5,73.5,13.0,3.0,0.0,0.0,0
41,2761,9.5,7.5,73.5,12.0,3.0,0.0,0.0,0
42,2389,9.5,7.5,69.0,14.0,3.0,0.0,0.0,0
43,1274,9.0,6.5,71.0,14.0,3.0,0.0,0.0,0
44,696,9.0,7.0,71.0,14.0,3.0,0.0,0.0,0
45,411,9.0,7.0,71.0,11.0,3.0,0.0,0.0,0
46,324,9.0,7.5,71.0,10.0,4.0,0.0,0.0,0
47,192,8.5,7.5,73.5,8.0,4.0,0.0,0.0,0
48,91,8.0,6.5,76.0,8.0,4.0,0.0,0.0,0
49,73,8.0,6.5,76.0,8.0,4.0,0.0,0.0,0
50,33,8.0,6.0,76.0,11.0,4.0,0.0,0.0,0
51,19,8.0,5.5,76.0,14.0,4.0,0.0,0.0,0
52,40,8.5,6.5,73.5,11.0,4.0,0.0,0.0,0
53,74,8.0,5.5,82.0,14.0,4.0,0.0,0.0,0
54,530,8.0,5.0,84.5,15.0,3.0,0.0,0.0,0
55,1715,9.0,7.0,82.0,13.0,3.0,0.0,0.0,0
56,3534,9.0,7.0,82.0,12.0,7.0,0.0,0.0,0
57,1573,9.0,6.5,87.0,16.0,7.0,0.0,0.0,0
58,635,10.0,7.5,88.0,19.5,3.0,0.0,0.0,0
59,550,10.0,8.0,88.0,18.0,3.0,0.0,0.0,0
60,395,11.0,11.0,85.0,19.0,7.0,0.0,0.0,0
61,426,9.5,6.0,84.5,27.5,3.0,0.0,0.0,0
62,579,9.0,6.0,71.0,26.0,3.0,0.0,0.0,0
63,718,8.0,4.5,71.0,23.0,2.0,0.0,0.0,0
64,1184,8.0,5.0,68.5,19.5,2.0,0.0,0.0,0
65,2662,7.5,4.0,71.0,22.0,1.0,0.0,0.0,0
66,2610,7.0,4.0,71.0,17.5,1.0,0.0,0.0,0
67,1402,6.0,3.0,76.0,15.0,1.0,0.0,0.0,0
68,720,5.5,2.5,78.5,15.0,1.0,0.0,0.0,0
69,494,5.0,2.0,81.0,15.0,1.0,0.0,0.0,0
70,344,4.5,1.5,81.0,13.0,1.0,0.0,0.0,0
71,212,4.0,1.0,84.0,12.0,1.0,0.0,0.0,0
72,102,4.0,1.0,81.0,12.0,1.0,0.0,0.0,0
73,60,4.0,1.0,81.0,11.0,1.0,0.0,0.0,0
74,33,4.0,1.5,81.0,10.0,1.0,0.0,0.0,0
75,26,3.5,1.0,84.0,9.0,2.0,0.0,0.0,0
76,33,4.0,1.5,81.0,10.0,2.0,0.0,0.0,0
77,80,4.0,2.0,87.0,9.0,1.0,0.0,0.0,0
78,526,5.0,2.5,81.0,10.0,1.0,0.0,0.0,0
79,1757,5.5,2.5,81.0,13.0,1.0,0.0,0.0,0
80,3618,6.5,3.5,81.0,15.0,2.0,0.0,0.0,0
81,1714,8.0,5.0,76.0,19.0,3.0,0.0,0.0,0
82,763,8.0,5.0,82.0,19.5,2.0,0.0,0.0,0
83,690,9.0,6.0,76.0,21.0,2.0,0.0,0.0,0
84,913,9.0,5.5,76.0,27.0,2.0,0.0,0.0,0
85,982,9.5,6.0,71.5,28.0,2.0,0.0,0.0,0
86,783,10.0,6.5,62.0,28.5,2.0,0.0,0.0,0
87,794,9.0,6.0,68.5,25.0,2.0,0.0,0.0,0
88,1171,9.0,6.0,76.0,25.0,3.0,0.0,0.0,0
89,2647,9.5,6.5,71.5,24.0,3.0,0.0,0.0,0
90,2579,10.0,7.0,71.0,30.0,3.0,0.0,0.0,0
91,657,10.0,6.5,79.0,30.5,3.0,0.0,0.0,0
92,516,10.0,7.0,82.0,27.0,7.0,0.0,0.0,0
93,414,10.0,7.0,82.0,27.0,7.0,0.0,0.0,0
94,206,10.0,7.0,85.0,24.0,7.0,0.0,0.0,0
95,123,11.0,11.0,82.0,26.0,4.0,0.0,0.0,0
96,56,11.5,11.5,85.0,24.0,3.0,0.0,0.0,0
97,51,12.0,12.0,82.0,25.0,3.0,0.0,0.0,0
98,33,12.0,12.0,85.0,22.0,3.0,0.0,0.0,0
99,32,12.0,12.0,88.0,20.5,7.0,0.0,0.0,0
100,87,12.0,12.0,80.0,20.5,7.0,0.0,0.0,0
101,511,11.5,11.5,74.5,17.0,3.0,0.0,0.0,0
102,982,10.5,9.5,82.5,17.0,7.0,0.0,0.0,0
103,1228,9.5,7.5,87.5,14.0,7.0,0.0,0.0,0
104,573,9.0,7.0,87.0,13.0,7.0,0.0,0.0,0
105,185,9.0,7.0,87.0,14.0,7.0,0.0,0.0,0
106,193,9.0,6.0,82.0,20.5,7.0,0.0,0.0,0
107,522,9.0,6.5,84.5,17.0,2.0,0.0,0.0,0
108,672,9.0,5.5,79.0,27.0,2.0,0.0,0.0,0
109,761,10.0,7.0,71.0,22.0,2.0,0.0,0.0,0
110,781,9.0,6.0,71.0,22.0,2.0,0.0,0.0,0
111,1212,9.0,6.0,71.0,19.5,2.0,0.0,0.0,0
112,2351,9.0,6.0,76.0,22.0,2.0,0.0,0.0,0
113,2110,8.5,5.5,73.5,22.5,1.0,0.0,0.0,0
114,1239,8.0,5.0,73.5,20.5,1.0,0.0,0.0,0
115,752,8.0,5.0,76.0,17.0,1.0,0.0,0.0,0
116,457,8.0,4.5,76.0,20.5,1.0,0.0,0.0,0
117,423,8.5,5.5,73.5,21.0,1.0,0.0,0.0,0
118,267,9.0,5.5,76.0,27.0,2.0,0.0,0.0,0
119,147,10.0,7.0,71.0,28.0,2.0,0.0,0.0,0
120,60,10.0,7.0,73.5,30.0,7.0,0.0,0.0,0
121,65,10.0,6.5,79.0,29.5,7.0,0.0,0.0,0
122,42,11.0,11.0,79.5,29.0,3.0,0.0,0.0,0
123,47,11.0,11.0,85.0,33.0,3.0,0.0,0.0,0
124,85,11.5,11.5,85.0,33.0,3.0,0.0,0.0,0
125,441,12.0,12.0,82.0,32.5,3.0,0.0,0.0,0
126,1593,12.0,12.0,82.0,31.5,3.0,0.0,0.0,0
127,3505,12.0,12.0,79.5,25.0,2.0,0.0,0.0,0
128,1768,12.0,12.0,74.5,30.0,2.0,0.0,0.0,0
129,799,12.5,12.5,69.5,29.5,1.0,0.0,0.0,0
130,806,13.0,13.0,67.0,28.0,1.0,0.0,0.0,0
131,1052,13.0,13.0,67.0,26.0,1.0,0.0,0.0,0
132,1078,13.0,13.0,63.0,30.0,1.0,0.0,0.0,0
133,976,13.0,13.0,63.0,26.0,2.0,0.0,0.0,0
134,912,13.5,13.5,67.5,33.5,7.0,0.0,0.0,0
135,1229,13.0,13.0,79.5,37.0,7.0,0.0,0.0,0
136,2409,13.5,13.5,85.0,35.0,7.0,0.0,0.0,0
137,1983,15.0,15.0,82.0,36.0,7.0,0.0,0.0,0
138,1094,15.5,15.5,77.0,41.0,7.0,0.0,0.0,0
139,686,15.0,15.0,72.0,44.0,3.0,0.0,0.0,0
140,443,15.0,15.0,68.0,41.0,3.0,0.0,0.0,0
141,464,15.0,15.0,68.0,40.0,3.0,0.0,0.0,0
142,420,14.0,14.0,77.0,41.5,4.0,0.0,0.0,0
143,392,14.0,14.0,77.0,39.0,4.0,0.0,1.0,0
144,277,14.0,14.0,77.0,40.0,4.0,0.0,1.0,0
145,189,14.0,14.0,72.0,40.5,3.0,0.0,1.0,0
146,153,13.0,13.0,77.0,41.0,3.0,0.0,1.0,0
147,90,13.0,13.0,77.0,36.0,3.0,0.0,1.0,0
148,52,13.0,13.0,77.0,35.0,3.0,0.0,1.0,0
149,69,13.0,13.0,82.0,35.0,7.0,0.0,1.0,0
150,143,13.0,13.0,79.5,35.0,3.0,0.0,1.0,0
151,321,14.0,14.0,74.5,40.0,3.0,0.0,1.0,0
152,619,14.0,14.0,77.0,48.0,3.0,0.0,1.0,0
153,757,14.0,14.0,74.5,41.0,7.0,0.0,1.0,0
154,800,11.5,11.5,67.5,42.5,3.0,0.0,1.0,0
155,1191,11.5,11.5,58.0,41.5,2.0,0.0,1.0,0
156,1395,10.5,8.5,54.0,38.0,3.0,0.0,1.0,0
157,1358,9.0,4.5,54.0,42.5,3.0,0.0,1.0,0
158,1436,9.0,5.0,48.0,35.0,2.0,0.0,1.0,0
159,1270,8.0,4.0,51.5,27.0,1.0,0.0,1.0,0
160,1054,8.0,4.0,51.5,29.0,2.0,0.0,1.0,0
161,849,7.0,3.0,55.0,26.0,1.0,0.0,1.0,0
162,720,6.0,2.0,57.0,26.0,1.0,0.0,1.0,0
163,556,6.0,2.0,57.0,25.0,1.0,0.0,1.0,0
164,349,6.0,2.0,57.0,21.0,1.0,0.0,1.0,0
165,335,5.0,1.0,66.0,20.0,1.0,0.0,1.0,0
166,334,5.0,1.0,66.0,19.5,1.0,0.0,1.0,0
167,360,4.5,0.5,72.5,22.0,1.0,0.0,1.0,0
168,255,4.0,-0.5,75.0,22.0,1.0,0.0,1.0,0
169,198,4.0,-0.5,75.0,23.0,1.0,0.0,1.0,0
170,135,4.0,-1.0,75.0,27.0,2.0,0.0,1.0,0
171,74,4.0,-1.0,72.5,28.0,1.0,0.0,1.0,0
172,57,4.0,-1.0,70.0,27.0,1.0,0.0,1.0,0
173,67,4.5,0.0,68.0,24.0,1.0,0.0,1.0,0
174,93,5.0,1.0,66.0,24.0,1.0,0.0,1.0,0
175,241,5.0,0.0,66.0,29.5,1.0,0.0,1.0,0
176,538,5.5,0.5,63.5,29.0,1.0,0.0,1.0,0
177,922,6.5,2.0,61.0,30.0,1.0,0.0,1.0,0
178,1248,7.5,3.5,59.0,27.0,1.0,0.0,1.0,0
179,1555,8.5,4.5,55.5,27.0,1.0,0.0,1.0,0
180,1813,9.0,5.0,56.0,28.0,2.0,0.0,1.0,0
181,1639,9.0,5.0,60.0,28.0,2.0,0.0,1.0,0
182,1464,8.5,5.0,64.0,26.0,3.0,0.0,1.0,0
183,1097,8.0,4.5,66.0,23.0,3.0,0.0,1.0,0
184,827,8.0,5.0,71.0,20.5,7.0,0.0,1.0,0
185,519,8.0,4.0,73.5,25.0,7.0,0.0,1.0,0
186,493,8.0,4.0,73.5,24.0,3.0,0.0,1.0,0
187,315,8.0,4.5,71.0,26.0,7.0,0.0,1.0,0
188,260,8.0,4.0,71.0,30.0,7.0,0.0,1.0,0
189,237,9.0,5.0,66.0,37.0,7.0,0.0,1.0,0
190,168,9.0,5.0,71.0,30.5,3.0,0.0,1.0,0
191,117,9.0,5.0,68.5,29.0,2.0,0.0,0.0,0
192,45,10.0,6.0,60.0,34.0,4.0,0.0,0.0,0
193,29,10.0,7.0,64.5,30.0,4.0,0.0,0.0,0
194,36,10.0,6.5,67.0,30.5,3.0,0.0,0.0,0
195,26,10.0,6.5,67.0,33.5,3.0,0.0,0.0,0
196,86,10.0,6.0,67.0,35.0,3.0,0.0,0.0,0
197,433,10.0,6.0,73.5,31.0,7.0,0.0,0.0,0
198,1541,10.0,7.0,76.0,30.0,7.0,0.0,0.0,0
199,3418,10.0,6.0,76.0,31.0,3.0,0.0,0.0,0
200,1832,11.5,11.5,67.0,32.5,3.0,0.0,0.0,0
201,723,12.0,12.0,67.0,33.0,3.0,0.0,0.0,0
202,654,12.0,12.0,74.5,39.0,3.0,0.0,0.0,0
203,700,12.0,12.0,79.5,29.5,3.0,0.0,0.0,0
204,631,12.0,12.0,79.5,29.5,3.0,0.0,0.0,0
205,520,12.5,12.5,77.0,33.0,7.0,0.0,0.0,0
206,374,12.0,12.0,82.0,25.0,7.0,0.0,0.0,0
207,669,12.0,12.0,82.0,22.5,7.0,0.0,0.0,0
208,1510,11.5,11.5,88.0,22.0,7.0,0.0,0.0,0
209,1186,11.0,11.0,94.0,22.0,7.0,0.0,0.0,0
210,1136,11.5,11.5,85.0,22.0,7.0,0.0,0.0,0
211,753,12.0,12.0,82.0,20.0,4.0,0.0,0.0,0
212,510,12.0,12.0,85.0,18.5,7.0,0.0,0.0,0
213,184,12.0,12.0,88.0,21.0,7.0,0.0,0.0,0
214,86,12.0,12.0,88.0,23.0,7.0,0.0,0.0,0
215,64,12.0,12.0,88.0,25.0,7.0,0.0,0.0,0
216,29,12.0,12.0,88.0,30.0,7.0,0.0,0.0,0
217,21,11.5,11.5,88.0,24.5,7.0,0.0,0.0,0
218,13,11.0,11.0,85.0,19.0,7.0,0.0,0.0,0
219,33,11.0,11.0,82.0,21.0,7.0,0.0,0.0,0
220,113,10.5,9.0,79.5,21.0,7.0,0.0,0.0,0
221,600,10.0,7.5,82.0,20.5,2.0,0.0,0.0,0
222,1584,9.5,6.5,79.0,21.0,7.0,0.0,0.0,0
223,3960,9.0,6.5,71.0,16.0,2.0,0.0,0.0,0
224,2090,9.0,6.0,71.0,18.0,2.0,0.0,0.0,0
225,960,9.0,6.5,71.0,17.5,1.0,0.0,0.0,0
226,866,9.0,6.0,68.5,18.0,2.0,0.0,0.0,0
227,1019,9.5,6.5,64.0,20.5,7.0,0.0,0.0,0
228,719,9.0,5.5,73.5,27.5,7.0,0.0,0.0,0
229,811,8.5,4.5,71.0,29.0,7.0,0.0,0.0,0
230,883,8.0,4.5,73.5,21.5,2.0,0.0,0.0,0
231,1391,7.5,4.0,68.5,23.0,2.0,0.0,0.0,0
232,2886,7.0,3.0,71.0,22.0,2.0,0.0,0.0,0
233,2659,7.0,4.5,71.0,14.0,7.0,0.0,0.0,0
234,1548,6.0,2.5,76.0,19.5,7.0,0.0,0.0,0
235,947,5.5,1.5,76.0,21.0,2.0,0.0,0.0,0
236,660,5.0,1.0,76.0,23.0,2.0,0.0,0.0,0
237,501,5.0,2.0,76.0,17.0,1.0,0.0,0.0,0
238,340,5.0,1.0,70.0,19.5,1.0,0.0,0.0,0
239,168,5.0,0.5,66.0,26.0,1.0,0.0,0.0,0
240,79,5.0,0.0,66.0,30.0,1.0,0.0,0.0,0
241,60,5.0,0.5,66.0,24.0,1.0,0.0,0.0,0
242,54,4.5,0.5,72.5,21.0,1.0,0.0,0.0,0
243,44,4.5,1.5,72.5,14.0,1.0,0.0,0.0,0
244,93,5.0,1.5,70.0,17.5,1.0,0.0,0.0,0
245,560,5.0,1.0,70.0,23.0,3.0,0.0,0.0,0
246,1820,4.5,-1.0,68.0,30.5,2.0,0.0,0.0,0
247,3904,4.0,-1.0,70.0,26.0,2.0,0.0,0.0,0
248,2064,4.5,-0.5,68.0,29.0,2.0,0.0,0.0,0
249,841,5.0,0.0,70.0,30.5,2.0,0.0,0.0,0
250,732,5.5,1.0,65.5,27.0,2.0,0.0,0.0,0
251,1013,6.5,2.5,59.0,27.0,2.0,0.0,0.0,0
252,1066,7.0,3.0,57.0,24.0,2.0,0.0,0.0,0
253,913,7.0,3.5,55.0,22.0,2.0,0.0,0.0,0
254,969,7.0,4.0,55.0,18.0,1.0,0.0,0.0,0
255,1365,7.0,4.5,59.0,16.0,1.0,0.0,0.0,0
256,2638,7.5,4.5,64.0,16.0,2.0,0.0,0.0,0
257,1974,8.0,4.5,71.0,21.5,2.0,0.0,0.0,0
258,1254,9.0,5.5,71.0,27.0,3.0,0.0,0.0,0
259,885,10.0,6.0,69.0,31.0,3.0,0.0,0.0,0
260,537,10.0,6.0,71.0,38.0,7.0,0.0,0.0,0
261,344,9.5,5.5,76.5,39.0,7.0,0.0,0.0,0
262,188,10.0,6.0,79.0,40.0,26.0,0.0,0.0,0
263,91,10.0,6.0,82.0,40.0,7.0,0.0,0.0,0
264,66,11.0,11.0,79.5,40.0,26.0,0.0,0.0,0
265,25,11.0,11.0,82.0,44.5,26.0,0.0,0.0,0
266,23,11.5,11.5,79.5,45.0,7.0,0.0,0.0,0
267,23,11.0,11.0,77.0,37.0,26.0,0.0,0.0,0
268,62,10.0,6.5,79.0,31.5,7.0,0.0,0.0,0
269,481,9.5,5.5,73.5,29.5,7.0,0.0,0.0,0
270,1692,9.0,6.0,73.5,23.0,2.0,0.0,0.0,0
271,3673,9.0,6.0,66.0,21.0,1.0,0.0,0.0,0
272,1941,9.0,6.0,73.5,19.5,2.0,0.0,0.0,0
273,844,9.0,6.0,76.0,21.0,2.0,0.0,0.0,0
274,729,9.0,6.0,66.0,26.0,2.0,0.0,0.0,0
275,835,8.5,5.0,71.0,25.0,7.0,0.0,0.0,0
276,1005,9.0,5.0,64.0,32.5,2.0,0.0,0.0,0
277,828,9.0,5.0,60.0,30.5,2.0,0.0,0.0,0
278,912,9.0,5.0,52.0,36.0,2.0,0.0,0.0,0
279,1249,8.0,4.0,53.0,29.0,2.0,0.0,0.0,0
280,2524,7.5,3.5,55.0,29.5,2.0,0.0,0.0,0
281,2480,7.0,3.0,57.0,29.5,2.0,0.0,0.0,0
282,1353,8.0,4.0,51.5,29.5,2.0,0.0,0.0,0
283,810,7.0,2.0,51.0,34.0,2.0,0.0,0.0,0
284,591,6.5,1.5,57.0,32.0,1.0,0.0,0.0,0
285,430,6.5,1.5,59.0,33.0,2.0,0.0,0.0,0
286,301,7.0,3.0,57.0,29.5,1.0,0.0,0.0,0
287,208,7.0,3.0,53.0,31.0,1.0,0.0,0.0,0
288,117,7.0,3.0,53.0,27.5,1.0,0.0,0.0,0
289,71,6.5,2.5,59.0,22.0,1.0,0.0,0.0,0
290,59,6.5,2.5,59.0,25.0,1.0,0.0,0.0,0
291,46,6.5,3.0,55.0,20.5,1.0,0.0,0.0,0
292,88,6.5,3.0,55.0,20.5,1.0,0.0,0.0,0
293,471,7.0,4.0,55.0,18.5,1.0,0.0,0.0,0
294,1648,7.0,4.5,59.0,15.0,7.0,0.0,0.0,0
295,3546,7.0,4.5,61.0,15.0,3.0,0.0,0.0,0
296,1980,6.0,3.0,71.0,13.0,2.0,0.0,0.0,0
297,878,6.5,3.5,68.5,17.0,2.0,0.0,0.0,0
298,795,6.0,2.5,76.0,19.5,2.0,0.0,0.0,0
299,994,6.0,3.0,73.5,17.0,2.0,0.0,0.0,0
300,1122,7.0,4.0,68.5,15.0,2.0,0.0,0.0,0
301,941,7.0,4.5,66.0,15.0,2.0,0.0,0.0,0
302,1104,7.0,4.0,66.0,15.0,2.0,0.0,0.0,0
303,1149,6.0,2.0,68.5,23.5,7.0,0.0,0.0,0
304,2348,5.5,2.5,76.0,14.0,2.0,0.0,0.0,0
305,2002,5.0,1.5,73.0,16.0,3.0,0.0,0.0,0
306,1183,4.0,1.0,72.5,12.0,1.0,0.0,0.0,0
307,693,4.0,2.0,72.5,9.0,1.0,0.0,0.0,0
308,473,3.0,0.0,75.0,11.0,1.0,0.0,0.0,0
309,386,2.5,-1.5,72.5,15.0,1.0,0.0,0.0,0
310,361,2.5,-1.0,81.0,12.0,1.0,0.0,0.0,0
311,328,2.0,-2.0,81.0,13.0,1.0,0.0,1.0,0
312,220,2.0,-1.5,81.0,12.0,1.0,0.0,1.0,0
313,199,1.0,-3.0,81.0,14.0,1.0,0.0,1.0,0
314,144,1.0,-3.0,81.0,15.0,1.0,0.0,1.0,0
315,76,1.0,-2.0,81.0,10.0,1.0,0.0,1.0,0
316,68,0.5,-2.5,77.5,8.0,1.0,0.0,1.0,0
317,70,0.5,-3.0,77.5,10.0,1.0,0.0,1.0,0
318,154,1.5,-2.5,72.5,16.0,1.0,0.0,1.0,0
319,350,2.5,-1.5,67.5,15.0,1.0,0.0,1.0,0
320,682,3.5,-0.5,65.0,16.0,1.0,0.0,1.0,0
321,784,4.0,0.0,70.0,21.0,7.0,0.0,1.0,0
322,998,5.0,1.5,73.0,18.5,7.0,0.0,1.0,0
323,1360,6.5,3.5,73.5,17.0,2.0,0.0,1.0,0
324,1421,6.0,2.5,73.5,20.5,2.0,0.0,1.0,0
325,1531,7.0,4.0,66.0,17.0,2.0,0.0,1.0,0
326,1527,6.0,3.0,71.0,18.0,1.0,0.0,1.0,0
327,1257,6.0,3.0,71.0,15.0,1.0,0.0,1.0,0
328,997,5.0,2.5,76.0,10.0,1.0,0.0,1.0,0
329,765,5.0,2.0,76.0,13.0,1.0,0.0,1.0,0
330,719,5.0,2.0,76.0,12.0,1.0,0.0,1.0,0
331,525,5.0,3.0,81.0,9.0,1.0,0.0,1.0,0
332,415,5.0,2.5,76.0,10.0,1.0,0.0,1.0,0
333,328,5.0,3.0,76.0,7.0,2.0,0.0,1.0,0
334,350,5.0,2.5,78.5,9.0,7.0,0.0,1.0,0
335,383,5.0,3.0,76.0,7.0,2.0,0.0,1.0,0
336,268,5.0,3.5,76.0,6.5,7.0,0.0,1.0,0
337,268,5.0,3.0,81.0,8.0,7.0,0.0,1.0,0
338,140,4.5,3.0,84.0,6.5,7.0,0.0,1.0,0
339,73,4.0,4.0,87.0,0.0,7.0,0.0,1.0,0
340,53,4.0,3.5,90.0,5.0,7.0,0.0,1.0,0
341,54,4.0,3.5,90.0,5.0,7.0,0.0,1.0,0
342,97,4.0,3.5,87.0,5.0,7.0,0.0,1.0,0
343,210,4.0,3.5,93.0,5.0,2.0,0.0,1.0,0
344,406,4.0,2.5,90.0,6.5,7.0,0.0,1.0,0
345,693,4.0,2.0,87.0,9.0,7.0,0.0,1.0,0
346,906,4.0,1.5,84.0,9.0,4.0,0.0,1.0,0
347,1244,4.0,1.0,81.0,12.0,2.0,0.0,1.0,0
348,1401,4.0,1.0,81.0,12.0,2.0,0.0,1.0,0
349,1313,4.0,1.0,75.0,14.0,2.0,0.0,1.0,0
350,1450,4.0,1.0,75.0,13.0,2.0,0.0,1.0,0
351,1111,3.0,2.0,81.0,6.0,2.0,0.0,1.0,0
352,844,3.0,3.0,81.0,4.0,1.0,0.0,1.0,0
353,694,2.0,0.0,87.0,6.5,1.0,0.0,1.0,0
354,510,2.0,-0.5,87.0,8.0,1.0,0.0,1.0,0
355,370,1.5,0.5,87.0,5.5,1.0,0.0,1.0,0
356,265,1.0,1.0,87.0,4.0,1.0,0.0,1.0,0
357,249,1.0,1.0,87.0,4.0,1.0,0.0,1.0,0
358,197,0.5,-1.5,90.0,6.0,1.0,0.0,1.0,0
359,128,0.0,-3.0,93.0,8.0,1.0,0.0,0.0,0
360,57,0.5,-2.5,93.0,8.0,2.0,0.0,0.0,0
361,30,1.0,0.0,93.0,5.5,2.0,0.0,0.0,0
362,32,0.5,-0.5,93.0,3.5,2.0,0.0,0.0,0
363,36,0.5,-1.0,93.0,4.5,3.0,0.0,0.0,0
364,88,1.0,-1.0,93.0,6.5,3.0,0.0,0.0,0
365,472,1.0,-1.0,90.0,7.0,3.0,0.0,0.0,0
366,1695,1.0,-1.0,90.0,6.5,2.0,0.0,0.0,0
367,3554,2.0,-0.5,84.0,7.5,3.0,0.0,0.0,0
368,1828,2.0,-0.5,87.0,8.0,3.0,0.0,0.0,0
369,794,3.0,1.0,75.0,7.5,2.0,0.0,0.0,0
370,688,3.5,3.0,72.5,3.0,2.0,0.0,0.0,0
371,923,4.0,1.5,70.0,9.0,2.0,0.0,0.0,0
372,913,4.0,2.0,70.0,8.0,2.0,0.0,0.0,0
373,815,5.0,3.5,66.0,7.5,3.0,0.0,0.0,0
374,908,5.0,4.0,63.5,6.0,3.0,0.0,0.0,0
375,1257,4.0,2.5,67.5,6.5,3.0,0.0,0.0,0
376,2774,3.5,2.5,72.5,6.0,2.0,0.0,0.0,0
377,2543,3.5,2.5,72.5,6.0,3.0,0.0,0.0,0
378,1442,3.5,1.5,72.5,7.0,3.0,0.0,0.0,0
379,893,3.0,1.5,75.0,6.5,3.0,0.0,0.0,0
380,561,2.5,1.5,78.0,5.5,3.0,0.0,0.0,0
381,356,2.0,1.0,75.0,3.0,2.0,0.0,0.0,0
382,247,2.0,2.0,81.0,2.0,3.0,0.0,0.0,0
383,85,1.0,0.0,87.0,3.0,3.0,0.0,0.0,0
384,49,0.5,-1.0,90.0,6.5,1.0,0.0,0.0,0
385,40,0.0,-1.0,93.0,3.0,1.0,0.0,0.0,0
386,18,-0.5,-0.5,90.0,4.0,1.0,0.0,0.0,0
387,32,-1.0,-2.0,93.0,3.0,1.0,0.0,0.0,0
388,80,-0.5,-0.5,93.0,4.0,2.0,0.0,0.0,0
389,520,-1.0,-2.0,93.0,5.0,1.0,0.0,0.0,0
390,1791,-1.0,-3.5,96.5,6.5,1.0,0.0,0.0,0
391,3700,-0.5,-3.5,96.5,7.0,1.0,0.0,0.0,0
392,1818,0.0,-3.0,93.0,9.0,1.0,0.0,0.0,0
393,806,1.0,0.0,87.0,5.0,2.0,0.0,0.0,0
394,636,2.5,1.0,78.0,6.0,2.0,0.0,0.0,0
395,894,3.5,1.0,78.0,9.0,1.0,0.0,0.0,0
396,966,4.5,2.0,72.5,9.0,2.0,0.0,0.0,0
397,806,5.0,2.0,68.0,11.0,2.0,0.0,0.0,0
398,897,4.0,1.0,75.0,13.0,2.0,0.0,0.0,0
399,1287,4.0,1.0,78.0,13.0,3.0,0.0,0.0,0
400,2683,4.0,1.0,78.0,12.0,1.0,0.0,0.0,0
401,2624,4.0,1.0,75.0,12.0,1.0,0.0,0.0,0
402,1448,4.0,1.0,72.5,13.0,1.0,0.0,0.0,0
403,758,4.0,1.0,70.0,14.0,2.0,0.0,0.0,0
404,603,4.0,0.5,70.0,16.0,2.0,0.0,0.0,0
405,447,4.0,0.5,70.0,17.5,1.0,0.0,0.0,0
406,259,4.0,0.0,70.0,18.5,4.0,0.0,0.0,0
407,151,3.5,-0.5,72.5,18.0,4.0,0.0,0.0,0
408,70,3.0,-1.5,81.0,18.5,4.0,0.0,0.0,0
409,56,3.0,-1.0,81.0,19.0,3.0,0.0,0.0,0
410,24,3.0,-1.0,81.0,17.0,4.0,0.0,0.0,0
411,41,3.0,-1.0,84.0,16.0,7.0,0.0,0.0,0
412,81,3.0,-0.5,87.0,14.0,7.0,0.0,0.0,0
413,522,3.0,-1.0,87.0,18.0,7.0,0.0,0.0,0
414,1656,3.0,-1.0,87.0,18.0,3.0,0.0,0.0,0
415,3655,3.0,-1.0,87.0,18.0,3.0,0.0,0.0,0
416,1976,3.0,-1.0,87.0,18.0,3.0,0.0,0.0,0
417,821,3.0,-1.0,87.0,17.0,3.0,0.0,0.0,0
418,666,3.0,-1.0,87.0,16.0,3.0,0.0,0.0,0
419,805,3.0,-1.0,87.0,17.0,7.0,0.0,0.0,0
420,821,3.5,0.0,84.0,16.0,3.0,0.0,0.0,0
421,701,3.0,-1.0,87.0,17.0,4.0,0.0,0.0,0
422,759,3.0,-1.0,87.0,18.0,4.0,0.0,0.0,0
423,1217,3.0,-1.0,87.0,16.0,4.0,0.0,0.0,0
424,2503,3.0,-0.5,84.0,14.0,4.0,0.0,0.0,0
425,2511,3.0,0.0,87.0,11.0,4.0,0.0,0.0,0
426,1359,3.0,0.0,87.0,13.0,7.0,0.0,0.0,0
427,890,3.0,0.5,81.0,9.0,4.0,0.0,0.0,0
428,666,3.0,2.0,81.0,6.0,4.0,0.0,0.0,0
429,480,3.0,2.0,81.0,6.0,3.0,0.0,0.0,0
430,351,3.0,2.5,81.0,3.0,1.0,0.0,0.0,0
431,138,2.5,2.5,84.0,2.0,1.0,0.0,0.0,0
432,81,2.0,2.0,87.0,2.0,2.0,0.0,0.0,0
433,54,2.0,2.0,87.0,2.0,3.0,0.0,0.0,0
434,37,2.0,1.0,87.0,5.5,4.0,0.0,0.0,0
435,39,2.0,1.0,87.0,5.0,3.0,0.0,0.0,0
436,89,2.0,1.0,87.0,5.0,3.0,0.0,0.0,0
437,512,2.0,2.0,84.0,2.0,3.0,0.0,0.0,0
438,1677,2.0,2.0,81.0,2.0,3.0,0.0,0.0,0
439,3828,2.0,1.0,81.0,5.0,3.0,0.0,0.0,0
440,1911,2.5,2.5,78.0,2.0,3.0,0.0,0.0,0
441,789,4.0,1.5,70.0,9.0,3.0,0.0,0.0,0
442,713,4.0,1.5,67.5,10.0,3.0,0.0,0.0,0
443,914,5.0,2.0,59.0,13.0,2.0,0.0,0.0,0
444,935,5.0,2.0,57.0,13.0,2.0,0.0,0.0,0
445,867,4.5,1.5,59.0,14.0,2.0,0.0,0.0,0
446,885,4.0,1.0,61.0,13.0,2.0,0.0,0.0,0
447,1328,4.0,1.0,63.0,12.0,3.0,0.0,0.0,0
448,2457,3.5,0.5,63.0,12.0,3.0,0.0,0.0,0
449,2422,3.0,0.0,65.0,9.0,3.0,0.0,0.0,0
450,1350,2.0,0.0,70.0,6.5,2.0,0.0,0.0,0
451,850,2.0,0.0,70.0,6.5,1.0,0.0,0.0,0
452,640,0.0,-2.0,80.0,6.0,1.0,0.0,0.0,0
453,438,0.0,0.0,80.0,2.0,1.0,0.0,0.0,0
454,324,0.0,-1.0,80.0,3.0,1.0,0.0,0.0,0
455,171,-0.5,-2.0,86.5,5.5,1.0,0.0,0.0,0
456,96,-1.0,-3.0,86.0,6.0,1.0,0.0,0.0,0
457,58,-1.0,-3.0,86.0,6.0,4.0,0.0,0.0,0
458,41,-0.5,-1.5,83.0,5.0,3.0,0.0,0.0,0
459,31,-1.0,-2.0,86.0,5.0,3.0,0.0,0.0,0
460,80,-1.0,-3.0,86.0,6.0,4.0,0.0,0.0,0
461,426,-1.5,-2.5,89.5,5.0,1.0,0.0,0.0,0
462,1494,-1.0,-3.5,86.0,6.5,1.0,0.0,0.0,0
463,3328,-0.5,-3.5,83.0,7.0,1.0,0.0,0.0,0
464,1839,0.5,-2.0,84.0,6.5,1.0,0.0,0.0,0
465,894,2.0,-0.5,75.0,7.5,1.0,0.0,0.0,0
466,794,3.5,0.5,67.5,12.0,1.0,0.0,0.0,0
467,1084,4.5,1.0,65.5,16.5,1.0,0.0,0.0,0
468,1053,5.0,1.5,66.0,17.5,1.0,0.0,0.0,0
469,1005,5.0,1.0,66.0,19.5,1.0,0.0,0.0,0
470,1002,5.0,2.0,66.0,17.0,1.0,0.0,0.0,0
471,1421,4.0,1.0,75.0,12.0,1.0,0.0,0.0,0
472,2388,4.0,1.0,75.0,14.0,1.0,0.0,0.0,0
473,1946,4.5,1.5,78.5,14.0,2.0,0.0,0.0,0
474,1126,6.0,2.5,76.0,18.5,2.0,0.0,0.0,0
475,687,6.5,2.5,78.5,24.0,2.0,0.0,0.0,0
476,421,7.0,4.0,87.0,20.0,7.0,0.0,0.0,0
477,208,7.5,3.5,87.0,23.0,7.0,0.0,0.0,0
478,299,8.0,4.0,87.0,24.0,7.0,0.0,0.0,0
479,186,8.0,4.5,93.0,22.5,7.0,0.0,1.0,0
480,141,9.0,6.0,90.5,18.0,7.0,0.0,1.0,0
481,142,7.0,4.0,87.0,18.5,26.0,0.0,1.0,0
482,121,6.5,3.5,81.0,18.0,3.0,0.0,1.0,0
483,70,6.0,2.5,76.0,18.5,2.0,0.0,1.0,0
484,61,5.5,1.5,73.5,24.0,1.0,0.0,1.0,0
485,76,5.0,1.0,76.0,19.0,1.0,0.0,1.0,0
486,142,4.0,1.0,81.0,14.0,1.0,0.0,1.0,0
487,318,4.5,1.0,75.5,16.0,1.0,0.0,1.0,0
488,723,5.0,1.5,70.0,18.0,1.0,0.0,1.0,0
489,1086,5.5,1.5,68.0,24.0,1.0,0.0,1.0,0
490,1411,6.0,2.0,66.0,24.0,1.0,0.0,1.0,0
491,1636,6.0,2.0,61.0,24.0,1.0,0.0,1.0,0
492,1769,7.0,3.5,61.0,22.0,1.0,0.0,1.0,0
493,1796,7.0,4.0,61.0,20.0,2.0,0.0,1.0,0
494,1798,7.0,3.0,61.0,22.0,1.0,0.0,1.0,0
495,1597,6.5,3.5,63.5,17.0,1.0,0.0,1.0,0
496,1226,6.0,3.0,66.0,15.0,1.0,0.0,1.0,0
497,837,5.5,2.5,68.0,13.0,1.0,0.0,1.0,0
498,709,5.0,2.0,68.0,14.0,1.0,0.0,1.0,0
499,526,4.5,1.5,70.0,13.0,1.0,0.0,1.0,0
500,393,4.0,1.0,72.5,13.0,1.0,0.0,1.0,0
501,401,3.5,0.5,75.0,13.0,1.0,0.0,1.0,0
502,374,3.0,-0.5,81.0,13.0,1.0,0.0,1.0,0
503,347,3.0,0.0,81.0,13.0,1.0,0.0,1.0,0
504,261,2.0,-1.5,87.0,12.0,1.0,0.0,1.0,0
505,216,2.0,-1.0,81.0,10.0,1.0,0.0,1.0,0
506,162,2.0,-2.0,87.0,14.0,1.0,0.0,1.0,0
507,107,2.0,-2.0,84.0,13.0,1.0,0.0,1.0,0
508,70,2.0,-1.5,87.0,12.0,1.0,0.0,1.0,0
509,83,2.0,-2.0,87.0,13.0,1.0,0.0,1.0,0
510,108,2.0,-2.0,87.0,15.0,1.0,0.0,1.0,0
511,226,3.0,-0.5,81.0,15.0,1.0,0.0,1.0,0
512,529,3.5,0.5,78.0,13.0,3.0,0.0,1.0,0
513,857,5.0,2.0,70.0,15.0,4.0,0.0,1.0,0
514,1195,6.5,4.0,68.5,13.0,4.0,0.0,1.0,0
515,1478,8.5,5.5,62.0,19.5,3.0,0.0,1.0,0
516,1705,8.0,5.0,66.0,18.0,3.0,0.0,1.0,0
517,1519,9.0,6.0,66.0,22.0,3.0,0.0,1.0,0
518,1477,8.0,5.0,71.0,21.0,3.0,0.0,1.0,0
519,1238,8.0,5.0,71.0,18.0,3.0,0.0,1.0,0
520,875,8.0,5.0,71.0,19.5,3.0,0.0,1.0,0
521,810,8.0,5.0,73.5,19.5,3.0,0.0,1.0,0
522,566,8.0,5.0,76.0,19.5,3.0,0.0,1.0,0
523,423,8.0,5.0,76.0,18.5,3.0,0.0,1.0,0
524,335,8.0,5.0,82.0,18.5,4.0,0.0,1.0,0
525,297,8.0,5.0,82.0,18.0,4.0,0.0,1.0,0
526,210,8.0,5.0,82.0,18.0,4.0,0.0,1.0,0
527,115,8.0,5.0,87.0,19.0,7.0,0.0,0.0,0
528,74,8.5,5.5,87.0,18.0,4.0,0.0,0.0,0
529,34,9.0,6.0,87.0,21.5,4.0,0.0,0.0,0
530,33,9.0,6.0,87.0,19.5,4.0,0.0,0.0,0
531,47,9.0,6.5,87.0,16.0,3.0,0.0,0.0,0
532,88,9.5,7.0,84.5,17.0,3.0,0.0,0.0,0
533,472,10.0,7.5,82.0,18.5,7.0,0.0,0.0,0
534,1619,10.0,7.5,88.0,18.5,3.0,0.0,0.0,0
535,3589,10.0,8.0,85.0,18.0,3.0,0.0,0.0,0
536,1844,10.5,9.0,85.0,19.5,3.0,0.0,0.0,0
537,603,10.0,7.5,85.0,16.5,7.0,0.0,0.0,0
538,621,10.0,7.0,71.5,23.0,3.0,0.0,0.0,0
539,841,10.0,7.0,62.5,24.0,2.0,0.0,0.0,0
540,884,9.0,6.0,64.0,19.5,3.0,0.0,0.0,0
541,796,9.0,6.0,60.0,22.0,2.0,0.0,0.0,0
542,904,8.0,4.5,62.0,23.0,2.0,0.0,0.0,0
543,1319,8.0,4.5,62.0,21.5,2.0,0.0,0.0,0
544,2723,8.0,5.0,62.0,19.0,2.0,0.0,0.0,0
545,2509,7.5,4.5,64.0,18.0,1.0,0.0,0.0,0
546,1457,7.0,4.0,66.0,20.0,1.0,0.0,0.0,0
547,941,7.0,4.0,66.0,17.0,1.0,0.0,0.0,0
548,550,6.5,3.5,68.5,17.0,1.0,0.0,0.0,0
549,433,6.0,3.0,76.0,14.0,1.0,0.0,0.0,0
550,214,6.0,3.0,76.0,15.0,1.0,0.0,0.0,0
551,133,5.5,2.5,76.0,14.0,1.0,0.0,0.0,0
552,69,5.0,2.0,78.5,15.0,1.0,0.0,0.0,0
553,30,5.0,2.0,76.0,14.0,1.0,0.0,0.0,0
554,33,5.0,2.0,76.0,12.0,1.0,0.0,0.0,0
555,43,5.0,2.0,76.0,12.0,1.0,0.0,0.0,0
556,88,5.5,2.5,78.5,13.0,1.0,0.0,0.0,0
557,571,6.0,3.5,76.0,12.0,1.0,0.0,0.0,0
558,1913,6.0,3.0,76.0,15.0,1.0,0.0,0.0,0
559,3835,5.5,2.5,78.5,15.0,1.0,0.0,0.0,0
560,1900,6.5,3.5,73.5,15.0,2.0,0.0,0.0,0
561,874,7.0,4.0,73.5,18.0,2.0,0.0,0.0,0
562,763,8.0,5.0,71.0,19.0,2.0,0.0,0.0,0
563,999,9.0,6.0,66.0,17.0,2.0,0.0,0.0,0
564,977,9.0,6.0,66.0,19.5,3.0,0.0,0.0,0
565,866,9.0,6.0,68.5,19.0,3.0,0.0,0.0,0
566,976,8.0,5.5,71.0,16.0,3.0,0.0,0.0,0
567,1346,8.0,6.0,71.0,11.0,3.0,0.0,0.0,0
568,2724,8.0,7.0,71.0,7.0,3.0,0.0,0.0,0
569,2750,8.0,6.0,71.0,11.0,3.0,0.0,0.0,0
570,1539,8.0,4.5,71.0,22.0,3.0,0.0,0.0,0
571,1001,8.0,5.0,64.0,19.5,3.0,0.0,0.0,0
572,642,8.0,5.0,66.0,18.0,4.0,0.0,0.0,0
573,566,7.0,4.0,71.0,15.0,4.0,0.0,0.0,0
574,362,7.0,4.0,71.0,18.0,4.0,0.0,0.0,0
575,190,7.0,4.0,73.5,19.5,3.0,0.0,0.0,0
576,78,7.0,3.0,76.0,23.0,3.0,0.0,0.0,0
577,57,7.0,3.0,76.0,22.0,4.0,0.0,0.0,0
578,59,7.0,3.0,81.0,25.0,4.0,0.0,0.0,0
579,39,8.0,4.5,76.0,22.0,4.0,0.0,0.0,0
580,99,8.0,4.5,82.0,23.0,4.0,0.0,0.0,0
581,575,9.0,5.5,79.0,24.0,3.0,0.0,0.0,0
582,1536,9.0,6.0,87.0,24.0,7.0,0.0,0.0,0
583,3576,10.0,7.0,88.0,24.0,3.0,0.0,0.0,0
584,1788,10.0,7.0,88.0,29.0,7.0,0.0,0.0,0
585,522,10.5,9.0,91.0,32.5,7.0,0.0,0.0,0
586,558,10.5,8.5,67.0,40.0,2.0,0.0,0.0,0
587,624,7.5,2.5,73.5,41.5,7.0,0.0,0.0,0
588,629,6.5,1.5,71.0,38.0,7.0,0.0,0.0,0
589,665,7.0,2.0,59.0,37.0,2.0,0.0,0.0,0
590,823,6.5,1.5,55.0,37.0,2.0,0.0,0.0,0
591,1269,6.0,1.0,53.0,34.0,2.0,0.0,0.0,0
592,2426,5.5,0.5,53.0,33.5,1.0,0.0,0.0,0
593,2377,5.0,0.0,53.0,31.5,1.0,0.0,0.0,0
594,1413,5.0,0.5,57.0,26.0,1.0,0.0,0.0,0
595,854,4.0,-1.0,63.0,27.0,1.0,0.0,0.0,0
596,652,4.0,-1.0,65.0,29.0,1.0,0.0,0.0,0
597,451,4.0,-1.0,65.0,29.0,1.0,0.0,0.0,0
598,276,3.5,-1.5,72.5,28.0,1.0,0.0,0.0,0
599,122,3.0,-2.0,75.0,26.0,2.0,0.0,0.0,0
600,106,3.0,-3.0,78.0,30.0,2.0,0.0,0.0,0
601,34,3.0,-3.0,75.0,30.0,1.0,0.0,0.0,0
602,38,3.0,-2.5,75.0,29.5,2.0,0.0,0.0,0
603,33,3.0,-2.0,75.0,28.0,1.0,0.0,0.0,0
604,76,3.0,-2.0,75.0,28.0,1.0,0.0,0.0,0
605,529,3.0,-2.0,81.0,22.0,1.0,0.0,0.0,0
606,1760,3.0,-2.0,81.0,21.0,2.0,0.0,0.0,0
607,3783,3.0,-2.0,81.0,24.0,2.0,0.0,0.0,0
608,1905,4.5,-0.5,72.5,26.0,2.0,0.0,0.0,0
609,811,5.5,1.0,68.0,27.0,2.0,0.0,0.0,0
610,700,6.0,1.0,63.5,35.0,3.0,0.0,0.0,0
611,889,6.0,1.0,61.0,30.5,3.0,0.0,0.0,0
612,894,6.5,1.5,59.0,31.5,2.0,0.0,0.0,0
613,757,6.5,1.5,59.0,31.5,3.0,0.0,0.0,0
614,580,4.5,-0.5,78.5,28.5,7.0,0.0,0.0,0
615,922,4.0,-0.5,75.5,25.0,7.0,0.0,0.0,0
616,1984,3.0,-1.5,75.0,20.5,2.0,0.0,0.0,0
617,2076,3.0,-1.5,75.0,19.5,2.0,0.0,0.0,0
618,1237,3.0,-2.0,75.0,26.0,2.0,0.0,0.0,0
619,770,3.0,-2.0,72.5,26.0,2.0,0.0,0.0,0
620,525,2.5,-2.5,81.0,23.0,26.0,0.0,0.0,0
621,430,2.5,-2.5,78.0,24.0,3.0,0.0,0.0,0
622,314,3.0,-2.0,75.0,25.0,3.0,0.0,0.0,0
623,190,3.0,-2.0,75.0,24.0,3.0,0.0,0.0,0
624,80,3.0,-2.0,81.0,22.0,7.0,0.0,0.0,0
625,79,3.0,-1.0,81.0,17.0,7.0,0.0,0.0,0
626,60,3.5,-0.5,75.5,17.0,1.0,0.0,0.0,0
627,45,4.0,0.0,78.0,19.5,7.0,0.0,0.0,0
628,74,3.0,-0.5,87.0,15.0,26.0,0.0,0.0,0
629,426,3.0,0.5,93.0,9.0,26.0,0.0,0.0,0
630,1388,2.5,0.0,90.0,9.0,26.0,0.0,0.0,0
631,3090,2.0,-2.5,90.0,18.5,3.0,0.0,0.0,0
632,1667,2.0,-2.5,87.0,16.0,3.0,0.0,0.0,0
633,766,2.5,-1.5,84.0,16.0,3.0,0.0,0.0,0
634,762,4.0,0.0,75.0,18.5,2.0,0.0,0.0,0
635,967,5.5,1.5,73.5,20.0,2.0,0.0,0.0,0
636,923,6.0,2.0,66.0,23.0,3.0,0.0,0.0,0
637,849,6.0,2.0,71.0,21.0,3.0,0.0,0.0,0
638,911,6.0,2.5,71.0,19.5,3.0,0.0,0.0,0
639,1452,6.0,2.5,71.0,16.5,2.0,0.0,0.0,0
640,2350,5.5,2.5,70.5,17.0,2.0,0.0,0.0,0
641,1940,5.5,1.5,66.0,19.5,1.0,0.0,0.0,0
642,1131,4.5,1.5,68.0,14.0,2.0,0.0,0.0,0
643,734,5.0,1.5,68.0,17.0,1.0,0.0,0.0,0
644,506,4.0,0.5,72.5,16.5,1.0,0.0,0.0,0
645,384,3.0,-0.5,81.0,16.0,1.0,0.0,0.0,0
646,397,3.0,-1.0,75.0,18.0,1.0,0.0,0.0,0
647,379,2.0,-2.0,81.0,16.0,1.0,0.0,1.0,0
648,281,2.0,-2.5,81.0,17.5,1.0,0.0,1.0,0
649,252,2.0,-3.0,81.0,19.5,1.0,0.0,1.0,0
650,163,1.0,-3.5,87.0,17.0,1.0,0.0,1.0,0
651,96,2.0,-2.5,81.0,18.0,3.0,0.0,1.0,0
652,80,2.0,-2.5,87.0,18.0,26.0,0.0,1.0,0
653,62,2.0,-2.0,93.0,17.0,3.0,0.0,1.0,0
654,129,3.0,-1.0,87.0,16.0,26.0,0.0,1.0,0
655,182,3.0,-1.0,87.0,15.0,7.0,0.0,1.0,0
656,468,3.0,-1.0,87.0,16.0,7.0,0.0,1.0,0
657,705,3.0,-1.0,87.0,15.0,3.0,0.0,1.0,0
658,926,4.0,0.0,81.0,18.5,3.0,0.0,1.0,0
659,816,4.0,0.0,81.0,18.5,7.0,0.0,1.0,0
660,409,3.0,-1.0,87.0,18.0,7.0,0.0,1.0,0
661,521,3.5,-0.5,90.0,19.5,7.0,0.0,1.0,0
662,632,5.0,1.0,78.5,21.5,7.0,0.0,1.0,0
663,795,5.0,0.0,70.0,29.0,3.0,0.0,1.0,0
664,840,5.0,1.0,70.0,24.0,7.0,0.0,1.0,0
665,635,5.0,1.0,68.0,22.0,7.0,0.0,1.0,0
666,565,5.0,0.5,63.5,26.0,4.0,0.0,1.0,0
667,447,5.0,0.5,59.0,24.0,4.0,0.0,1.0,0
668,305,4.5,-0.5,61.0,27.0,3.0,0.0,1.0,0
669,276,4.0,-1.0,61.0,24.0,4.0,0.0,1.0,0
670,286,4.0,-1.0,61.0,26.0,4.0,0.0,1.0,0
671,273,4.0,-1.0,61.0,27.0,2.0,0.0,1.0,0
672,246,2.5,-3.0,78.5,28.0,26.0,0.0,1.0,0
673,156,2.0,-3.0,87.0,23.0,7.0,0.0,1.0,0
674,83,2.0,-3.0,87.0,22.0,26.0,0.0,1.0,0
675,59,2.5,-2.5,84.0,25.0,7.0,0.0,1.0,0
676,43,4.0,-1.0,67.5,28.0,4.0,0.0,1.0,0
677,50,4.0,-1.5,65.0,31.5,3.0,0.0,1.0,0
678,90,4.0,-1.5,67.5,32.0,3.0,0.0,1.0,0
679,208,4.0,-2.0,67.5,34.0,4.0,0.0,1.0,0
680,411,4.5,-0.5,65.5,31.0,4.0,0.0,1.0,0
681,655,4.5,-0.5,65.5,30.0,4.0,0.0,1.0,0
682,884,5.0,0.0,63.5,30.5,4.0,0.0,1.0,0
683,1117,5.0,0.0,66.0,30.0,3.0,0.0,1.0,0
684,1083,6.0,1.5,61.0,29.0,3.0,0.0,1.0,0
685,1082,5.5,1.5,63.5,24.0,3.0,0.0,1.0,0
686,1007,5.0,1.0,63.5,24.0,3.0,0.0,1.0,0
687,970,5.0,0.0,61.0,26.0,3.0,0.0,1.0,0
688,724,4.5,0.5,61.0,19.5,3.0,0.0,1.0,0
689,624,4.0,0.0,61.0,19.5,3.0,0.0,1.0,0
690,502,4.0,0.0,61.0,18.5,4.0,0.0,1.0,0
691,380,3.5,0.0,58.0,17.0,3.0,0.0,1.0,0
692,256,2.5,-1.5,62.5,16.0,1.0,0.0,1.0,0
693,244,2.0,-2.0,65.0,15.0,1.0,0.0,1.0,0
694,158,1.0,-3.0,65.0,14.0,1.0,0.0,1.0,0
695,124,1.0,-3.0,65.0,13.0,1.0,0.0,0.0,0
696,64,1.0,-2.5,65.0,12.0,1.0,0.0,0.0,0
697,40,0.0,-4.0,69.0,13.0,1.0,0.0,0.0,0
698,77,-1.0,-6.0,69.0,16.0,1.0,0.0,0.0,0
699,37,-1.0,-5.5,69.0,13.0,1.0,0.0,0.0,0
700,72,0.0,-4.0,64.0,12.0,1.0,0.0,0.0,0
701,407,-0.5,-4.5,66.5,14.0,1.0,0.0,0.0,0
702,1543,0.0,-4.5,69.0,16.0,1.0,0.0,0.0,0
703,3556,0.5,-3.5,67.0,12.0,1.0,0.0,0.0,0
704,1704,1.5,-2.5,62.5,15.0,1.0,0.0,0.0,0
705,737,2.0,-2.0,60.0,16.0,1.0,0.0,0.0,0
706,686,2.0,-2.0,60.0,17.0,1.0,0.0,0.0,0
707,765,2.5,-1.5,58.0,14.0,1.0,0.0,0.0,0
708,817,3.0,-0.5,58.0,14.0,1.0,0.0,0.0,0
709,761,3.0,-1.0,60.0,16.0,2.0,0.0,0.0,0
710,766,3.0,-0.5,60.0,14.0,2.0,0.0,0.0,0
711,1185,3.0,-1.0,60.0,15.0,2.0,0.0,0.0,0
712,2534,2.0,-1.5,65.0,11.0,1.0,0.0,0.0,0
713,2476,2.0,-1.0,67.5,11.0,1.0,0.0,0.0,0
714,1394,2.0,-1.0,67.5,9.0,1.0,0.0,0.0,0
715,842,1.5,-1.0,67.5,8.0,1.0,0.0,0.0,0
716,508,1.0,-1.0,67.5,7.0,1.0,0.0,0.0,0
717,343,1.0,-1.5,70.0,8.0,1.0,0.0,0.0,0
718,202,0.5,-2.0,69.5,7.0,2.0,0.0,0.0,0
719,94,1.0,-1.5,75.0,8.0,3.0,0.0,0.0,0
720,64,1.0,-2.0,81.0,9.0,4.0,0.0,0.0,0
721,27,1.0,-2.0,87.0,9.0,26.0,0.0,0.0,0
722,20,1.0,-1.0,90.0,6.5,26.0,0.0,0.0,0
723,21,1.0,-1.0,93.0,6.5,7.0,0.0,0.0,0
724,63,1.0,-1.0,93.0,6.5,26.0,0.0,0.0,0
725,356,1.0,-1.5,93.0,8.0,26.0,0.0,0.0,0
726,1364,1.0,-1.5,93.0,9.0,26.0,0.0,0.0,0
727,2972,1.0,-3.0,93.0,15.0,3.0,0.0,0.0,0
728,1611,1.0,-3.0,93.0,13.0,3.0,0.0,0.0,0
729,663,2.0,-1.5,87.0,11.0,3.0,0.0,0.0,0
730,575,2.5,-1.0,87.0,13.0,3.0,0.0,0.0,0
731,775,3.0,-1.5,81.0,17.5,3.0,0.0,0.0,0
732,780,4.0,0.0,75.0,17.0,2.0,0.0,0.0,0
733,706,4.0,0.5,78.0,17.0,2.0,0.0,0.0,0
734,771,4.0,0.0,81.0,17.0,2.0,0.0,0.0,0
735,1178,4.0,1.0,81.0,15.0,2.0,0.0,0.0,0
736,2301,4.0,1.0,75.0,15.0,7.0,0.0,0.0,0
737,2236,3.0,0.0,81.0,11.0,2.0,0.0,0.0,0
738,1339,3.0,0.0,84.0,11.0,2.0,0.0,0.0,0
739,795,2.0,-2.0,93.0,13.0,1.0,0.0,0.0,0
740,571,2.0,-1.5,87.0,12.0,3.0,0.0,0.0,0
741,383,2.5,-0.5,84.0,11.0,4.0,0.0,0.0,0
742,204,2.0,-2.0,87.0,13.0,4.0,0.0,0.0,0
743,105,2.0,-1.5,87.0,11.0,3.0,0.0,0.0,0
744,68,2.0,-0.5,87.0,8.0,3.0,0.0,0.0,0
745,47,1.5,-1.0,84.0,8.0,1.0,0.0,0.0,0
746,42,1.0,-1.0,87.0,7.0,2.0,0.0,0.0,0
747,25,1.0,-2.5,87.0,12.0,2.0,0.0,0.0,0
748,86,1.0,-2.5,93.0,13.0,3.0,0.0,0.0,0
749,493,2.0,-1.0,87.0,10.0,3.0,0.0,0.0,0
750,1696,2.0,-1.5,87.0,12.0,3.0,0.0,0.0,0
751,3502,2.0,-1.5,87.0,12.0,3.0,0.0,0.0,0
752,1806,2.0,-2.0,87.0,15.0,3.0,0.0,0.0,0
753,758,2.5,-1.5,84.0,18.0,2.0,0.0,0.0,0
754,656,3.5,-0.5,75.0,18.0,2.0,0.0,0.0,0
755,857,4.0,0.0,70.0,19.0,3.0,0.0,0.0,0
756,813,4.0,0.5,70.0,16.0,3.0,0.0,0.0,0
757,768,4.5,0.5,72.5,18.0,3.0,0.0,0.0,0
758,738,5.0,1.5,70.0,18.0,7.0,0.0,0.0,0
759,1136,5.0,2.0,73.0,16.0,3.0,0.0,0.0,0
760,2432,4.0,0.0,75.0,19.0,3.0,0.0,0.0,0
761,2306,4.0,0.0,75.0,19.0,3.0,0.0,0.0,0
762,1356,4.0,1.0,75.0,15.0,2.0,0.0,0.0,0
763,827,3.0,-0.5,81.0,15.0,3.0,0.0,0.0,0
764,596,3.0,0.0,81.0,13.0,3.0,0.0,0.0,0
765,443,3.0,0.0,81.0,12.0,4.0,0.0,0.0,0
766,294,3.0,-0.5,81.0,15.0,3.0,0.0,0.0,0
767,140,2.5,-1.0,84.0,13.0,3.0,0.0,0.0,0
768,84,2.0,-1.5,87.0,13.0,2.0,0.0,0.0,0
769,59,2.5,-1.0,84.0,14.0,2.0,0.0,0.0,0
770,33,3.0,-1.0,81.0,15.0,2.0,0.0,0.0,0
771,44,3.0,-0.5,81.0,14.0,1.0,0.0,0.0,0
772,100,3.0,-1.0,81.0,17.0,2.0,0.0,0.0,0
773,472,2.5,-2.5,87.0,20.0,26.0,0.0,0.0,0
774,1433,2.0,-2.0,87.0,16.0,26.0,0.0,0.0,0
775,2894,2.0,-1.0,87.0,11.0,26.0,0.0,0.0,0
776,1635,2.0,-1.5,93.0,13.0,3.0,0.0,0.0,0
777,665,2.5,-1.5,90.0,14.0,3.0,0.0,0.0,0
778,563,3.0,0.0,87.0,13.0,2.0,0.0,0.0,0
779,789,4.0,0.0,81.0,17.0,2.0,0.0,0.0,0
780,891,5.0,2.0,73.0,17.0,3.0,0.0,0.0,0
781,748,5.0,1.0,65.5,19.5,7.0,0.0,0.0,0
782,828,5.0,1.0,53.0,21.0,2.0,0.0,0.0,0
783,1259,4.5,0.5,59.5,20.5,7.0,0.0,0.0,0
784,2483,3.0,-1.5,67.5,18.5,2.0,0.0,0.0,0
785,2402,3.0,-0.5,70.0,16.0,2.0,0.0,0.0,0
786,1316,2.0,-2.0,75.0,16.0,2.0,0.0,0.0,0
787,875,2.0,-2.0,81.0,17.0,3.0,0.0,0.0,0
788,642,2.0,-2.0,75.0,16.0,2.0,0.0,0.0,0
789,512,2.0,-2.0,75.0,17.0,4.0,0.0,0.0,0
790,333,2.0,-2.0,70.0,16.0,3.0,0.0,0.0,0
791,215,1.5,-2.5,72.5,16.0,3.0,0.0,0.0,0
792,105,1.5,-2.5,72.5,16.0,3.0,0.0,0.0,0
793,67,1.0,-3.0,75.0,17.0,2.0,0.0,0.0,0
794,48,1.0,-3.0,75.0,15.0,2.0,0.0,0.0,0
795,40,1.0,-3.5,75.0,18.5,3.0,0.0,0.0,0
796,83,2.0,-3.0,67.5,19.0,4.0,0.0,0.0,0
797,431,2.0,-3.0,70.0,19.0,3.0,0.0,0.0,0
798,1460,2.0,-3.0,70.0,20.0,2.0,0.0,0.0,0
799,3214,2.0,-3.0,70.0,22.0,3.0,0.0,0.0,0
800,1734,2.5,-2.5,67.5,21.0,3.0,0.0,0.0,0
801,815,3.0,-1.5,70.0,19.5,3.0,0.0,0.0,0
802,705,4.0,0.0,65.0,21.0,2.0,0.0,0.0,0
803,1036,4.5,-0.5,63.0,26.0,2.0,0.0,0.0,0
804,989,5.0,0.5,57.0,27.0,2.0,0.0,0.0,0
805,836,5.0,0.5,59.0,25.0,2.0,0.0,0.0,0
806,919,5.0,1.0,59.0,22.0,2.0,0.0,0.0,0
807,1360,4.5,0.0,63.0,24.0,2.0,0.0,0.0,0
808,2267,4.0,0.0,65.0,20.5,2.0,0.0,0.0,0
809,1777,3.0,-1.0,70.0,16.0,1.0,0.0,0.0,0
810,1081,2.5,-1.5,72.5,17.0,1.0,0.0,0.0,0
811,579,2.0,-2.0,75.0,17.0,1.0,0.0,0.0,0
812,425,2.0,-2.0,81.0,16.0,1.0,0.0,0.0,0
813,456,2.0,-2.0,78.0,15.0,1.0,0.0,0.0,0
814,313,1.5,-2.5,84.0,13.0,1.0,0.0,0.0,0
815,286,1.5,-2.5,84.0,14.0,1.0,0.0,1.0,0
816,240,1.0,-3.0,87.0,14.0,1.0,0.0,1.0,0
817,179,1.0,-3.0,87.0,13.0,1.0,0.0,1.0,0
818,149,2.0,-1.0,81.0,10.0,1.0,0.0,1.0,0
819,72,1.0,-1.0,87.0,6.5,1.0,0.0,1.0,0
820,46,1.0,-2.0,87.0,10.0,2.0,0.0,1.0,0
821,65,2.0,-1.0,81.0,9.0,2.0,0.0,1.0,0
822,145,1.5,-0.5,87.0,7.0,3.0,0.0,1.0,0
823,327,3.0,2.5,84.0,5.0,3.0,0.0,1.0,0
824,580,4.0,2.0,81.0,9.0,3.0,0.0,1.0,0
825,812,4.0,1.5,87.0,10.0,3.0,0.0,1.0,0
826,916,5.0,2.0,87.0,12.0,3.0,0.0,1.0,0
827,1165,5.5,2.5,81.5,13.0,3.0,0.0,1.0,0
828,1139,6.0,3.0,76.0,14.0,4.0,0.0,1.0,0
829,1068,6.0,3.0,76.0,15.0,3.0,0.0,1.0,0
830,1107,5.0,2.0,81.0,16.0,4.0,0.0,1.0,0
831,1104,5.0,2.0,81.0,16.0,3.0,0.0,1.0,0
832,965,5.0,2.0,81.0,15.0,3.0,0.0,1.0,0
833,689,6.0,3.5,76.0,13.0,4.0,0.0,1.0,0
834,678,6.0,3.0,81.0,14.0,4.0,0.0,1.0,0
835,471,5.0,3.0,81.0,8.0,3.0,0.0,1.0,0
836,302,5.0,3.0,87.0,9.0,4.0,0.0,1.0,0
837,322,4.5,2.0,84.0,10.0,2.0,0.0,1.0,0
838,322,4.0,1.5,87.0,9.0,2.0,0.0,1.0,0
839,336,4.0,2.0,87.0,8.0,3.0,0.0,1.0,0
840,233,5.0,2.0,81.0,11.0,4.0,0.0,1.0,0
841,197,5.0,2.5,78.5,10.0,3.0,0.0,1.0,0
842,133,4.0,1.0,81.0,11.0,3.0,0.0,1.0,0
843,97,5.0,2.0,76.0,14.0,2.0,0.0,1.0,0
844,66,4.0,1.5,81.0,9.0,1.0,0.0,1.0,0
845,55,4.0,2.0,81.0,7.0,2.0,0.0,1.0,0
846,93,4.0,1.5,81.0,9.0,3.0,0.0,1.0,0
847,230,4.0,2.0,81.0,7.0,4.0,0.0,1.0,0
848,480,4.5,2.0,78.5,9.0,2.0,0.0,1.0,0
849,893,5.5,2.5,78.5,13.0,2.0,0.0,1.0,0
850,1153,7.0,4.5,71.0,13.0,2.0,0.0,1.0,0
851,1471,7.0,5.0,71.0,13.0,2.0,0.0,1.0,0
852,1663,7.5,5.5,68.5,11.0,2.0,0.0,1.0,0
853,1824,8.0,6.0,66.0,11.0,2.0,0.0,1.0,0
854,1765,8.0,6.0,62.0,11.0,2.0,0.0,1.0,0
855,1502,7.5,6.5,66.5,6.5,2.0,0.0,1.0,0
856,1119,6.5,5.5,71.0,5.5,1.0,0.0,1.0,0
857,806,6.0,5.5,76.0,5.0,1.0,0.0,1.0,0
858,510,5.0,2.5,78.5,11.0,1.0,0.0,1.0,0
859,388,5.0,2.5,78.5,10.0,1.0,0.0,1.0,0
860,334,5.0,2.0,78.5,14.0,1.0,0.0,1.0,0
861,246,4.5,1.5,78.5,13.0,1.0,0.0,1.0,0
862,184,4.5,1.5,78.5,14.0,1.0,0.0,1.0,0
863,122,3.0,-1.0,87.0,16.5,2.0,0.0,0.0,0
864,50,2.5,-0.5,90.0,11.0,2.0,0.0,0.0,0
865,36,4.0,0.5,87.0,16.0,3.0,0.0,0.0,0
866,21,4.0,1.0,87.0,11.0,3.0,0.0,0.0,0
867,39,4.5,1.5,87.0,13.0,4.0,0.0,0.0,0
868,79,5.0,2.5,87.0,10.0,4.0,0.0,0.0,0
869,479,5.0,3.5,87.0,6.5,4.0,0.0,0.0,0
870,1730,5.0,2.0,87.0,11.0,3.0,0.0,0.0,0
871,3721,5.0,3.5,87.0,6.5,4.0,0.0,0.0,0
872,1729,5.0,2.5,87.0,10.0,4.0,0.0,0.0,0
873,773,6.0,3.5,81.0,11.0,3.0,0.0,0.0,0
874,736,7.0,4.5,76.0,14.0,2.0,0.0,0.0,0
875,993,8.0,5.5,71.0,14.0,2.0,0.0,0.0,0
876,1003,8.5,7.0,68.5,11.0,2.0,0.0,0.0,0
877,921,9.0,7.0,66.0,11.0,2.0,0.0,0.0,0
878,980,9.5,8.5,64.0,9.0,2.0,0.0,0.0,0
879,1431,9.5,8.5,64.0,7.0,2.0,0.0,0.0,0
880,2850,8.5,7.5,68.5,6.0,2.0,0.0,0.0,0
881,2577,6.5,6.0,78.5,5.0,1.0,0.0,0.0,0
882,1482,6.0,5.5,81.0,5.0,2.0,0.0,0.0,0
883,880,5.0,3.5,87.0,7.5,2.0,0.0,0.0,0
884,604,4.0,3.5,90.0,5.0,2.0,0.0,0.0,0
885,410,3.0,3.0,93.0,2.0,2.0,0.0,0.0,0
886,212,3.5,3.5,93.0,2.0,4.0,0.0,0.0,0
887,128,3.5,3.0,93.0,3.0,4.0,0.0,0.0,0
888,58,4.0,4.0,93.0,4.0,4.0,0.0,0.0,0
889,47,4.0,3.5,93.0,5.0,4.0,0.0,0.0,0
890,21,4.0,4.0,93.0,4.0,4.0,0.0,0.0,0
891,35,4.0,4.0,93.0,2.0,4.0,0.0,0.0,0
892,105,4.5,4.5,90.0,2.0,4.0,0.0,0.0,0
893,552,4.5,4.5,90.0,2.0,4.0,0.0,0.0,0
894,1911,5.0,4.0,87.0,6.0,4.0,0.0,0.0,0
895,3788,5.0,4.5,87.0,5.0,4.0,0.0,0.0,0
896,1918,5.5,4.0,81.5,7.5,4.0,0.0,0.0,0
897,855,6.0,4.0,73.5,9.0,4.0,0.0,0.0,0
898,719,6.5,5.0,68.5,6.5,3.0,0.0,0.0,0
899,933,7.0,6.5,66.0,3.0,4.0,0.0,0.0,0
900,954,7.0,7.0,66.0,2.0,2.0,0.0,0.0,0
901,876,7.0,6.5,68.5,5.0,3.0,0.0,0.0,0
902,955,7.0,6.0,68.5,7.0,3.0,0.0,0.0,0
903,1386,6.5,4.5,71.0,9.0,3.0,0.0,0.0,0
904,2671,6.5,4.5,71.0,10.0,3.0,0.0,0.0,0
905,2586,6.0,3.5,76.0,12.0,4.0,0.0,0.0,0
906,1453,6.0,4.0,76.0,11.0,3.0,0.0,0.0,0
907,861,6.0,4.0,76.0,9.0,3.0,0.0,0.0,0
908,464,6.0,3.0,73.5,14.0,4.0,0.0,0.0,0
909,283,5.0,2.0,76.0,11.0,4.0,0.0,0.0,0
910,134,5.0,2.0,78.5,12.0,4.0,0.0,0.0,0
911,61,5.0,3.0,76.0,9.0,4.0,0.0,0.0,0
912,44,5.0,2.5,81.0,10.0,4.0,0.0,0.0,0
913,38,5.0,2.0,81.0,11.0,4.0,0.0,0.0,0
914,25,5.0,3.0,81.0,9.0,4.0,0.0,0.0,0
915,81,5.0,2.5,81.0,9.0,4.0,0.0,0.0,0
916,519,5.0,3.0,78.5,8.0,3.0,0.0,0.0,0
917,1796,5.0,3.0,81.0,8.0,3.0,0.0,0.0,0
918,3671,5.5,3.5,78.5,8.0,3.0,0.0,0.0,0
919,1840,5.0,3.0,81.0,8.0,3.0,0.0,0.0,0
920,841,5.5,3.0,73.5,9.0,4.0,0.0,0.0,0
921,698,5.0,3.0,78.5,7.0,3.0,0.0,0.0,0
922,924,5.0,3.0,76.0,7.0,3.0,0.0,0.0,0
923,899,5.0,4.5,76.0,5.0,3.0,0.0,0.0,0
924,805,5.0,5.0,76.0,2.0,4.0,0.0,0.0,0
925,898,5.0,4.5,76.0,3.0,4.0,0.0,0.0,0
926,1347,5.0,4.0,76.0,6.0,4.0,0.0,0.0,0
927,2575,5.0,3.0,76.0,7.0,4.0,0.0,0.0,0
928,2441,5.0,3.0,76.0,7.0,4.0,0.0,0.0,0
929,1473,5.0,3.5,73.0,6.5,4.0,0.0,0.0,0
930,884,5.0,3.5,76.0,6.5,4.0,0.0,0.0,0
931,748,5.0,3.0,76.0,7.0,4.0,0.0,0.0,0
932,595,5.0,3.5,76.0,7.5,4.0,0.0,0.0,0
933,343,5.0,2.0,76.0,11.0,4.0,0.0,0.0,0
934,201,4.0,2.0,75.0,7.0,4.0,0.0,0.0,0
935,91,4.0,2.5,75.0,6.5,4.0,0.0,0.0,0
936,63,4.0,3.5,75.0,5.0,4.0,0.0,0.0,0
937,42,4.0,2.0,75.0,7.0,4.0,0.0,0.0,0
938,51,4.0,3.0,75.0,6.0,4.0,0.0,0.0,0
939,100,4.0,3.0,75.0,6.0,4.0,0.0,0.0,0
940,525,4.0,2.0,72.5,7.0,3.0,0.0,0.0,0
941,1825,4.0,3.0,70.0,6.5,4.0,0.0,0.0,0
942,3729,4.0,3.0,72.5,6.0,3.0,0.0,0.0,0
943,1849,4.0,4.0,70.0,2.0,4.0,0.0,0.0,0
944,781,4.0,3.5,72.5,5.0,4.0,0.0,0.0,0
945,692,4.0,3.5,75.0,5.0,3.0,0.0,0.0,0
946,894,4.0,3.0,75.0,6.0,4.0,0.0,0.0,0
947,890,4.5,3.0,72.5,6.5,3.0,0.0,0.0,0
948,806,4.0,2.0,75.0,9.0,4.0,0.0,0.0,0
949,828,4.5,2.5,72.5,9.0,4.0,0.0,0.0,0
950,1234,5.0,2.0,66.0,12.0,4.0,0.0,0.0,0
951,2423,4.0,1.5,70.0,10.0,4.0,0.0,0.0,0
952,2434,4.0,1.5,70.0,10.0,4.0,0.0,0.0,0
953,1350,4.0,1.0,70.0,11.0,4.0,0.0,0.0,0
954,911,4.0,3.0,70.0,6.0,4.0,0.0,0.0,0
955,637,3.5,1.0,72.5,8.0,2.0,0.0,0.0,0
956,492,3.0,1.5,78.0,6.5,2.0,0.0,0.0,0
957,379,3.0,0.0,81.0,10.0,3.0,0.0,0.0,0
958,218,2.5,-1.0,87.0,11.0,2.0,0.0,0.0,0
959,114,3.5,2.0,84.0,6.5,2.0,0.0,0.0,0
960,74,4.0,1.0,87.0,14.0,7.0,0.0,0.0,0
961,37,5.0,2.0,87.0,13.0,7.0,0.0,0.0,0
962,43,5.0,2.0,93.0,15.0,1.0,0.0,0.0,0
963,81,6.0,3.0,87.0,19.0,7.0,0.0,0.0,0
964,407,6.0,2.5,87.0,18.5,7.0,0.0,0.0,0
965,1450,6.5,3.5,87.0,19.0,3.0,0.0,0.0,0
966,3205,7.5,4.5,84.5,19.5,3.0,0.0,0.0,0
967,1743,8.0,5.0,82.0,18.5,3.0,0.0,0.0,0
968,864,8.0,5.0,82.0,19.5,3.0,0.0,0.0,0
969,777,9.0,6.0,76.0,23.0,3.0,0.0,0.0,0
970,971,9.0,6.0,76.0,22.0,3.0,0.0,0.0,0
971,580,8.5,5.0,79.0,26.0,7.0,0.0,0.0,0
972,418,8.0,4.5,84.5,23.0,7.0,0.0,0.0,0
973,408,8.0,4.0,87.0,25.0,7.0,0.0,0.0,0
974,979,9.0,6.0,82.0,18.0,7.0,0.0,0.0,0
975,2008,9.0,6.5,82.0,17.0,3.0,0.0,0.0,0
976,1274,8.5,5.5,84.5,21.0,7.0,0.0,0.0,0
977,657,7.0,3.5,84.0,24.0,7.0,0.0,0.0,0
978,540,7.5,5.5,84.5,13.0,2.0,0.0,0.0,0
979,388,8.0,5.0,82.0,15.0,7.0,0.0,0.0,0
980,276,7.0,5.0,87.0,13.0,7.0,0.0,0.0,0
981,187,7.0,4.5,93.0,14.0,7.0,0.0,0.0,0
982,175,8.0,5.5,87.0,15.0,7.0,0.0,1.0,0
983,150,7.0,5.5,87.0,8.0,7.0,0.0,1.0,0
984,160,7.0,5.0,90.0,11.0,7.0,0.0,1.0,0
985,116,7.0,4.0,87.0,17.0,2.0,0.0,1.0,0
986,83,6.5,4.5,84.0,10.0,2.0,0.0,1.0,0
987,52,6.0,4.5,87.0,7.5,7.0,0.0,1.0,0
988,85,6.0,5.0,87.0,6.0,7.0,0.0,1.0,0
989,147,6.0,5.5,96.5,5.0,3.0,0.0,1.0,0
990,366,7.0,5.5,93.0,10.0,2.0,0.0,1.0,0
991,633,7.0,5.0,93.0,10.0,2.0,0.0,1.0,0
992,931,7.5,5.0,90.0,15.0,3.0,0.0,1.0,0
993,1212,8.0,5.0,87.0,19.5,3.0,0.0,1.0,0
994,1475,8.0,5.0,87.0,18.0,3.0,0.0,1.0,0
995,1385,8.5,6.0,84.5,14.0,7.0,0.0,1.0,0
996,1117,8.0,5.0,87.0,15.0,4.0,0.0,1.0,0
997,1217,8.0,5.0,87.0,15.0,4.0,0.0,1.0,0
998,1131,8.0,5.0,87.0,15.0,3.0,0.0,1.0,0
999,1041,8.0,5.0,87.0,16.0,2.0,0.0,1.0,0
1000,839,8.0,5.0,84.5,15.0,3.0,0.0,1.0,0
1001,635,7.0,5.0,90.0,13.0,3.0,0.0,1.0,0
1002,429,7.5,5.0,90.0,14.0,7.0,0.0,1.0,0
1003,325,7.5,5.5,90.0,11.0,3.0,0.0,1.0,0
1004,358,7.0,6.0,93.0,7.0,3.0,0.0,1.0,0
1005,361,7.0,5.0,93.0,10.0,7.0,0.0,1.0,0
1006,269,7.0,5.0,93.0,10.0,3.0,0.0,1.0,0
1007,217,6.0,4.0,93.0,8.0,3.0,0.0,1.0,0
1008,210,6.0,4.5,93.0,6.5,2.0,0.0,1.0,0
1009,144,6.0,4.0,93.0,9.0,3.0,0.0,1.0,0
1010,73,6.0,4.0,93.0,10.0,4.0,0.0,1.0,0
1011,71,6.0,4.0,93.0,7.0,4.0,0.0,1.0,0
1012,78,6.0,4.0,93.0,8.0,3.0,0.0,1.0,0
1013,83,6.0,4.0,93.0,11.0,3.0,0.0,1.0,0
1014,247,6.0,4.0,93.0,10.0,3.0,0.0,1.0,0
1015,506,7.0,5.5,87.0,9.0,4.0,0.0,1.0,0
1016,903,7.0,5.5,84.0,7.5,4.0,0.0,1.0,0
1017,1155,8.0,8.0,82.0,4.0,3.0,0.0,1.0,0
1018,1494,8.0,7.0,82.0,6.5,3.0,0.0,1.0,0
1019,1616,8.5,7.5,73.5,7.0,3.0,0.0,1.0,0
1020,1770,9.0,8.5,71.0,5.0,2.0,0.0,1.0,0
1021,1870,9.5,9.0,69.0,6.5,2.0,0.0,1.0,0
1022,1841,9.0,8.5,71.0,5.0,2.0,0.0,1.0,0
1023,1399,8.5,8.5,73.5,4.0,2.0,0.0,1.0,0
1024,946,7.5,7.0,78.5,5.0,2.0,0.0,1.0,0
1025,685,6.5,6.0,84.0,5.0,2.0,0.0,1.0,0
1026,464,5.0,4.5,93.0,5.0,1.0,0.0,1.0,0
1027,376,4.5,2.5,93.0,8.0,1.0,0.0,1.0,0
1028,309,4.5,2.5,93.0,8.0,2.0,0.0,1.0,0
1029,226,3.0,0.0,96.5,11.0,26.0,0.0,1.0,0
1030,134,3.0,0.5,100.0,8.0,26.0,0.0,0.0,0
1031,50,2.5,0.5,96.5,7.0,26.0,0.0,0.0,0
1032,31,2.0,-0.5,100.0,7.5,26.0,0.0,0.0,0
1033,31,2.5,0.5,100.0,7.0,4.0,0.0,0.0,0
1034,31,4.0,1.5,100.0,10.0,3.0,0.0,0.0,0
1035,81,4.0,2.0,100.0,9.0,2.0,0.0,0.0,0
1036,441,4.0,2.0,93.0,7.0,2.0,0.0,0.0,0
1037,1572,5.0,2.5,93.0,10.0,3.0,0.0,0.0,0
1038,3323,5.5,3.5,96.5,8.0,2.0,0.0,0.0,0
1039,1637,6.5,4.5,93.0,8.0,3.0,0.0,0.0,0
1040,778,8.0,6.0,84.5,13.0,2.0,0.0,0.0,0
1041,752,9.0,6.5,76.0,16.0,2.0,0.0,0.0,0
1042,842,9.0,7.0,73.5,15.0,2.0,0.0,0.0,0
1043,670,9.0,7.0,76.0,11.0,3.0,0.0,0.0,0
1044,442,9.0,8.0,76.0,9.0,7.0,0.0,0.0,0
1045,304,8.0,7.0,87.0,7.0,7.0,0.0,0.0,0
1046,589,8.0,7.0,87.0,7.0,7.0,0.0,0.0,0
1047,1374,8.0,7.5,87.0,5.0,7.0,0.0,0.0,0
1048,1196,7.5,6.5,90.0,6.5,7.0,0.0,0.0,0
1049,748,6.5,3.5,90.0,17.0,7.0,0.0,0.0,0
1050,452,6.0,4.0,87.0,10.0,7.0,0.0,0.0,0
1051,372,6.0,4.0,93.0,9.0,7.0,0.0,0.0,0
1052,325,6.0,3.5,90.0,11.0,7.0,0.0,0.0,0
1053,206,6.0,3.0,84.0,16.0,7.0,0.0,0.0,0
1054,102,5.5,2.5,81.0,17.0,1.0,0.0,0.0,0
1055,47,5.0,2.0,81.0,14.0,1.0,0.0,0.0,0
1056,44,4.5,1.5,81.0,13.0,1.0,0.0,0.0,0
1057,25,4.0,1.0,81.0,13.0,2.0,0.0,0.0,0
1058,30,4.0,1.0,81.0,13.0,1.0,0.0,0.0,0
1059,91,4.0,1.0,81.0,14.0,2.0,0.0,0.0,0
1060,506,4.0,1.0,81.0,13.0,1.0,0.0,0.0,0
1061,1751,4.0,1.0,81.0,12.0,1.0,0.0,0.0,0
1062,3582,4.0,1.0,81.0,14.0,1.0,0.0,0.0,0
1063,1697,5.0,2.0,76.0,17.0,1.0,0.0,0.0,0
1064,889,6.5,4.0,68.5,13.0,2.0,0.0,0.0,0
1065,835,7.0,4.5,66.0,15.0,2.0,0.0,0.0,0
1066,1156,8.0,6.0,55.0,12.0,2.0,0.0,0.0,0
1067,1202,8.0,5.5,55.0,16.0,2.0,0.0,0.0,0
1068,1063,8.0,5.0,51.5,18.0,2.0,0.0,0.0,0
1069,1143,9.0,6.5,50.0,16.0,1.0,0.0,0.0,0
1070,1623,8.0,6.0,53.0,11.0,1.0,0.0,0.0,0
1071,2758,8.0,6.5,53.0,7.5,1.0,0.0,0.0,0
1072,2574,6.5,5.5,59.0,6.0,2.0,0.0,0.0,0
1073,1568,6.0,6.0,61.0,4.0,2.0,0.0,0.0,0
1074,876,6.5,5.0,61.5,8.0,2.0,0.0,0.0,0
1075,667,5.5,3.5,68.0,8.0,3.0,0.0,0.0,0
1076,502,5.0,3.0,70.0,9.0,3.0,0.0,0.0,0
1077,333,4.5,2.5,72.5,9.0,2.0,0.0,0.0,0
1078,158,4.0,1.5,75.0,10.0,1.0,0.0,0.0,0
1079,86,4.0,1.5,75.0,10.0,1.0,0.0,0.0,0
1080,30,3.5,1.0,78.0,8.0,1.0,0.0,0.0,0
1081,23,3.5,1.0,78.0,9.0,1.0,0.0,0.0,0
1082,37,3.0,1.0,81.0,7.5,1.0,0.0,0.0,0
1083,86,3.0,0.5,81.0,8.0,1.0,0.0,0.0,0
1084,509,3.0,1.0,78.0,7.0,1.0,0.0,0.0,0
1085,1717,3.5,1.0,72.5,8.0,1.0,0.0,0.0,0
1086,3582,4.5,2.5,72.5,8.0,1.0,0.0,0.0,0
1087,1789,7.5,4.5,64.0,18.0,1.0,0.0,0.0,0
1088,963,8.5,5.5,60.0,19.5,1.0,0.0,0.0,0
1089,853,9.0,6.0,62.0,21.0,1.0,0.0,0.0,0
1090,1225,10.0,7.0,58.0,21.0,2.0,0.0,0.0,0
1091,1171,10.0,7.5,58.0,20.5,2.0,0.0,0.0,0
1092,1177,10.5,9.5,60.0,18.0,2.0,0.0,0.0,0
1093,1195,9.0,6.0,64.0,21.0,1.0,0.0,0.0,0
1094,1535,8.5,5.5,66.5,20.5,1.0,0.0,0.0,0
1095,2651,8.0,5.0,68.5,19.5,1.0,0.0,0.0,0
1096,2492,7.5,4.0,73.5,21.5,2.0,0.0,0.0,0
1097,1444,7.0,3.5,73.5,21.0,2.0,0.0,0.0,0
1098,933,7.0,4.5,73.5,16.0,3.0,0.0,0.0,0
1099,622,7.0,4.0,76.0,18.0,3.0,0.0,0.0,0
1100,529,6.0,3.0,81.0,16.0,1.0,0.0,0.0,0
1101,325,6.0,3.0,81.0,17.0,1.0,0.0,0.0,0
1102,163,6.0,3.0,81.0,18.0,2.0,0.0,0.0,0
1103,109,6.0,2.5,81.0,19.5,3.0,0.0,0.0,0
1104,66,5.0,1.0,78.5,20.5,2.0,0.0,0.0,0
1105,39,5.0,1.0,76.0,19.5,2.0,0.0,0.0,0
1106,50,6.0,2.5,76.0,19.5,1.0,0.0,0.0,0
1107,70,6.0,3.0,81.0,18.0,1.0,0.0,0.0,0
1108,496,6.0,3.0,81.0,16.0,2.0,0.0,0.0,0
1109,1679,6.0,3.0,81.0,19.0,1.0,0.0,0.0,0
1110,3559,7.0,4.0,76.0,18.5,2.0,0.0,0.0,0
1111,1747,8.0,4.0,76.0,27.0,2.0,0.0,0.0,0
1112,833,8.5,5.0,73.5,26.0,2.0,0.0,0.0,0
1113,710,9.0,5.0,71.0,29.0,3.0,0.0,0.0,0
1114,892,8.5,5.0,76.0,26.0,3.0,0.0,0.0,0
1115,656,8.0,4.0,82.0,27.0,7.0,0.0,0.0,0
1116,355,8.0,4.0,82.0,26.0,7.0,0.0,0.0,0
1117,350,8.0,4.0,82.0,26.0,7.0,0.0,0.0,0
1118,635,8.0,4.0,87.0,26.0,7.0,0.0,0.0,0
1119,1229,8.0,5.0,87.0,22.0,7.0,0.0,0.0,0
1120,1271,8.0,5.0,87.0,19.5,7.0,0.0,0.0,0
1121,740,8.0,5.0,87.0,22.0,7.0,0.0,0.0,0
1122,420,8.0,5.0,87.0,18.0,7.0,0.0,0.0,0
1123,347,8.0,5.0,87.0,16.0,7.0,0.0,0.0,0
1124,276,7.5,5.0,90.0,14.0,7.0,0.0,0.0,0
1125,206,8.0,5.5,90.0,14.0,7.0,0.0,0.0,0
1126,134,8.0,6.0,87.0,13.0,7.0,0.0,0.0,0
1127,75,8.0,5.5,87.0,14.0,7.0,0.0,0.0,0
1128,34,7.5,5.5,93.0,10.0,7.0,0.0,0.0,0
1129,32,7.5,4.5,90.0,16.0,7.0,0.0,0.0,0
1130,29,7.5,5.0,90.0,15.0,7.0,0.0,0.0,0
1131,76,7.0,5.0,93.0,13.0,7.0,0.0,0.0,0
1132,398,7.0,4.0,81.0,16.0,3.0,0.0,0.0,0
1133,1333,6.5,4.5,84.0,9.0,2.0,0.0,0.0,0
1134,3051,6.0,5.0,87.0,5.5,2.0,0.0,0.0,0
1135,1631,7.0,7.0,81.0,2.0,2.0,0.0,0.0,0
1136,776,7.0,7.0,76.0,2.0,2.0,0.0,0.0,0
1137,800,7.0,7.0,76.0,2.0,2.0,0.0,0.0,0
1138,994,7.0,6.5,76.0,3.0,2.0,0.0,0.0,0
1139,1011,7.0,5.0,76.0,9.0,2.0,0.0,0.0,0
1140,927,7.0,5.0,76.0,11.0,3.0,0.0,0.0,0
1141,1002,7.0,5.0,76.0,12.0,2.0,0.0,0.0,0
1142,1293,7.0,5.0,73.5,11.0,2.0,0.0,0.0,0
1143,2241,7.0,5.0,71.0,9.0,2.0,0.0,0.0,0
1144,1825,6.0,4.0,76.0,7.0,2.0,0.0,0.0,0
1145,1102,5.5,3.5,78.5,8.0,2.0,0.0,0.0,0
1146,676,5.0,3.0,81.0,8.5,1.0,0.0,0.0,0
1147,478,5.0,2.5,81.0,10.0,2.0,0.0,0.0,0
1148,407,5.0,2.5,81.0,9.0,3.0,0.0,0.0,0
1149,390,5.0,2.5,81.0,11.0,4.0,0.0,0.0,0
1150,291,4.0,1.0,87.0,11.0,2.0,0.0,1.0,0
1151,237,4.0,1.0,87.0,14.0,1.0,0.0,1.0,0
1152,181,4.0,1.0,87.0,15.0,2.0,0.0,1.0,0
1153,142,4.0,1.0,87.0,14.0,7.0,0.0,1.0,0
1154,104,4.0,1.0,84.0,15.0,3.0,0.0,1.0,0
1155,66,4.0,1.0,87.0,14.0,7.0,0.0,1.0,0
1156,67,4.0,0.5,87.0,17.5,7.0,0.0,1.0,0
1157,137,2.5,0.0,93.0,9.0,7.0,0.0,1.0,0
1158,352,4.0,1.0,87.0,15.0,3.0,0.0,1.0,0
1159,595,4.5,0.5,84.0,19.0,2.0,0.0,1.0,0
1160,918,5.0,1.5,81.0,18.5,2.0,0.0,1.0,0
1161,1324,5.5,1.5,73.5,21.5,2.0,0.0,1.0,0
1162,1386,6.0,2.5,66.0,19.5,4.0,0.0,1.0,0
1163,1530,6.0,2.5,68.5,19.5,3.0,0.0,1.0,0
1164,1526,6.5,3.5,61.0,17.0,3.0,0.0,1.0,0
1165,1445,7.0,3.5,59.0,22.5,3.0,0.0,1.0,0
1166,1522,6.5,2.5,59.0,22.0,7.0,0.0,1.0,0
1167,1266,6.5,4.5,63.5,10.0,2.0,0.0,1.0,0
1168,876,5.5,2.5,65.5,18.0,2.0,0.0,1.0,0
1169,629,5.0,2.0,70.0,17.0,1.0,0.0,1.0,0
1170,536,5.0,1.5,70.0,17.0,1.0,0.0,1.0,0
1171,414,4.0,1.0,75.0,15.0,1.0,0.0,1.0,0
1172,351,4.0,1.0,75.0,13.0,1.0,0.0,1.0,0
1173,303,4.0,1.0,75.0,15.0,1.0,0.0,1.0,0
1174,324,2.5,-0.5,84.0,10.0,1.0,0.0,1.0,0
1175,228,2.0,-1.0,87.0,11.0,1.0,0.0,1.0,0
1176,170,1.5,-2.5,87.0,14.0,1.0,0.0,1.0,0
1177,158,1.0,-3.0,87.0,14.0,1.0,0.0,1.0,0
1178,80,1.0,-2.0,87.0,11.0,1.0,0.0,1.0,0
1179,72,1.0,-2.5,87.0,12.0,1.0,0.0,1.0,0
1180,95,1.0,-2.0,87.0,11.0,1.0,0.0,1.0,0
1181,106,1.5,-1.5,84.0,9.0,1.0,0.0,1.0,0
1182,264,3.0,1.0,78.0,8.5,1.0,0.0,1.0,0
1183,587,4.5,1.5,72.5,13.0,1.0,0.0,1.0,0
1184,871,5.5,1.5,70.5,19.5,1.0,0.0,1.0,0
1185,1140,7.0,3.0,66.0,22.0,2.0,0.0,1.0,0
1186,1294,8.0,4.0,62.0,25.0,2.0,0.0,1.0,0
1187,1164,8.0,4.0,62.0,28.0,3.0,0.0,1.0,0
1188,677,7.5,3.0,71.0,32.0,7.0,0.0,1.0,0
1189,240,6.0,1.5,84.0,28.5,7.0,0.0,1.0,0
1190,237,5.5,0.5,84.0,29.0,7.0,0.0,1.0,0
1191,195,5.5,0.5,87.0,29.0,7.0,0.0,1.0,0
1192,255,6.5,1.5,87.0,33.5,7.0,0.0,1.0,0
1193,285,7.0,2.0,87.0,33.0,7.0,0.0,1.0,0
1194,183,8.0,4.0,87.0,30.5,7.0,0.0,1.0,0
1195,159,9.0,5.0,87.0,29.5,7.0,0.0,1.0,0
1196,162,10.0,7.0,88.0,27.0,4.0,0.0,1.0,0
1197,140,10.5,9.0,79.0,30.0,2.0,0.0,1.0,0
1198,91,9.5,5.5,71.0,32.0,2.0,0.0,0.0,0
1199,36,9.0,5.5,71.0,25.0,3.0,0.0,0.0,0
1200,19,8.0,4.5,71.0,23.0,7.0,0.0,0.0,0
1201,22,7.0,4.0,78.5,18.5,1.0,0.0,0.0,0
1202,23,6.5,4.0,73.5,14.0,1.0,0.0,0.0,0
1203,94,6.0,3.0,76.0,14.0,7.0,0.0,0.0,0
1204,503,6.0,3.0,76.0,16.0,1.0,0.0,0.0,0
1205,1682,6.0,2.0,73.5,20.0,2.0,0.0,0.0,0
1206,3618,6.5,2.5,73.5,21.0,1.0,0.0,0.0,0
1207,1760,7.0,3.0,63.5,29.0,2.0,0.0,0.0,0
1208,746,7.5,3.5,64.0,26.0,2.0,0.0,0.0,0
1209,616,8.5,4.5,60.0,28.0,2.0,0.0,0.0,0
1210,776,8.5,4.5,53.5,29.5,2.0,0.0,0.0,0
1211,771,8.5,4.5,54.0,34.0,7.0,0.0,0.0,0
1212,686,8.5,4.5,49.5,30.5,2.0,0.0,0.0,0
1213,803,7.0,3.0,63.5,28.5,2.0,0.0,0.0,0
1214,1272,7.0,2.0,55.0,38.0,2.0,0.0,0.0,0
1215,2626,6.0,1.0,63.5,32.5,2.0,0.0,0.0,0
1216,2470,6.0,2.0,61.0,23.0,1.0,0.0,0.0,0
1217,1332,5.0,1.0,70.0,21.5,2.0,0.0,0.0,0
1218,794,5.0,0.5,70.0,25.0,1.0,0.0,0.0,0
1219,539,6.0,1.0,66.0,30.0,1.0,0.0,0.0,0
1220,324,6.0,1.0,68.5,30.5,2.0,0.0,0.0,0
1221,161,5.5,0.5,78.5,31.5,7.0,0.0,0.0,0
1222,105,6.0,1.5,76.0,29.0,3.0,0.0,0.0,0
1223,47,6.5,2.5,71.0,29.5,2.0,0.0,0.0,0
1224,27,6.0,1.0,76.0,33.0,7.0,0.0,0.0,0
1225,16,6.0,1.0,76.0,32.0,2.0,0.0,0.0,0
1226,29,6.0,1.0,76.0,31.5,7.0,0.0,0.0,0
1227,98,5.0,1.0,81.0,23.0,2.0,0.0,0.0,0
1228,559,5.0,1.0,81.0,20.5,2.0,0.0,0.0,0
1229,1998,5.0,1.0,81.0,22.0,1.0,0.0,0.0,0
1230,3841,6.0,2.0,76.0,20.0,1.0,0.0,0.0,0
1231,1819,7.5,3.5,71.0,23.0,1.0,0.0,0.0,0
1232,830,9.5,5.5,60.0,32.0,2.0,0.0,0.0,0
1233,725,9.0,5.0,62.0,31.0,2.0,0.0,0.0,0
1234,882,9.0,5.0,60.0,32.0,3.0,0.0,0.0,0
1235,946,9.0,5.0,56.0,31.0,3.0,0.0,0.0,0
1236,781,9.0,5.5,56.0,28.5,2.0,0.0,0.0,0
1237,914,9.5,5.5,46.5,39.0,3.0,0.0,0.0,0
1238,1353,9.0,5.0,44.5,34.5,2.0,0.0,0.0,0
1239,2641,8.5,4.5,48.0,27.5,2.0,0.0,0.0,0
1240,2522,8.0,4.0,51.5,25.0,1.0,0.0,0.0,0
1241,1392,7.5,4.5,59.0,20.0,3.0,0.0,0.0,0
1242,840,7.0,3.0,63.5,22.0,2.0,0.0,0.0,0
1243,605,6.5,3.0,68.5,20.5,2.0,0.0,0.0,0
1244,434,6.0,2.0,73.5,23.0,1.0,0.0,0.0,0
1245,284,6.0,2.5,73.5,18.5,1.0,0.0,0.0,0
1246,162,6.0,3.0,76.0,15.0,3.0,0.0,0.0,0
1247,69,6.0,3.5,78.5,11.0,2.0,0.0,0.0,0
1248,58,7.0,5.0,78.5,13.0,2.0,0.0,0.0,0
1249,34,7.0,4.5,81.0,14.0,2.0,0.0,0.0,0
1250,31,7.0,5.5,81.0,9.0,7.0,0.0,0.0,0
1251,70,7.0,5.5,87.0,9.0,7.0,0.0,0.0,0
1252,341,7.0,5.0,93.0,9.0,7.0,0.0,0.0,0
1253,1120,7.5,5.5,90.0,11.0,7.0,0.0,0.0,0
1254,2617,8.0,5.0,90.0,15.0,7.0,0.0,0.0,0
1255,1443,8.5,6.5,90.0,14.0,3.0,0.0,0.0,0
1256,747,9.0,6.0,87.0,18.0,3.0,0.0,0.0,0
1257,726,10.0,8.0,79.0,16.0,2.0,0.0,0.0,0
1258,911,10.0,8.0,76.0,14.0,2.0,0.0,0.0,0
1259,1040,10.5,9.5,69.0,12.0,3.0,0.0,0.0,0
1260,898,11.5,11.5,65.0,15.0,3.0,0.0,0.0,0
1261,988,11.0,11.0,64.5,12.0,3.0,0.0,0.0,0
1262,1452,11.0,11.0,62.0,6.5,2.0,0.0,0.0,0
1263,2651,11.0,11.0,64.5,4.0,2.0,0.0,0.0,0
1264,2424,11.0,11.0,64.5,6.5,2.0,0.0,0.0,0
1265,1394,11.0,11.0,69.5,6.5,2.0,0.0,0.0,0
1266,899,11.0,11.0,69.5,8.0,2.0,0.0,0.0,0
1267,637,10.0,9.0,76.0,9.0,4.0,0.0,0.0,0
1268,538,10.0,9.0,82.0,8.0,4.0,0.0,0.0,0
1269,342,10.0,8.0,82.0,11.0,4.0,0.0,0.0,0
1270,143,10.0,8.0,88.0,16.0,3.0,0.0,0.0,0
1271,108,11.0,11.0,82.0,14.0,4.0,0.0,0.0,0
1272,68,10.0,8.0,91.0,15.0,7.0,0.0,0.0,0
1273,39,10.0,8.0,94.0,15.0,7.0,0.0,0.0,0
1274,31,10.0,8.0,94.0,13.0,7.0,0.0,0.0,0
1275,101,10.0,8.0,94.0,15.0,4.0,0.0,0.0,0
1276,549,10.0,8.0,94.0,15.0,3.0,0.0,0.0,0
1277,1822,10.0,8.0,94.0,16.0,3.0,0.0,0.0,0
1278,3628,10.0,8.0,94.0,17.0,3.0,0.0,0.0,0
1279,1793,11.0,11.0,88.0,21.5,3.0,0.0,0.0,0
1280,662,11.0,11.0,91.0,22.0,7.0,0.0,0.0,0
1281,269,11.0,11.0,94.0,19.0,7.0,0.0,0.0,0
1282,274,11.0,11.0,94.0,17.0,7.0,0.0,0.0,0
1283,297,12.0,12.0,88.0,20.0,7.0,0.0,0.0,0
1284,371,10.0,8.5,88.0,21.5,7.0,0.0,0.0,0
1285,680,9.0,6.0,76.0,21.5,3.0,0.0,0.0,0
1286,1116,9.0,6.5,73.5,15.0,2.0,0.0,0.0,0
1287,2354,8.5,5.5,58.0,22.0,3.0,0.0,0.0,0
1288,2192,8.0,5.0,64.0,16.0,2.0,0.0,0.0,0
1289,1349,7.5,4.5,64.0,18.5,1.0,0.0,0.0,0
1290,746,6.5,3.5,63.5,16.0,1.0,0.0,0.0,0
1291,617,6.0,3.5,61.0,14.0,1.0,0.0,0.0,0
1292,465,5.5,2.5,65.5,14.0,1.0,0.0,0.0,0
1293,362,5.0,2.0,68.0,12.0,1.0,0.0,0.0,0
1294,169,5.0,2.0,66.0,16.0,1.0,0.0,0.0,0
1295,122,4.5,1.0,68.0,17.0,1.0,0.0,0.0,0
1296,70,4.0,1.0,75.0,14.0,1.0,0.0,0.0,0
1297,51,4.0,0.5,75.0,15.0,1.0,0.0,0.0,0
1298,43,3.0,-1.0,75.0,16.0,1.0,0.0,0.0,0
1299,81,3.0,-1.0,78.0,17.0,1.0,0.0,0.0,0
1300,474,2.5,-1.0,81.0,12.0,1.0,0.0,0.0,0
1301,1664,3.0,0.0,81.0,13.0,1.0,0.0,0.0,0
1302,3398,3.5,0.5,78.0,14.0,1.0,0.0,0.0,0
1303,1841,5.5,2.5,70.5,14.0,1.0,0.0,0.0,0
1304,1046,6.5,3.5,63.5,18.0,2.0,0.0,0.0,0
1305,913,7.5,5.0,59.0,14.0,2.0,0.0,0.0,0
1306,1236,8.0,5.5,55.0,16.0,2.0,0.0,0.0,0
1307,1204,9.0,6.5,50.0,17.0,2.0,0.0,0.0,0
1308,1191,9.0,6.5,50.0,17.0,2.0,0.0,0.0,0
1309,1309,9.0,6.0,46.0,18.5,2.0,0.0,0.0,0
1310,1568,9.0,7.0,46.0,13.0,2.0,0.0,0.0,0
1311,2616,8.0,6.0,50.0,12.0,2.0,0.0,0.0,0
1312,2030,8.0,6.0,53.0,10.0,1.0,0.0,0.0,0
1313,1187,7.5,5.0,61.5,13.0,1.0,0.0,0.0,0
1314,761,6.5,4.5,73.5,12.0,1.0,0.0,0.0,0
1315,504,6.0,3.5,76.0,12.0,1.0,0.0,0.0,0
1316,462,5.5,3.0,78.5,11.0,1.0,0.0,0.0,0
1317,427,5.0,2.0,81.0,12.0,1.0,0.0,0.0,0
1318,375,6.0,3.0,78.5,14.0,4.0,0.0,1.0,0
1319,295,7.0,4.0,76.0,17.0,3.0,0.0,1.0,0
1320,218,7.0,4.0,78.5,16.0,7.0,0.0,1.0,0
1321,170,7.0,4.0,76.0,19.0,4.0,0.0,1.0,0
1322,112,7.0,4.0,76.0,16.0,4.0,0.0,1.0,0
1323,89,8.0,4.5,71.0,22.0,4.0,0.0,1.0,0
1324,79,7.0,3.0,84.0,26.0,3.0,0.0,1.0,0
1325,177,7.0,3.0,87.0,24.0,3.0,0.0,1.0,0
1326,376,7.0,4.0,93.0,20.0,3.0,0.0,1.0,0
1327,580,8.0,5.0,87.0,21.0,3.0,0.0,1.0,0
1328,822,9.0,6.0,82.0,22.0,3.0,0.0,1.0,0
1329,928,9.0,6.0,87.0,24.0,3.0,0.0,1.0,0
1330,1168,9.0,6.0,87.0,22.0,3.0,0.0,1.0,0
1331,1224,9.0,6.0,87.0,24.0,3.0,0.0,1.0,0
1332,1217,10.0,7.0,88.0,27.0,3.0,0.0,1.0,0
1333,1152,10.0,7.0,85.0,26.0,3.0,0.0,1.0,0
1334,1193,10.0,7.0,85.0,29.0,4.0,0.0,1.0,0
1335,1143,10.0,7.0,82.0,25.0,3.0,0.0,1.0,0
1336,880,10.0,7.0,82.0,25.0,2.0,0.0,1.0,0
1337,514,10.0,7.0,82.0,27.0,26.0,0.0,1.0,0
1338,168,10.0,7.0,88.0,23.0,26.0,0.0,1.0,0
1339,181,10.0,7.0,88.0,28.0,26.0,0.0,1.0,0
1340,228,10.5,8.5,88.0,32.0,4.0,0.0,1.0,0
1341,240,11.0,11.0,88.0,25.0,4.0,0.0,1.0,0
1342,272,11.5,11.5,85.0,28.0,3.0,0.0,1.0,1
1343,226,11.0,11.0,77.0,29.0,3.0,0.0,1.0,1
1344,177,10.5,8.5,67.0,37.0,3.0,0.0,1.0,1
1345,168,9.5,6.0,69.0,29.5,2.0,0.0,1.0,1
1346,81,9.0,5.5,68.5,26.0,2.0,0.0,1.0,1
1347,67,8.5,5.0,68.5,25.0,1.0,0.0,1.0,1
1348,90,8.0,4.0,71.0,26.0,1.0,0.0,1.0,1
1349,136,8.0,5.0,71.0,20.5,2.0,0.0,1.0,1
1350,234,9.0,5.0,66.0,29.5,2.0,0.0,1.0,1
1351,604,9.0,5.0,66.0,29.0,2.0,0.0,1.0,1
1352,986,10.0,6.5,60.0,32.5,2.0,0.0,1.0,1
1353,1306,10.0,6.0,54.0,36.0,2.0,0.0,1.0,1
1354,1708,11.0,11.0,48.5,43.0,2.0,0.0,1.0,1
1355,1807,11.0,11.0,52.0,33.0,2.0,0.0,1.0,1
1356,2006,12.0,12.0,45.5,33.0,2.0,0.0,1.0,1
1357,1784,11.5,11.5,48.5,28.5,2.0,0.0,1.0,1
1358,1472,10.0,6.0,60.0,32.0,2.0,0.0,1.0,1
1359,568,8.5,4.5,77.0,32.5,7.0,0.0,1.0,1
1360,563,9.0,5.0,71.0,31.0,2.0,0.0,1.0,1
1361,435,7.0,3.0,76.0,29.0,1.0,0.0,1.0,1
1362,329,7.0,3.0,76.0,30.5,2.0,0.0,1.0,1
1363,239,7.0,3.0,76.0,26.0,2.0,0.0,1.0,1
1364,235,6.5,2.5,73.5,24.0,2.0,0.0,1.0,1
1365,148,6.0,2.5,73.5,19.5,2.0,0.0,1.0,1
1366,97,5.0,2.0,78.5,16.0,1.0,0.0,0.0,1
1367,49,5.0,1.0,78.5,19.0,1.0,0.0,0.0,1
1368,29,4.0,0.0,81.0,18.5,1.0,0.0,0.0,1
1369,19,4.0,0.0,81.0,22.0,1.0,0.0,0.0,1
1370,33,4.0,-1.0,81.0,24.0,1.0,0.0,0.0,1
1371,78,4.0,-0.5,81.0,24.0,1.0,0.0,0.0,1
1372,496,4.0,0.0,81.0,19.5,1.0,0.0,0.0,1
1373,1798,5.0,0.5,76.0,24.0,2.0,0.0,0.0,1
1374,3573,6.0,1.0,73.5,30.5,2.0,0.0,0.0,1
1375,1600,6.0,1.0,68.5,34.0,2.0,0.0,0.0,1
1376,772,7.0,2.0,57.0,35.0,2.0,0.0,0.0,1
1377,642,7.0,2.0,49.5,44.5,2.0,0.0,0.0,1
1378,769,8.0,3.0,44.5,45.5,2.0,0.0,0.0,1
1379,809,8.5,4.0,43.0,40.0,2.0,0.0,0.0,1
1380,736,9.0,5.0,40.0,38.0,1.0,0.0,0.0,1
1381,897,9.0,5.0,35.5,35.0,1.0,0.0,0.0,1
1382,1317,8.5,4.5,40.0,33.5,1.0,0.0,0.0,1
1383,2739,8.0,4.0,40.0,31.5,2.0,0.0,0.0,1
1384,2470,7.0,3.0,47.5,27.5,2.0,0.0,0.0,1
1385,1410,6.0,2.0,61.0,21.0,1.0,0.0,0.0,1
1386,844,5.5,1.0,63.5,26.0,1.0,0.0,0.0,1
1387,514,5.0,0.5,66.0,25.0,1.0,0.0,0.0,1
1388,360,5.0,0.5,70.0,25.0,1.0,0.0,0.0,1
1389,207,5.0,1.0,70.0,20.5,1.0,0.0,0.0,1
1390,102,5.0,1.0,70.0,22.0,1.0,0.0,0.0,1
1391,53,5.0,1.0,73.0,22.0,2.0,0.0,0.0,1
1392,32,5.0,1.5,76.0,17.0,2.0,0.0,0.0,1
1393,30,5.0,2.5,76.0,9.0,2.0,0.0,0.0,1
1394,38,5.0,2.0,76.0,11.0,3.0,0.0,0.0,1
1395,79,6.0,3.0,73.5,18.0,3.0,0.0,0.0,1
1396,574,5.5,1.5,81.5,22.0,7.0,0.0,0.0,1
1397,1997,5.0,1.5,84.0,16.0,2.0,0.0,0.0,1
1398,3818,6.5,3.5,78.5,18.5,3.0,0.0,0.0,1
1399,1701,7.0,4.0,78.5,20.0,7.0,0.0,0.0,1
1400,805,8.0,4.0,66.5,26.0,2.0,0.0,0.0,1
1401,725,9.0,5.5,54.0,27.0,2.0,0.0,0.0,1
1402,919,8.5,4.5,50.0,31.5,2.0,0.0,0.0,1
1403,885,9.0,5.0,50.0,28.0,7.0,0.0,0.0,1
1404,880,9.5,5.5,43.0,33.0,7.0,0.0,0.0,1
1405,937,9.0,5.5,50.0,25.5,2.0,0.0,0.0,1
1406,1417,8.0,4.5,49.5,26.0,2.0,0.0,0.0,1
1407,2753,7.5,3.5,49.5,28.5,2.0,0.0,0.0,1
1408,2488,7.0,3.0,49.0,28.0,2.0,0.0,0.0,1
1409,1496,6.5,2.5,55.0,25.0,1.0,0.0,0.0,1
1410,810,6.0,2.0,59.0,27.0,1.0,0.0,0.0,1
1411,592,5.0,0.0,66.0,26.0,1.0,0.0,0.0,1
1412,426,5.0,0.5,66.0,24.0,1.0,0.0,0.0,1
1413,288,5.0,1.0,66.0,22.0,2.0,0.0,0.0,1
1414,135,4.5,0.0,70.5,23.0,1.0,0.0,0.0,1
1415,95,4.0,-0.5,75.0,23.0,1.0,0.0,0.0,1
1416,46,4.0,-0.5,75.0,23.0,1.0,0.0,0.0,1
1417,24,4.0,0.0,75.0,18.0,1.0,0.0,0.0,1
1418,22,4.0,0.0,78.0,19.0,1.0,0.0,0.0,1
1419,97,4.0,0.0,81.0,19.5,1.0,0.0,0.0,1
1420,556,3.5,-1.0,84.0,21.0,1.0,0.0,0.0,1
1421,1929,4.5,0.5,75.5,21.0,1.0,0.0,0.0,1
1422,3803,5.5,1.5,68.0,24.0,1.0,0.0,0.0,1
1423,1787,6.5,2.0,63.5,26.5,2.0,0.0,0.0,1
1424,831,7.0,3.0,61.0,29.5,2.0,0.0,0.0,1
1425,755,8.0,4.5,57.0,26.0,2.0,0.0,0.0,1
1426,1000,9.0,5.5,56.0,26.0,3.0,0.0,0.0,1
1427,1055,9.0,6.0,54.0,24.0,3.0,0.0,0.0,1
1428,863,10.0,7.0,47.0,26.0,3.0,0.0,0.0,1
1429,957,10.0,7.0,47.0,24.0,2.0,0.0,0.0,1
1430,1460,10.0,7.0,50.0,20.0,2.0,0.0,0.0,1
1431,2761,9.0,6.0,54.0,18.5,2.0,0.0,0.0,1
1432,2524,9.0,6.5,54.0,16.0,1.0,0.0,0.0,1
1433,1476,8.0,5.5,57.0,13.0,2.0,0.0,0.0,1
1434,907,7.5,5.5,64.0,9.0,1.0,0.0,0.0,1
1435,607,7.0,5.0,66.0,13.0,1.0,0.0,0.0,1
1436,490,6.5,4.5,68.5,10.0,1.0,0.0,0.0,1
1437,305,6.0,3.5,71.0,12.0,1.0,0.0,0.0,1
1438,170,6.0,3.5,68.5,12.0,1.0,0.0,0.0,1
1439,93,4.5,1.5,72.5,11.0,1.0,0.0,0.0,1
1440,60,4.0,2.0,75.0,9.0,1.0,0.0,0.0,1
1441,39,3.5,0.5,78.0,11.0,1.0,0.0,0.0,1
1442,36,3.0,0.0,81.0,11.0,1.0,0.0,0.0,1
1443,86,3.0,0.0,81.0,12.0,1.0,0.0,0.0,1
1444,600,3.0,0.0,81.0,11.0,1.0,0.0,0.0,1
1445,1947,3.5,0.5,75.0,12.0,1.0,0.0,0.0,1
1446,3807,5.5,2.5,68.0,14.0,1.0,0.0,0.0,1
1447,1894,7.0,4.0,63.5,15.0,1.0,0.0,0.0,1
1448,908,8.0,5.0,62.0,17.0,1.0,0.0,0.0,1
1449,783,9.5,7.0,62.0,17.0,1.0,0.0,0.0,1
1450,1133,10.0,8.0,62.0,18.0,2.0,0.0,0.0,1
1451,1001,11.0,11.0,56.0,20.5,2.0,0.0,0.0,1
1452,1007,11.5,11.5,52.5,19.5,2.0,0.0,0.0,1
1453,1055,11.5,11.5,52.5,20.0,2.0,0.0,0.0,1
1454,1406,11.0,11.0,54.0,20.5,2.0,0.0,0.0,1
1455,2680,10.5,9.5,56.0,20.5,2.0,0.0,0.0,1
1456,2503,10.0,8.0,54.0,17.0,2.0,0.0,0.0,1
1457,1360,9.0,6.0,62.0,20.0,3.0,0.0,0.0,1
1458,816,9.0,6.0,62.0,21.0,3.0,0.0,0.0,1
1459,640,9.0,5.5,62.0,25.0,4.0,0.0,0.0,1
1460,501,9.0,6.0,62.0,24.0,4.0,0.0,0.0,1
1461,371,8.0,4.5,64.0,22.5,4.0,0.0,0.0,1
1462,227,8.0,4.5,66.0,22.0,4.0,0.0,0.0,1
1463,126,8.0,5.0,64.0,17.0,4.0,0.0,0.0,1
1464,74,8.0,5.0,64.0,15.0,4.0,0.0,0.0,1
1465,56,8.0,5.0,62.0,19.0,4.0,0.0,0.0,1
1466,57,8.0,5.0,64.0,15.0,4.0,0.0,0.0,1
1467,88,7.5,5.0,64.0,14.0,4.0,0.0,0.0,1
1468,491,7.0,4.5,71.0,13.0,2.0,0.0,0.0,1
1469,1751,7.0,5.5,71.0,9.0,2.0,0.0,0.0,1
1470,3548,7.5,5.5,68.5,12.0,3.0,0.0,0.0,1
1471,1788,8.5,5.5,64.0,19.5,3.0,0.0,0.0,1
1472,940,10.0,7.0,62.0,22.0,2.0,0.0,0.0,1
1473,944,11.0,11.0,58.0,23.0,2.0,0.0,0.0,1
1474,1234,12.0,12.0,56.0,21.0,1.0,0.0,0.0,1
1475,1318,12.0,12.0,56.0,26.0,1.0,0.0,0.0,1
1476,1252,13.0,13.0,53.0,23.0,1.0,0.0,0.0,1
1477,1292,12.0,12.0,54.0,24.0,1.0,0.0,0.0,1
1478,1825,11.5,11.5,56.0,22.0,1.0,0.0,0.0,1
1479,2879,10.5,9.0,58.0,20.0,1.0,0.0,0.0,1
1480,2111,9.0,6.0,62.0,18.5,1.0,0.0,0.0,1
1481,1220,8.5,5.5,64.0,18.5,1.0,0.0,0.0,1
1482,747,8.0,5.5,71.0,14.0,1.0,0.0,0.0,1
1483,553,8.0,5.0,71.0,16.0,1.0,0.0,0.0,1
1484,453,8.0,6.0,71.0,10.0,1.0,0.0,0.0,1
1485,363,7.5,6.5,68.5,7.0,1.0,0.0,0.0,1
1486,347,9.0,7.5,64.0,10.0,1.0,0.0,1.0,1
1487,222,9.0,6.5,66.0,16.0,1.0,0.0,1.0,1
1488,206,9.0,6.0,66.0,17.0,1.0,0.0,1.0,1
1489,147,9.0,6.0,68.5,19.0,1.0,0.0,1.0,1
1490,87,9.0,6.0,71.0,18.0,1.0,0.0,1.0,1
1491,75,9.0,6.0,71.0,21.0,1.0,0.0,1.0,1
1492,78,8.5,5.5,73.5,18.0,1.0,0.0,1.0,1
1493,168,9.0,6.0,71.0,21.0,1.0,0.0,1.0,1
1494,457,10.0,7.0,67.0,22.0,1.0,0.0,1.0,1
1495,869,11.5,11.5,60.0,19.5,1.0,0.0,1.0,1
1496,1266,13.0,13.0,53.0,25.0,1.0,0.0,1.0,1
1497,1880,13.5,13.5,53.0,25.0,1.0,0.0,1.0,1
1498,2460,15.0,15.0,48.0,23.0,1.0,0.0,1.0,1
1499,2830,16.0,16.0,45.0,23.0,1.0,0.0,1.0,1
1500,3118,16.0,16.0,46.5,23.0,1.0,0.0,1.0,1
1501,3179,15.0,15.0,49.5,22.5,1.0,0.0,1.0,1
1502,3057,14.5,14.5,53.0,25.0,1.0,0.0,1.0,1
1503,2622,12.5,12.5,61.0,20.5,1.0,0.0,1.0,1
1504,1432,11.0,11.0,67.0,16.0,1.0,0.0,1.0,1
1505,857,9.5,7.0,76.5,17.0,1.0,0.0,1.0,1
1506,600,9.0,7.0,76.0,14.0,1.0,0.0,1.0,1
1507,535,9.0,8.0,76.0,8.0,1.0,0.0,1.0,1
1508,464,9.0,8.0,79.0,7.0,1.0,0.0,1.0,1
1509,409,9.0,7.0,82.0,11.0,1.0,0.0,1.0,1
1510,394,9.0,7.5,82.0,10.0,1.0,0.0,1.0,1
1511,345,8.5,7.5,81.5,6.5,1.0,0.0,1.0,1
1512,257,8.0,5.5,87.0,13.0,1.0,0.0,1.0,1
1513,173,7.5,6.0,90.0,10.0,2.0,0.0,1.0,1
1514,99,8.0,6.0,87.0,10.0,2.0,0.0,1.0,1
1515,70,7.5,5.0,87.0,12.0,2.0,0.0,1.0,1
1516,100,8.0,4.5,84.5,23.0,4.0,0.0,1.0,1
1517,146,8.0,5.5,82.0,14.0,3.0,0.0,1.0,1
1518,345,9.0,7.5,79.0,9.0,2.0,0.0,1.0,1
1519,775,10.5,9.5,74.0,15.0,1.0,0.0,1.0,1
1520,1390,12.0,12.0,69.5,19.5,2.0,0.0,1.0,1
1521,1835,13.5,13.5,67.0,21.0,2.0,0.0,1.0,1
1522,2179,13.5,13.5,69.5,21.0,2.0,0.0,1.0,1
1523,2077,13.0,13.0,72.0,21.0,3.0,0.0,1.0,1
1524,2045,13.0,13.0,72.0,24.0,3.0,0.0,1.0,1
1525,1664,12.0,12.0,77.0,20.0,3.0,0.0,1.0,1
1526,1489,12.5,12.5,74.5,21.0,2.0,0.0,1.0,1
1527,1398,12.0,12.0,77.0,17.0,2.0,0.0,1.0,1
1528,1155,11.0,11.0,82.0,11.0,2.0,0.0,1.0,1
1529,671,10.5,9.5,76.5,16.0,2.0,0.0,1.0,1
1530,481,9.5,8.0,79.0,11.0,3.0,0.0,1.0,1
1531,406,9.0,8.0,79.0,6.5,2.0,0.0,1.0,1
1532,298,8.0,7.5,82.0,5.0,3.0,0.0,1.0,1
1533,225,7.5,7.0,81.5,5.0,2.0,0.0,1.0,1
1534,126,7.0,7.0,81.0,2.0,1.0,0.0,0.0,1
1535,79,6.0,5.0,81.0,6.5,1.0,0.0,0.0,1
1536,33,5.5,3.5,81.0,8.0,1.0,0.0,0.0,1
1537,20,5.0,3.0,81.0,7.0,1.0,0.0,0.0,1
1538,31,5.0,4.0,81.0,6.0,1.0,0.0,0.0,1
1539,80,5.0,4.5,81.0,5.0,2.0,0.0,0.0,1
1540,519,5.0,3.0,81.0,7.0,2.0,0.0,0.0,1
1541,1972,6.0,4.0,76.0,9.5,3.0,0.0,0.0,1
1542,3886,7.5,5.5,71.0,11.0,1.0,0.0,0.0,1
1543,1794,9.0,6.0,73.5,17.0,2.0,0.0,0.0,1
1544,807,9.0,6.5,79.0,18.5,3.0,0.0,0.0,1
1545,770,9.0,6.0,87.0,19.0,3.0,0.0,0.0,1
1546,875,9.5,7.0,84.5,18.0,3.0,0.0,0.0,1
1547,962,10.0,7.0,82.0,21.0,3.0,0.0,0.0,1
1548,843,10.0,7.0,82.0,20.0,3.0,0.0,0.0,1
1549,908,10.0,8.0,82.0,18.0,3.0,0.0,0.0,1
1550,1378,10.0,7.5,82.0,19.5,4.0,0.0,0.0,1
1551,2841,10.0,7.5,88.0,20.5,3.0,0.0,0.0,1
1552,2562,10.0,7.0,88.0,22.0,3.0,0.0,0.0,1
1553,1467,10.0,7.0,88.0,20.0,4.0,0.0,0.0,1
1554,828,10.0,8.0,91.0,19.0,3.0,0.0,0.0,1
1555,640,11.0,11.0,88.0,15.0,4.0,0.0,0.0,1
1556,382,11.0,11.0,88.0,17.0,7.0,0.0,0.0,1
1557,234,10.0,8.0,91.0,17.0,2.0,0.0,0.0,1
1558,127,10.0,7.5,79.0,19.5,1.0,0.0,0.0,1
1559,59,9.5,7.5,79.0,16.0,1.0,0.0,0.0,1
1560,37,8.5,5.5,82.0,16.0,1.0,0.0,0.0,1
1561,14,8.0,5.5,82.0,14.0,1.0,0.0,0.0,1
1562,30,7.5,5.5,81.5,13.0,1.0,0.0,0.0,1
1563,86,7.0,5.0,81.0,10.0,1.0,0.0,0.0,1
1564,614,7.0,6.0,78.5,6.5,1.0,0.0,0.0,1
1565,2179,7.0,5.5,81.0,8.0,1.0,0.0,0.0,1
1566,4033,8.0,5.5,73.5,12.0,1.0,0.0,0.0,1
1567,1944,9.0,6.0,62.0,19.0,1.0,0.0,0.0,1
1568,950,9.0,6.5,60.0,15.0,1.0,0.0,0.0,1
1569,903,10.0,8.5,58.0,9.0,1.0,0.0,0.0,1
1570,1144,11.0,11.0,47.0,6.5,1.0,0.0,0.0,1
1571,1140,12.0,12.0,44.0,5.0,1.0,0.0,0.0,1
1572,1146,12.0,12.0,41.0,5.0,1.0,0.0,0.0,1
1573,1277,11.5,11.5,44.0,5.5,1.0,0.0,0.0,1
1574,1754,11.5,11.5,45.5,7.0,1.0,0.0,0.0,1
1575,3220,11.0,11.0,44.0,10.0,1.0,0.0,0.0,1
1576,2860,10.0,9.5,50.0,6.5,1.0,0.0,0.0,1
1577,1634,9.5,8.5,54.0,7.0,1.0,0.0,0.0,1
1578,948,7.5,6.0,68.5,9.5,1.0,0.0,0.0,1
1579,723,6.5,4.5,78.5,12.0,1.0,0.0,0.0,1
1580,548,6.0,3.0,76.0,13.0,1.0,0.0,0.0,1
1581,304,5.0,2.5,81.0,10.0,1.0,0.0,0.0,1
1582,144,5.0,3.0,87.0,7.0,1.0,0.0,0.0,1
1583,78,5.0,3.0,84.0,7.0,2.0,0.0,0.0,1
1584,56,4.5,3.5,87.0,6.0,1.0,0.0,0.0,1
1585,28,4.0,2.0,90.0,8.5,1.0,0.0,0.0,1
1586,42,4.0,2.0,90.0,8.0,1.0,0.0,0.0,1
1587,117,4.5,1.5,90.0,13.0,1.0,0.0,0.0,1
1588,606,4.5,2.5,90.0,8.0,1.0,0.0,0.0,1
1589,2064,5.0,2.5,87.0,11.0,1.0,0.0,0.0,1
1590,4053,6.0,3.5,81.5,12.0,1.0,0.0,0.0,1
1591,1965,8.5,6.0,73.5,15.0,2.0,0.0,0.0,1
1592,1027,9.5,6.5,66.5,21.0,1.0,0.0,0.0,1
1593,909,11.5,11.5,56.0,19.5,1.0,0.0,0.0,1
1594,1197,12.5,12.5,51.0,16.0,1.0,0.0,0.0,1
1595,1221,13.0,13.0,51.0,17.5,1.0,0.0,0.0,1
1596,1105,13.0,13.0,55.0,18.0,1.0,0.0,0.0,1
1597,1235,13.0,13.0,57.0,15.0,1.0,0.0,0.0,1
1598,1629,13.0,13.0,59.0,12.0,1.0,0.0,0.0,1
1599,2840,12.5,12.5,61.0,13.0,1.0,0.0,0.0,1
1600,2773,11.5,11.5,69.5,9.0,7.0,0.0,0.0,1
1601,1621,11.0,11.0,72.0,6.5,1.0,0.0,0.0,1
1602,1017,10.5,10.0,74.0,7.0,1.0,0.0,0.0,1
1603,679,10.0,9.5,73.5,6.5,2.0,0.0,0.0,1
1604,629,9.0,8.0,82.0,6.0,4.0,0.0,0.0,1
1605,384,9.0,8.0,82.0,7.0,4.0,0.0,0.0,1
1606,205,9.0,8.0,82.0,6.0,4.0,0.0,0.0,1
1607,95,9.0,8.0,79.0,6.5,4.0,0.0,0.0,1
1608,82,8.0,6.5,82.0,8.0,3.0,0.0,0.0,1
1609,31,7.5,5.5,81.5,10.0,3.0,0.0,0.0,1
1610,30,6.0,4.0,87.0,9.0,1.0,0.0,0.0,1
1611,101,6.0,4.0,87.0,10.0,1.0,0.0,0.0,1
1612,614,5.5,4.0,84.0,6.5,1.0,0.0,0.0,1
1613,2136,7.5,6.0,73.5,8.0,1.0,0.0,0.0,1
1614,4125,9.5,7.5,64.0,13.0,1.0,0.0,0.0,1
1615,2055,11.0,11.0,52.0,17.0,1.0,0.0,0.0,1
1616,1008,12.0,12.0,44.0,21.0,1.0,0.0,0.0,1
1617,958,13.0,13.0,39.5,22.0,1.0,0.0,0.0,1
1618,1260,13.0,13.0,35.5,26.0,1.0,0.0,0.0,1
1619,1282,14.0,14.0,26.0,21.0,1.0,0.0,0.0,1
1620,1192,13.0,13.0,27.0,22.0,1.0,0.0,0.0,1
1621,1258,13.0,13.0,31.0,18.0,1.0,0.0,0.0,1
1622,1681,12.0,12.0,36.5,19.0,1.0,0.0,0.0,1
1623,3035,11.0,11.0,42.5,12.0,1.0,0.0,0.0,1
1624,2720,10.5,9.5,44.0,11.0,1.0,0.0,0.0,1
1625,1567,10.0,8.0,47.0,15.0,1.0,0.0,0.0,1
1626,989,10.0,8.5,50.0,9.0,1.0,0.0,0.0,1
1627,720,10.0,8.0,50.0,11.0,1.0,0.0,0.0,1
1628,580,10.0,8.0,50.0,13.0,1.0,0.0,0.0,1
1629,407,9.5,7.5,54.0,12.0,1.0,0.0,0.0,1
1630,264,9.0,6.5,56.0,15.0,1.0,0.0,0.0,1
1631,134,9.0,6.5,58.0,16.0,1.0,0.0,0.0,1
1632,93,9.0,7.0,58.0,14.0,1.0,0.0,0.0,1
1633,54,8.5,7.0,62.0,9.0,1.0,0.0,0.0,1
1634,57,8.0,5.5,66.0,14.0,1.0,0.0,0.0,1
1635,111,7.5,5.5,71.0,12.0,1.0,0.0,0.0,1
1636,532,7.0,5.0,71.0,11.0,1.0,0.0,0.0,1
1637,1764,7.0,5.5,71.0,8.0,1.0,0.0,0.0,1
1638,3609,8.5,6.5,64.0,11.0,1.0,0.0,0.0,1
1639,1948,9.5,6.5,58.0,19.5,1.0,0.0,0.0,1
1640,941,10.5,9.0,52.0,26.0,1.0,0.0,0.0,1
1641,952,11.0,11.0,45.5,28.0,1.0,0.0,0.0,1
1642,1235,11.0,11.0,44.0,29.5,1.0,0.0,0.0,1
1643,1255,11.0,11.0,47.0,30.5,1.0,0.0,0.0,1
1644,1164,11.0,11.0,44.0,26.0,1.0,0.0,0.0,1
1645,1186,11.0,11.0,47.0,25.0,1.0,0.0,0.0,1
1646,1692,10.5,9.0,50.0,19.5,1.0,0.0,0.0,1
1647,2927,10.0,8.0,56.0,18.0,3.0,0.0,0.0,1
1648,2256,8.0,5.0,66.0,20.0,2.0,0.0,0.0,1
1649,1229,7.0,3.5,73.5,19.5,1.0,0.0,0.0,1
1650,816,6.0,3.0,78.5,17.0,1.0,0.0,0.0,1
1651,559,5.5,2.5,78.5,13.0,1.0,0.0,0.0,1
1652,451,4.5,1.5,78.5,11.0,1.0,0.0,0.0,1
1653,471,4.0,1.0,75.0,14.0,2.0,0.0,0.0,1
1654,336,4.0,1.0,72.5,12.0,2.0,0.0,1.0,1
1655,238,3.0,-0.5,75.0,14.0,1.0,0.0,1.0,1
1656,190,3.0,0.0,75.0,13.0,3.0,0.0,1.0,1
1657,136,4.0,1.0,70.0,15.0,4.0,0.0,1.0,1
1658,85,5.0,2.0,66.0,15.0,4.0,0.0,1.0,1
1659,69,5.0,1.5,66.0,18.0,4.0,0.0,1.0,1
1660,73,5.0,2.0,70.0,16.0,2.0,0.0,1.0,1
1661,211,5.0,1.0,70.0,19.0,1.0,0.0,1.0,1
1662,452,5.5,1.5,73.5,19.5,1.0,0.0,1.0,1
1663,859,7.0,4.0,66.0,20.0,2.0,0.0,1.0,1
1664,1271,8.0,4.5,57.0,24.0,3.0,0.0,1.0,1
1665,1546,7.0,3.5,66.0,20.5,4.0,0.0,1.0,1
1666,1464,7.0,4.0,71.0,18.5,4.0,0.0,1.0,1
1667,1510,7.0,4.0,71.0,18.0,3.0,0.0,1.0,1
1668,1561,8.5,5.5,56.0,19.0,3.0,0.0,1.0,1
1669,1617,9.0,6.0,50.0,22.0,2.0,0.0,1.0,1
1670,1625,9.0,6.0,50.0,20.0,2.0,0.0,1.0,1
1671,1421,8.0,5.0,53.0,22.0,2.0,0.0,1.0,1
1672,1011,7.0,3.5,57.0,20.5,1.0,0.0,1.0,1
1673,768,6.5,3.5,63.5,16.0,4.0,0.0,1.0,1
1674,520,6.0,3.0,71.0,16.0,4.0,0.0,1.0,1
1675,407,6.0,3.0,76.0,18.0,7.0,0.0,1.0,1
1676,355,6.0,3.0,81.0,16.0,4.0,0.0,1.0,1
1677,376,6.0,3.0,81.0,19.0,3.0,0.0,1.0,1
1678,313,6.0,3.0,84.0,19.0,7.0,0.0,1.0,1
1679,276,5.0,2.0,93.0,16.0,7.0,0.0,1.0,1
1680,217,5.5,2.5,90.0,15.0,7.0,0.0,1.0,1
1681,120,6.0,3.0,87.0,15.0,7.0,0.0,1.0,1
1682,83,6.0,3.0,87.0,15.0,7.0,0.0,1.0,1
1683,59,6.0,3.0,87.0,17.0,7.0,0.0,1.0,1
1684,79,6.0,3.0,87.0,17.0,7.0,0.0,1.0,1
1685,103,6.0,3.0,87.0,17.0,7.0,0.0,1.0,1
1686,221,6.0,3.0,87.0,19.0,7.0,0.0,1.0,1
1687,477,6.5,3.5,78.5,18.0,3.0,0.0,1.0,1
1688,732,7.0,4.0,76.0,16.0,3.0,0.0,1.0,1
1689,1035,7.0,4.0,76.0,17.0,4.0,0.0,1.0,1
1690,1153,7.0,3.5,76.0,19.5,3.0,0.0,1.0,1
1691,774,7.0,4.0,76.0,17.0,7.0,0.0,1.0,1
1692,603,6.5,3.5,84.0,16.0,7.0,0.0,1.0,1
1693,713,7.0,4.0,78.5,16.0,3.0,0.0,1.0,1
1694,770,7.0,3.5,76.0,21.5,4.0,0.0,1.0,1
1695,730,7.0,4.0,76.0,17.5,3.0,0.0,1.0,1
1696,687,7.0,4.0,76.0,18.0,3.0,0.0,1.0,1
1697,487,6.0,3.0,81.0,14.0,4.0,0.0,1.0,1
1698,380,6.0,3.0,81.0,13.0,3.0,0.0,1.0,1
1699,280,6.0,3.0,81.0,14.0,3.0,0.0,1.0,1
1700,216,6.0,3.5,81.0,12.0,4.0,0.0,1.0,1
1701,154,6.0,3.5,87.0,12.0,7.0,0.0,1.0,1
1702,117,6.0,3.5,87.0,12.0,7.0,0.0,0.0,1
1703,69,6.0,4.0,87.0,10.0,7.0,0.0,0.0,1
1704,36,5.5,3.5,90.0,7.0,7.0,0.0,0.0,1
1705,14,6.0,4.5,87.0,7.5,7.0,0.0,0.0,1
1706,19,6.0,5.0,87.0,4.5,7.0,0.0,0.0,1
1707,68,6.0,4.0,87.0,9.0,7.0,0.0,0.0,1
1708,427,6.0,4.0,90.0,8.0,7.0,0.0,0.0,1
1709,1025,6.0,4.0,93.0,9.0,7.0,0.0,0.0,1
1710,1984,6.5,3.5,90.0,14.0,3.0,0.0,0.0,1
1711,1487,7.0,4.0,87.0,15.0,3.0,0.0,0.0,1
1712,654,7.5,4.5,78.5,16.0,3.0,0.0,0.0,1
1713,607,8.5,5.5,73.5,20.0,3.0,0.0,0.0,1
1714,897,9.0,6.0,68.5,20.0,3.0,0.0,0.0,1
1715,855,9.0,6.0,64.0,21.0,2.0,0.0,0.0,1
1716,758,9.0,6.0,66.0,19.0,2.0,0.0,0.0,1
1717,857,9.0,6.0,66.0,19.5,3.0,0.0,0.0,1
1718,1312,8.0,5.0,71.0,19.5,3.0,0.0,0.0,1
1719,2760,7.5,4.5,73.5,19.5,3.0,0.0,0.0,1
1720,2526,7.0,3.5,78.5,20.5,4.0,0.0,0.0,1
1721,1379,7.0,4.0,81.0,18.0,2.0,0.0,0.0,1
1722,818,6.5,4.0,87.0,14.0,1.0,0.0,0.0,1
1723,554,6.0,4.0,93.0,10.0,2.0,0.0,0.0,1
1724,372,7.0,5.5,87.0,8.5,1.0,0.0,0.0,1
1725,229,6.0,4.0,90.0,7.0,4.0,0.0,0.0,1
1726,103,6.0,4.0,93.0,8.0,3.0,0.0,0.0,1
1727,80,6.0,4.0,93.0,8.0,4.0,0.0,0.0,1
1728,47,6.0,4.0,93.0,7.0,7.0,0.0,0.0,1
1729,39,6.0,4.5,96.5,6.5,7.0,0.0,0.0,1
1730,42,6.0,4.0,100.0,10.0,7.0,0.0,0.0,1
1731,90,6.0,3.5,100.0,11.0,7.0,0.0,0.0,1
1732,567,6.0,5.5,100.0,3.0,2.0,0.0,0.0,1
1733,1950,7.0,6.0,93.0,6.5,2.0,0.0,0.0,1
1734,3734,7.0,5.0,93.0,11.0,2.0,0.0,0.0,1
1735,1798,7.0,5.0,93.0,10.0,3.0,0.0,0.0,1
1736,880,7.5,6.0,90.0,7.5,7.0,0.0,0.0,1
1737,793,8.5,7.5,90.0,6.5,7.0,0.0,0.0,1
1738,1081,9.5,8.5,87.5,8.0,7.0,0.0,0.0,1
1739,1045,12.0,12.0,67.0,14.0,1.0,0.0,0.0,1
1740,979,12.0,12.0,72.0,14.0,2.0,0.0,0.0,1
1741,1186,12.0,12.0,67.0,13.0,2.0,0.0,0.0,1
1742,1582,12.0,12.0,67.0,11.0,3.0,0.0,0.0,1
1743,2942,11.5,11.5,74.5,12.0,3.0,0.0,0.0,1
1744,2849,11.0,11.0,77.0,11.0,3.0,0.0,0.0,1
1745,1622,10.0,8.0,82.0,13.0,3.0,0.0,0.0,1
1746,888,10.0,8.0,79.0,15.0,2.0,0.0,0.0,1
1747,688,9.0,7.0,79.0,14.0,4.0,0.0,0.0,1
1748,476,8.5,6.0,81.5,14.0,4.0,0.0,0.0,1
1749,319,7.0,5.0,93.0,11.0,2.0,0.0,0.0,1
1750,174,6.5,5.5,90.0,6.5,2.0,0.0,0.0,1
1751,86,6.0,4.5,93.0,6.5,1.0,0.0,0.0,1
1752,47,5.0,3.5,96.5,6.5,3.0,0.0,0.0,1
1753,46,5.0,3.5,93.0,6.5,3.0,0.0,0.0,1
1754,27,5.0,3.0,93.0,7.0,3.0,0.0,0.0,1
1755,83,5.0,3.0,93.0,7.0,3.0,0.0,0.0,1
1756,597,5.0,2.0,87.0,11.0,2.0,0.0,0.0,1
1757,2025,4.0,1.0,93.0,12.0,3.0,0.0,0.0,1
1758,3889,4.5,1.5,90.0,11.0,3.0,0.0,0.0,1
1759,1923,5.5,2.5,84.0,14.0,3.0,0.0,0.0,1
1760,944,6.5,4.0,78.5,13.0,3.0,0.0,0.0,1
1761,855,8.5,6.0,73.5,15.0,2.0,0.0,0.0,1
1762,1138,9.0,7.0,71.0,15.0,3.0,0.0,0.0,1
1763,1195,9.0,6.5,68.5,17.0,2.0,0.0,0.0,1
1764,1078,9.0,6.0,66.0,18.0,2.0,0.0,0.0,1
1765,1106,8.0,5.0,73.5,17.0,2.0,0.0,0.0,1
1766,1569,9.0,6.0,66.0,17.0,2.0,0.0,0.0,1
1767,2961,9.0,7.0,71.0,11.0,3.0,0.0,0.0,1
1768,2636,9.0,7.0,68.5,15.0,3.0,0.0,0.0,1
1769,1572,8.0,5.0,71.0,16.0,4.0,0.0,0.0,1
1770,904,8.0,6.0,71.0,12.0,3.0,0.0,0.0,1
1771,737,7.0,5.0,76.0,11.0,3.0,0.0,0.0,1
1772,502,7.0,4.5,76.0,16.0,4.0,0.0,0.0,1
1773,345,7.0,5.0,78.5,12.0,4.0,0.0,0.0,1
1774,157,7.0,5.0,81.0,11.0,4.0,0.0,0.0,1
1775,120,7.0,5.0,81.0,11.0,4.0,0.0,0.0,1
1776,71,7.0,5.0,81.0,11.0,3.0,0.0,0.0,1
1777,50,7.0,4.5,81.0,14.0,3.0,0.0,0.0,1
1778,37,7.0,4.0,81.0,16.0,4.0,0.0,0.0,1
1779,97,7.0,4.0,81.0,17.0,4.0,0.0,0.0,1
1780,584,7.0,4.0,81.0,17.0,4.0,0.0,0.0,1
1781,1939,7.0,4.0,81.0,18.0,4.0,0.0,0.0,1
1782,3787,7.0,4.0,81.0,18.0,4.0,0.0,0.0,1
1783,1841,7.0,4.5,81.0,16.0,4.0,0.0,0.0,1
1784,839,7.0,4.0,81.0,17.0,3.0,0.0,0.0,1
1785,738,7.0,4.5,81.0,14.0,4.0,0.0,0.0,1
1786,953,7.5,4.5,81.5,15.0,4.0,0.0,0.0,1
1787,891,8.0,5.5,76.0,15.0,3.0,0.0,0.0,1
1788,860,8.0,5.5,76.0,14.0,3.0,0.0,0.0,1
1789,903,8.0,5.0,76.0,16.0,3.0,0.0,0.0,1
1790,1418,8.0,5.0,76.0,17.0,3.0,0.0,0.0,1
1791,2648,8.0,5.5,76.0,15.0,3.0,0.0,0.0,1
1792,2461,8.0,5.5,76.0,13.0,3.0,0.0,0.0,1
1793,1393,8.0,5.0,76.0,16.0,3.0,0.0,0.0,1
1794,808,7.0,4.0,78.5,16.0,4.0,0.0,0.0,1
1795,642,7.0,4.0,76.0,16.0,4.0,0.0,0.0,1
1796,494,6.5,4.0,78.5,14.0,4.0,0.0,0.0,1
1797,346,6.0,3.0,81.0,15.0,4.0,0.0,0.0,1
1798,97,6.0,3.0,81.0,14.0,4.0,0.0,0.0,1
1799,39,5.5,2.5,78.5,14.0,4.0,0.0,0.0,1
1800,57,6.0,3.0,81.0,15.0,4.0,0.0,0.0,1
1801,56,6.0,3.5,81.0,12.0,4.0,0.0,0.0,1
1802,46,5.0,2.0,87.0,12.0,4.0,0.0,0.0,1
1803,82,5.0,2.0,87.0,12.0,4.0,0.0,0.0,1
1804,472,5.0,2.0,87.0,12.0,3.0,0.0,0.0,1
1805,1636,5.0,2.5,87.0,9.0,3.0,0.0,0.0,1
1806,3515,5.0,2.0,87.0,11.0,3.0,0.0,0.0,1
1807,1759,5.0,3.5,87.0,7.5,3.0,0.0,0.0,1
1808,889,5.0,3.0,87.0,8.0,3.0,0.0,0.0,1
1809,832,6.0,6.0,81.0,4.0,3.0,0.0,0.0,1
1810,1128,6.5,6.0,81.5,5.5,4.0,0.0,0.0,1
1811,1257,9.0,8.0,71.0,7.0,1.0,0.0,0.0,1
1812,1223,10.0,10.0,67.0,5.0,1.0,0.0,0.0,1
1813,1363,10.5,10.0,64.5,6.5,1.0,0.0,0.0,1
1814,1918,11.5,11.5,56.0,5.0,1.0,0.0,0.0,1
1815,2970,11.0,11.0,58.0,7.5,1.0,0.0,0.0,1
1816,2274,10.5,10.0,60.0,9.0,1.0,0.0,0.0,1
1817,1247,10.0,9.0,62.0,9.0,1.0,0.0,0.0,1
1818,828,9.0,7.0,71.0,11.0,1.0,0.0,0.0,1
1819,532,9.0,7.0,71.0,11.0,1.0,0.0,0.0,1
1820,494,9.5,8.0,71.0,10.0,1.0,0.0,0.0,1
1821,512,10.0,7.5,67.0,19.5,3.0,0.0,0.0,1
1822,400,9.5,7.0,64.0,17.0,3.0,0.0,1.0,1
1823,322,8.5,5.5,73.5,17.0,1.0,0.0,1.0,1
1824,242,8.0,5.0,76.0,16.0,3.0,0.0,1.0,1
1825,143,8.0,6.5,76.0,9.0,2.0,0.0,1.0,1
1826,108,7.5,6.0,78.5,9.0,1.0,0.0,1.0,1
1827,65,7.0,6.0,81.0,6.0,1.0,0.0,1.0,1
1828,114,7.0,5.0,81.0,9.0,2.0,0.0,1.0,1
1829,233,7.5,5.5,78.5,11.0,3.0,0.0,1.0,1
1830,429,8.0,5.0,71.0,19.0,3.0,0.0,1.0,1
1831,744,8.0,4.5,68.5,23.0,3.0,0.0,1.0,1
1832,1105,8.0,5.0,66.0,21.0,7.0,0.0,1.0,1
1833,1251,8.0,5.0,62.0,22.0,3.0,0.0,1.0,1
1834,1355,8.0,5.0,62.0,19.0,3.0,0.0,1.0,1
1835,1377,8.0,5.0,62.0,20.5,4.0,0.0,1.0,1
1836,1315,8.0,5.0,62.0,22.0,4.0,0.0,1.0,1
1837,1224,8.0,4.0,64.0,24.0,4.0,0.0,1.0,1
1838,1340,8.0,5.0,66.0,20.5,4.0,0.0,1.0,1
1839,1128,8.0,5.0,66.0,18.0,3.0,0.0,1.0,1
1840,794,7.5,4.5,73.5,19.5,3.0,0.0,1.0,1
1841,715,7.0,4.0,81.0,17.0,4.0,0.0,1.0,1
1842,542,7.0,4.0,78.5,17.0,4.0,0.0,1.0,1
1843,468,6.5,3.5,78.5,14.0,3.0,0.0,1.0,1
1844,345,6.0,3.5,81.0,12.0,3.0,0.0,1.0,1
1845,357,6.0,3.0,78.5,13.0,3.0,0.0,1.0,1
1846,318,6.0,3.5,71.0,14.0,4.0,0.0,1.0,1
1847,238,6.0,3.5,71.0,12.0,3.0,0.0,1.0,1
1848,207,5.5,2.5,70.5,16.0,3.0,0.0,1.0,1
1849,151,5.0,2.0,73.0,11.0,3.0,0.0,1.0,1
1850,84,4.5,1.5,72.5,12.0,2.0,0.0,1.0,1
1851,69,4.0,1.0,75.0,12.0,4.0,0.0,1.0,1
1852,97,4.0,1.5,75.0,10.0,4.0,0.0,1.0,1
1853,166,5.0,2.0,66.0,14.0,4.0,0.0,1.0,1
1854,308,6.0,3.0,61.0,15.0,4.0,0.0,1.0,1
1855,629,7.0,4.0,63.5,17.0,3.0,0.0,1.0,1
1856,1070,7.0,4.0,63.5,18.0,4.0,0.0,1.0,1
1857,1334,7.0,4.0,61.0,16.0,3.0,0.0,1.0,1
1858,1724,7.5,4.5,59.0,17.0,3.0,0.0,1.0,1
1859,1809,8.0,6.0,59.5,11.0,3.0,0.0,1.0,1
1860,1915,7.0,4.5,63.5,14.0,3.0,0.0,1.0,1
1861,1941,7.0,5.0,63.5,12.0,3.0,0.0,1.0,1
1862,1857,7.0,5.5,66.0,10.0,4.0,0.0,1.0,1
1863,1469,6.5,4.5,68.5,11.0,3.0,0.0,1.0,1
1864,1134,6.0,4.0,66.0,9.0,3.0,0.0,1.0,1
1865,737,6.0,4.0,66.0,11.0,3.0,0.0,1.0,1
1866,434,5.0,2.5,70.0,9.0,3.0,0.0,1.0,1
1867,345,5.0,2.5,73.0,10.0,3.0,0.0,1.0,1
1868,341,4.5,2.0,72.5,10.0,3.0,0.0,1.0,1
1869,241,4.0,2.5,75.0,6.5,1.0,0.0,1.0,1
1870,144,3.5,3.0,78.0,5.0,1.0,0.0,0.0,1
1871,79,3.0,2.0,81.0,6.0,1.0,0.0,0.0,1
1872,47,3.0,1.5,81.0,6.5,2.0,0.0,0.0,1
1873,31,3.0,0.5,84.0,8.0,4.0,0.0,0.0,1
1874,44,3.5,2.0,81.0,6.5,4.0,0.0,0.0,1
1875,81,4.5,2.0,78.5,10.0,4.0,0.0,0.0,1
1876,569,5.0,2.0,76.0,14.0,3.0,0.0,0.0,1
1877,1948,6.5,3.5,68.5,15.0,2.0,0.0,0.0,1
1878,3719,7.5,4.5,64.0,18.0,2.0,0.0,0.0,1
1879,1777,8.5,5.5,60.0,18.5,2.0,0.0,0.0,1
1880,910,9.5,7.0,58.0,19.5,2.0,0.0,0.0,1
1881,844,10.0,8.5,56.0,16.0,2.0,0.0,0.0,1
1882,1114,11.0,11.0,54.0,15.0,2.0,0.0,0.0,1
1883,1153,11.5,11.5,50.5,14.0,3.0,0.0,0.0,1
1884,1017,12.0,12.0,47.0,14.0,3.0,0.0,0.0,1
1885,1109,11.0,11.0,50.0,13.0,3.0,0.0,0.0,1
1886,1519,11.0,11.0,50.0,10.0,3.0,0.0,0.0,1
1887,3044,10.5,9.5,50.5,11.0,3.0,0.0,0.0,1
1888,2819,10.5,9.5,52.0,10.0,1.0,0.0,0.0,1
1889,1483,10.0,8.0,60.0,12.0,2.0,0.0,0.0,1
1890,929,10.0,8.0,62.0,14.0,4.0,0.0,0.0,1
1891,554,9.0,7.0,82.0,11.0,4.0,0.0,0.0,1
1892,402,9.0,8.0,82.0,8.0,7.0,0.0,0.0,1
1893,256,9.0,7.0,82.0,11.0,7.0,0.0,0.0,1
1894,134,9.0,7.0,79.0,11.0,7.0,0.0,0.0,1
1895,74,8.0,6.0,79.0,12.0,4.0,0.0,0.0,1
1896,32,8.0,5.0,71.0,16.0,4.0,0.0,0.0,1
1897,27,6.5,4.5,81.5,12.0,7.0,0.0,0.0,1
1898,34,6.5,5.0,81.5,7.0,7.0,0.0,0.0,1
1899,98,7.0,5.5,76.0,7.5,7.0,0.0,0.0,1
1900,609,6.5,4.5,78.5,8.0,3.0,0.0,0.0,1
1901,2081,6.0,4.0,81.0,8.0,2.0,0.0,0.0,1
1902,3864,7.0,5.5,73.5,8.0,2.0,0.0,0.0,1
1903,1824,7.0,5.0,71.0,10.0,2.0,0.0,0.0,1
1904,933,7.5,5.5,68.5,11.0,2.0,0.0,0.0,1
1905,795,9.0,8.0,60.0,9.0,2.0,0.0,0.0,1
1906,996,9.0,8.0,56.0,7.5,2.0,0.0,0.0,1
1907,922,9.0,8.0,56.0,7.5,7.0,0.0,0.0,1
1908,832,8.5,7.0,58.0,8.5,7.0,0.0,0.0,1
1909,966,8.5,6.5,61.5,13.0,7.0,0.0,0.0,1
1910,1437,9.0,7.5,56.0,11.0,7.0,0.0,0.0,1
1911,2777,9.0,9.0,58.0,4.0,7.0,0.0,0.0,1
1912,2223,8.0,7.0,62.0,7.0,7.0,0.0,0.0,1
1913,1210,7.0,4.5,68.5,14.0,7.0,0.0,0.0,1
1914,877,7.0,5.0,71.0,11.0,3.0,0.0,0.0,1
1915,605,7.0,6.5,71.0,5.0,3.0,0.0,0.0,1
1916,444,6.0,4.5,76.0,7.5,1.0,0.0,0.0,1
1917,289,5.0,3.0,81.0,9.0,1.0,0.0,0.0,1
1918,145,4.5,3.0,81.0,7.5,1.0,0.0,0.0,1
1919,81,4.0,2.0,81.0,7.0,1.0,0.0,0.0,1
1920,45,4.0,2.5,81.0,6.5,1.0,0.0,0.0,1
1921,34,3.5,1.0,84.0,8.0,1.0,0.0,0.0,1
1922,31,3.0,1.5,81.0,6.5,2.0,0.0,0.0,1
1923,96,3.0,1.5,81.0,6.5,1.0,0.0,0.0,1
1924,627,2.5,1.0,84.0,6.0,1.0,0.0,0.0,1
1925,2052,3.5,2.0,84.0,6.5,1.0,0.0,0.0,1
1926,3858,4.5,3.0,84.0,6.5,1.0,0.0,0.0,1
1927,1896,7.0,6.0,71.0,6.0,2.0,0.0,0.0,1
1928,921,7.0,5.0,71.0,11.0,3.0,0.0,0.0,1
1929,702,7.5,5.0,66.5,15.0,7.0,0.0,0.0,1
1930,948,8.0,5.5,64.0,13.0,3.0,0.0,0.0,1
1931,1047,8.5,6.5,58.0,12.0,2.0,0.0,0.0,1
1932,1008,9.5,8.0,50.5,9.0,2.0,0.0,0.0,1
1933,1080,9.5,9.0,44.5,6.5,2.0,0.0,0.0,1
1934,1511,9.0,7.5,44.5,9.0,2.0,0.0,0.0,1
1935,2878,9.0,8.5,41.5,5.0,2.0,0.0,0.0,1
1936,2788,9.0,9.0,46.5,4.0,1.0,0.0,0.0,1
1937,1520,8.5,8.0,48.0,5.5,1.0,0.0,0.0,1
1938,922,7.5,6.0,55.0,7.5,1.0,0.0,0.0,1
1939,662,6.0,4.0,61.0,8.0,1.0,0.0,0.0,1
1940,497,5.5,3.5,71.0,8.0,1.0,0.0,0.0,1
1941,323,5.0,2.5,76.0,10.0,1.0,0.0,0.0,1
1942,173,5.0,2.0,78.5,12.0,1.0,0.0,0.0,1
1943,84,5.0,2.0,84.0,12.0,1.0,0.0,0.0,1
1944,49,6.0,3.5,81.0,11.0,1.0,0.0,0.0,1
1945,40,6.0,3.0,76.0,14.0,7.0,0.0,0.0,1
1946,28,6.0,3.0,81.0,17.0,7.0,0.0,0.0,1
1947,59,6.0,2.5,81.0,19.5,7.0,0.0,0.0,1
1948,247,5.0,1.0,87.0,20.0,7.0,0.0,0.0,1
1949,974,5.5,1.5,84.0,20.0,7.0,0.0,0.0,1
1950,2658,6.5,3.0,87.0,20.5,3.0,0.0,0.0,1
1951,1251,7.0,4.0,90.0,19.5,3.0,0.0,0.0,1
1952,636,8.5,5.5,87.0,21.0,3.0,0.0,0.0,1
1953,630,10.5,9.0,85.0,21.0,3.0,0.0,0.0,1
1954,739,11.5,11.5,77.0,23.0,2.0,0.0,0.0,1
1955,742,10.5,9.0,74.0,22.0,3.0,0.0,0.0,1
1956,854,12.0,12.0,56.0,33.0,3.0,0.0,0.0,1
1957,983,12.0,12.0,52.5,29.5,2.0,0.0,0.0,1
1958,1357,12.0,12.0,51.0,29.0,2.0,0.0,0.0,1
1959,2601,11.0,11.0,48.5,26.0,2.0,0.0,0.0,1
1960,2399,11.0,11.0,48.5,23.0,2.0,0.0,0.0,1
1961,1411,10.0,7.5,50.0,20.5,1.0,0.0,0.0,1
1962,911,9.5,7.0,52.0,18.5,1.0,0.0,0.0,1
1963,634,9.0,6.0,58.0,22.0,1.0,0.0,0.0,1
1964,506,8.5,5.5,58.0,22.0,1.0,0.0,0.0,1
1965,339,8.0,4.0,62.0,24.0,1.0,0.0,0.0,1
1966,190,7.5,4.0,61.5,22.0,1.0,0.0,0.0,1
1967,128,7.0,3.0,61.0,26.0,1.0,0.0,0.0,1
1968,75,6.0,2.5,66.0,18.5,1.0,0.0,0.0,1
1969,38,6.0,2.5,68.5,21.5,1.0,0.0,0.0,1
1970,43,6.0,2.0,71.0,21.0,1.0,0.0,0.0,1
1971,99,6.0,3.0,71.0,18.0,1.0,0.0,0.0,1
1972,517,5.5,2.0,73.5,18.0,1.0,0.0,0.0,1
1973,1709,6.5,3.5,68.5,19.5,1.0,0.0,0.0,1
1974,3514,7.5,5.0,64.0,14.0,1.0,0.0,0.0,1
1975,1866,8.0,5.0,57.0,15.0,1.0,0.0,0.0,1
1976,977,9.0,7.0,54.0,13.0,2.0,0.0,0.0,1
1977,963,10.0,8.0,45.0,17.0,2.0,0.0,0.0,1
1978,1217,11.5,11.5,44.0,15.0,2.0,0.0,0.0,1
1979,1288,12.0,12.0,44.0,17.0,1.0,0.0,0.0,1
1980,1285,12.0,12.0,44.0,15.0,1.0,0.0,0.0,1
1981,1377,13.0,13.0,41.0,12.0,1.0,0.0,0.0,1
1982,1917,12.5,12.5,42.5,12.0,1.0,0.0,0.0,1
1983,3034,12.0,12.0,47.5,15.0,2.0,0.0,0.0,1
1984,2410,11.0,11.0,58.0,16.0,1.0,0.0,0.0,1
1985,1353,10.0,8.0,62.0,15.0,1.0,0.0,0.0,1
1986,799,9.0,7.0,71.0,14.0,1.0,0.0,0.0,1
1987,599,8.0,6.0,76.0,9.0,1.0,0.0,0.0,1
1988,507,8.0,6.5,79.0,8.0,1.0,0.0,0.0,1
1989,443,8.0,7.0,82.0,6.0,1.0,0.0,0.0,1
1990,401,8.0,7.5,82.0,5.0,4.0,0.0,1.0,1
1991,356,8.5,6.5,84.5,10.0,4.0,0.0,1.0,1
1992,258,8.0,6.0,93.0,10.0,3.0,0.0,1.0,1
1993,198,9.0,8.0,87.0,7.0,3.0,0.0,1.0,1
1994,118,9.0,7.5,90.5,10.0,3.0,0.0,1.0,1
1995,90,9.5,8.0,91.0,9.0,3.0,0.0,1.0,1
1996,125,10.0,8.5,91.0,10.0,3.0,0.0,1.0,1
1997,196,11.0,11.0,91.0,18.0,3.0,0.0,1.0,1
1998,454,12.0,12.0,88.0,20.5,3.0,0.0,1.0,1
1999,807,13.0,13.0,82.0,25.0,3.0,0.0,1.0,1
