,Pclass,Sex,Age,SibSp,Parch,Fare,Embarked,Alone,Small Family,Big Family,Salutation,New_Sal,target
0,0,0,22.0,0,0,7.25,0,0,0,0,0,0,0
1,1,1,38.0,0,0,71.2833,1,0,0,0,1,0,1
2,0,1,26.0,1,0,7.925,0,1,1,0,2,1,1
3,1,1,35.0,0,0,53.1,0,0,0,0,1,0,1
4,0,0,35.0,1,0,8.05,0,1,1,0,0,0,0
5,0,0,32.0,1,0,8.4583,2,1,1,0,0,0,0
6,1,0,54.0,1,0,51.8625,0,1,1,0,0,0,0
7,0,0,2.0,2,1,21.075,0,0,1,1,3,2,0
8,0,1,27.0,1,2,11.1333,0,0,0,0,1,0,1
9,2,1,14.0,0,0,30.0708,1,0,0,0,1,0,1
10,0,1,4.0,0,1,16.7,0,0,0,0,2,1,1
11,1,1,58.0,1,0,26.55,0,1,1,0,2,1,1
12,0,0,20.0,1,0,8.05,0,1,1,0,0,0,0
13,0,0,39.0,0,3,31.275,0,0,1,1,0,0,0
14,0,1,14.0,1,0,7.8542,0,1,1,0,2,1,0
15,2,1,55.0,1,0,16.0,0,1,1,0,1,0,1
16,0,0,2.0,3,1,29.125,2,0,1,1,3,2,0
17,2,0,32.0,1,0,13.0,0,1,1,0,0,0,1
18,0,1,31.0,0,0,18.0,0,0,0,0,1,0,0
19,0,1,32.0,1,0,7.225,1,1,1,0,1,0,1
20,2,0,35.0,1,0,26.0,0,1,1,0,0,0,0
21,2,0,34.0,1,0,13.0,0,1,1,0,0,0,1
22,0,1,15.0,1,0,8.0292,2,1,1,0,2,1,1
23,1,0,28.0,1,0,35.5,0,1,1,0,0,0,1
24,0,1,8.0,2,1,21.075,0,0,1,1,2,1,0
25,0,1,38.0,0,3,31.3875,0,0,1,1,1,0,1
26,0,0,32.0,1,0,7.225,1,1,1,0,0,0,0
27,1,0,19.0,2,2,263.0,0,0,1,1,0,0,0
28,0,1,32.0,1,0,7.8792,2,1,1,0,2,1,1
29,0,0,32.0,1,0,7.8958,0,1,1,0,0,0,0
30,1,0,40.0,1,0,27.7208,1,1,1,0,4,1,0
31,1,1,34.0,0,0,146.5208,1,0,0,0,1,0,1
32,0,1,32.0,1,0,7.75,2,1,1,0,2,1,1
33,2,0,66.0,1,0,10.5,0,1,1,0,0,0,0
34,1,0,28.0,0,0,82.1708,1,0,0,0,0,0,0
35,1,0,42.0,0,0,52.0,0,0,0,0,0,0,0
36,0,0,32.0,1,0,7.2292,1,1,1,0,0,0,1
37,0,0,21.0,1,0,8.05,0,1,1,0,0,0,0
38,0,1,18.0,4,0,18.0,0,0,0,0,2,1,0
39,0,1,14.0,0,0,11.2417,1,0,0,0,2,1,1
40,0,1,40.0,0,0,9.475,0,0,0,0,1,0,0
41,2,1,27.0,0,0,21.0,0,0,0,0,1,0,0
42,0,0,32.0,1,0,7.8958,1,1,1,0,0,0,0
43,2,1,3.0,0,2,41.5792,1,0,0,0,2,1,1
44,0,1,19.0,1,0,7.8792,2,1,1,0,2,1,1
45,0,0,32.0,1,0,8.05,0,1,1,0,0,0,0
46,0,0,34.0,0,0,15.5,2,0,0,0,0,0,0
47,0,1,32.0,1,0,7.75,2,1,1,0,2,1,1
48,0,0,32.0,4,0,21.6792,1,0,0,0,0,0,0
49,0,1,18.0,0,0,17.8,0,0,0,0,1,0,0
50,0,0,7.0,3,1,39.6875,0,0,1,1,3,2,0
51,0,0,21.0,1,0,7.8,0,1,1,0,0,0,0
52,1,1,49.0,0,0,76.7292,1,0,0,0,1,0,1
53,2,1,29.0,0,0,26.0,0,0,0,0,1,0,1
54,1,0,65.0,1,1,61.9792,1,0,0,0,0,0,0
55,1,0,32.0,1,0,35.5,0,1,1,0,0,0,1
56,2,1,21.0,1,0,10.5,0,1,1,0,2,1,1
57,0,0,28.5,1,0,7.2292,1,1,1,0,0,0,0
58,2,1,5.0,0,2,27.75,0,0,0,0,2,1,1
59,0,0,11.0,5,2,46.9,0,0,1,1,3,2,0
60,0,0,22.0,1,0,7.2292,1,1,1,0,0,0,0
61,1,1,38.0,1,0,80.0,1,1,1,0,2,1,1
62,1,0,45.0,0,0,83.475,0,0,0,0,0,0,0
63,0,0,4.0,2,2,27.9,0,0,1,1,3,2,0
64,1,0,32.0,1,0,27.7208,1,1,1,0,0,0,0
65,0,0,27.0,0,1,15.2458,1,0,0,0,3,2,1
66,2,1,29.0,1,0,10.5,0,1,1,0,1,0,1
67,0,0,19.0,1,0,8.1583,0,1,1,0,0,0,0
68,0,1,17.0,3,2,7.925,0,0,1,1,2,1,1
69,0,0,26.0,4,0,8.6625,0,0,0,0,0,0,0
70,2,0,32.0,1,0,10.5,0,1,1,0,0,0,0
71,0,1,16.0,5,2,46.9,0,0,1,1,2,1,0
72,2,0,21.0,1,0,73.5,0,1,1,0,0,0,0
73,0,0,26.0,0,0,14.4542,1,0,0,0,0,0,0
74,0,0,32.0,1,0,56.4958,0,1,1,0,0,0,1
75,0,0,25.0,1,0,7.65,0,1,1,0,0,0,0
76,0,0,32.0,1,0,7.8958,0,1,1,0,0,0,0
77,0,0,32.0,1,0,8.05,0,1,1,0,0,0,0
78,2,0,0.83,1,2,29.0,0,0,0,0,3,2,1
79,0,1,30.0,1,0,12.475,0,1,1,0,2,1,1
80,0,0,22.0,1,0,9.0,0,1,1,0,0,0,0
81,0,0,29.0,1,0,9.5,0,1,1,0,0,0,1
82,0,1,32.0,1,0,7.7875,2,1,1,0,2,1,1
83,1,0,28.0,1,0,47.1,0,1,1,0,0,0,0
84,2,1,17.0,1,0,10.5,0,1,1,0,2,1,1
85,0,1,33.0,2,0,15.85,0,0,1,1,1,0,1
86,0,0,16.0,0,4,34.375,0,0,1,1,0,0,0
87,0,0,32.0,1,0,8.05,0,1,1,0,0,0,0
88,1,1,23.0,2,2,263.0,0,0,1,1,2,1,1
89,0,0,24.0,1,0,8.05,0,1,1,0,0,0,0
90,0,0,29.0,1,0,8.05,0,1,1,0,0,0,0
91,0,0,20.0,1,0,7.8542,0,1,1,0,0,0,0
92,1,0,46.0,0,0,61.175,0,0,0,0,0,0,0
93,0,0,26.0,0,2,20.575,0,0,0,0,0,0,0
94,0,0,59.0,1,0,7.25,0,1,1,0,0,0,0
95,0,0,32.0,1,0,8.05,0,1,1,0,0,0,0
96,1,0,71.0,1,0,34.6542,1,1,1,0,0,0,0
97,1,0,23.0,1,1,63.3583,1,0,0,0,0,0,1
98,2,1,34.0,1,1,23.0,0,0,0,0,1,0,1
99,2,0,34.0,0,0,26.0,0,0,0,0,0,0,0
100,0,1,28.0,1,0,7.8958,0,1,1,0,2,1,0
101,0,0,32.0,1,0,7.8958,0,1,1,0,0,0,0
102,1,0,21.0,1,1,77.2875,0,0,0,0,0,0,0
103,0,0,33.0,1,0,8.6542,0,1,1,0,0,0,0
104,0,0,37.0,4,0,7.925,0,0,0,0,0,0,0
105,0,0,28.0,1,0,7.8958,0,1,1,0,0,0,0
106,0,1,21.0,1,0,7.65,0,1,1,0,2,1,1
107,0,0,32.0,1,0,7.775,0,1,1,0,0,0,1
108,0,0,38.0,1,0,7.8958,0,1,1,0,0,0,0
109,0,1,34.0,0,0,24.15,2,0,0,0,2,1,1
110,1,0,47.0,1,0,52.0,0,1,1,0,0,0,0
111,0,1,14.5,0,0,14.4542,1,0,0,0,2,1,0
112,0,0,22.0,1,0,8.05,0,1,1,0,0,0,0
113,0,1,20.0,0,0,9.825,0,0,0,0,2,1,0
114,0,1,17.0,1,0,14.4583,1,1,1,0,2,1,0
115,0,0,21.0,1,0,7.925,0,1,1,0,0,0,0
116,0,0,70.5,1,0,7.75,2,1,1,0,0,0,0
117,2,0,29.0,0,0,21.0,0,0,0,0,0,0,0
118,1,0,24.0,1,1,247.5208,1,0,0,0,0,0,0
119,0,1,2.0,3,2,31.275,0,0,1,1,2,1,0
120,2,0,21.0,4,0,73.5,0,0,0,0,0,0,0
121,0,0,32.0,1,0,8.05,0,1,1,0,0,0,0
122,2,0,32.5,0,0,30.0708,1,0,0,0,0,0,0
123,2,1,32.5,1,0,13.0,0,1,1,0,2,1,1
124,1,0,54.0,1,1,77.2875,0,0,0,0,0,0,0
125,0,0,12.0,0,0,11.2417,1,0,0,0,3,2,1
126,0,0,32.0,1,0,7.75,2,1,1,0,0,0,0
127,0,0,24.0,1,0,7.1417,0,1,1,0,0,0,1
128,0,1,27.0,0,1,22.3583,1,0,0,0,2,1,1
129,0,0,45.0,1,0,6.975,0,1,1,0,0,0,0
130,0,0,33.0,1,0,7.8958,1,1,1,0,0,0,0
131,0,0,20.0,1,0,7.05,0,1,1,0,0,0,0
132,0,1,47.0,0,0,14.5,0,0,0,0,1,0,0
133,2,1,29.0,0,0,26.0,0,0,0,0,1,0,1
134,2,0,25.0,1,0,13.0,0,1,1,0,0,0,0
135,2,0,23.0,1,0,15.0458,1,1,1,0,0,0,0
136,1,1,19.0,1,2,26.2833,0,0,0,0,2,1,1
137,1,0,37.0,0,0,53.1,0,0,0,0,0,0,0
138,0,0,16.0,1,0,9.2167,0,1,1,0,0,0,0
139,1,0,24.0,1,0,79.2,1,1,1,0,0,0,0
140,0,1,23.0,1,2,15.2458,1,0,0,0,1,0,0
141,0,1,22.0,1,0,7.75,0,1,1,0,2,1,1
142,0,1,24.0,0,0,15.85,0,0,0,0,1,0,1
143,0,0,19.0,1,0,6.75,2,1,1,0,0,0,0
144,2,0,18.0,1,0,11.5,0,1,1,0,0,0,0
145,2,0,19.0,0,1,36.75,0,0,0,0,0,0,0
146,0,0,27.0,1,0,7.7958,0,1,1,0,0,0,1
147,0,1,9.0,4,2,34.375,0,0,0,0,2,1,0
148,2,0,36.5,1,2,26.0,0,0,0,0,0,0,0
149,2,0,42.0,1,0,13.0,0,1,1,0,5,1,0
150,2,0,51.0,1,0,12.525,0,1,1,0,5,1,0
151,1,1,22.0,0,0,66.6,0,0,0,0,1,0,1
152,0,0,55.5,1,0,8.05,0,1,1,0,0,0,0
153,0,0,40.5,1,2,14.5,0,0,0,0,0,0,0
154,0,0,32.0,1,0,7.3125,0,1,1,0,0,0,0
155,1,0,51.0,1,1,61.3792,1,0,0,0,0,0,0
156,0,1,16.0,1,0,7.7333,2,1,1,0,2,1,1
157,0,0,30.0,1,0,8.05,0,1,1,0,0,0,0
158,0,0,32.0,1,0,8.6625,0,1,1,0,0,0,0
159,0,0,14.0,6,2,69.55,0,0,1,1,3,2,0
160,0,0,44.0,1,1,16.1,0,0,0,0,0,0,0
161,2,1,40.0,1,0,15.75,0,1,1,0,1,0,1
162,0,0,26.0,1,0,7.775,0,1,1,0,0,0,0
163,0,0,17.0,1,0,8.6625,0,1,1,0,0,0,0
164,0,0,1.0,3,1,39.6875,0,0,1,1,3,2,0
165,0,0,9.0,1,2,20.525,0,0,0,0,3,2,1
166,1,1,30.0,1,1,55.0,0,0,0,0,1,0,1
167,0,1,45.0,0,5,27.9,0,0,1,1,1,0,0
168,1,0,32.0,1,0,25.925,0,1,1,0,0,0,0
169,0,0,28.0,1,0,56.4958,0,1,1,0,0,0,0
170,1,0,61.0,1,0,33.5,0,1,1,0,0,0,0
171,0,0,4.0,3,1,29.125,2,0,1,1,3,2,0
172,0,1,1.0,0,1,11.1333,0,0,0,0,2,1,1
173,0,0,21.0,1,0,7.925,0,1,1,0,0,0,0
174,1,0,56.0,1,0,30.6958,1,1,1,0,0,0,0
175,0,0,18.0,0,1,7.8542,0,0,0,0,0,0,0
176,0,0,10.0,2,1,25.4667,0,0,1,1,3,2,0
177,1,1,50.0,1,0,28.7125,1,1,1,0,2,1,0
178,2,0,30.0,1,0,13.0,0,1,1,0,0,0,0
179,0,0,36.0,1,0,0.0,0,1,1,0,0,0,0
180,0,1,14.0,6,2,69.55,0,0,1,1,2,1,0
181,2,0,32.0,1,0,15.05,1,1,1,0,0,0,0
182,0,0,9.0,3,2,31.3875,0,0,1,1,3,2,0
183,2,0,1.0,4,1,39.0,0,0,0,0,3,2,1
184,0,1,4.0,1,2,22.025,0,0,0,0,2,1,1
185,1,0,32.0,1,0,50.0,0,1,1,0,0,0,0
186,0,1,34.0,0,0,15.5,2,0,0,0,1,0,1
187,1,0,45.0,1,0,26.55,0,1,1,0,0,0,1
188,0,0,40.0,0,1,15.5,2,0,0,0,0,0,0
189,0,0,36.0,1,0,7.8958,0,1,1,0,0,0,0
190,2,1,32.0,1,0,13.0,0,1,1,0,1,0,1
191,2,0,19.0,1,0,13.0,0,1,1,0,0,0,0
192,0,1,19.0,0,0,7.8542,0,0,0,0,2,1,1
193,2,0,3.0,0,1,26.0,0,0,0,0,3,2,1
194,1,1,44.0,1,0,27.7208,1,1,1,0,1,0,1
195,1,1,58.0,1,0,146.5208,1,1,1,0,2,1,1
196,0,0,32.0,1,0,7.75,2,1,1,0,0,0,0
197,0,0,42.0,1,1,8.4042,0,0,0,0,0,0,0
198,0,1,32.0,1,0,7.75,2,1,1,0,2,1,1
199,2,1,24.0,1,0,13.0,0,1,1,0,2,1,0
200,0,0,28.0,1,0,9.5,0,1,1,0,0,0,0
201,0,0,14.0,6,2,69.55,0,0,1,1,0,0,0
202,0,0,34.0,1,0,6.4958,0,1,1,0,0,0,0
203,0,0,45.5,1,0,7.225,1,1,1,0,0,0,0
204,0,0,18.0,1,0,8.05,0,1,1,0,0,0,1
205,0,1,2.0,1,1,10.4625,0,0,0,0,2,1,0
206,0,0,32.0,0,0,15.85,0,0,0,0,0,0,0
207,0,0,26.0,1,0,18.7875,1,1,1,0,0,0,1
208,0,1,16.0,1,0,7.75,2,1,1,0,2,1,1
209,1,0,40.0,1,0,31.0,1,1,1,0,0,0,1
210,0,0,24.0,1,0,7.05,0,1,1,0,0,0,0
211,2,1,35.0,1,0,21.0,0,1,1,0,2,1,1
212,0,0,22.0,1,0,7.25,0,1,1,0,0,0,0
213,2,0,30.0,1,0,13.0,0,1,1,0,0,0,0
214,0,0,34.0,0,0,7.75,2,0,0,0,0,0,0
215,1,1,31.0,0,0,113.275,1,0,0,0,2,1,1
216,0,1,27.0,1,0,7.925,0,1,1,0,2,1,1
217,2,0,42.0,0,0,27.0,0,0,0,0,0,0,0
218,1,1,32.0,1,0,76.2917,1,1,1,0,2,1,1
219,2,0,30.0,1,0,10.5,0,1,1,0,0,0,0
220,0,0,16.0,1,0,8.05,0,1,1,0,0,0,1
221,2,0,27.0,1,0,13.0,0,1,1,0,0,0,0
222,0,0,51.0,1,0,8.05,0,1,1,0,0,0,0
223,0,0,32.0,1,0,7.8958,0,1,1,0,0,0,0
224,1,0,38.0,0,0,90.0,0,0,0,0,0,0,1
225,0,0,22.0,1,0,9.35,0,1,1,0,0,0,0
226,2,0,19.0,1,0,10.5,0,1,1,0,0,0,1
227,0,0,20.5,1,0,7.25,0,1,1,0,0,0,0
228,2,0,18.0,1,0,13.0,0,1,1,0,0,0,0
229,0,1,10.0,2,1,25.4667,0,0,1,1,2,1,0
230,1,1,35.0,0,0,83.475,0,0,0,0,1,0,1
231,0,0,29.0,1,0,7.775,0,1,1,0,0,0,0
232,2,0,59.0,1,0,13.5,0,1,1,0,0,0,0
233,0,1,5.0,3,2,31.3875,0,0,1,1,2,1,1
234,2,0,24.0,1,0,10.5,0,1,1,0,0,0,0
235,0,1,32.0,1,0,7.55,0,1,1,0,2,1,0
236,2,0,44.0,0,0,26.0,0,0,0,0,0,0,0
237,2,1,8.0,1,2,26.25,0,0,0,0,2,1,1
238,2,0,19.0,1,0,10.5,0,1,1,0,0,0,0
239,2,0,33.0,1,0,12.275,0,1,1,0,0,0,0
240,0,1,34.0,0,0,14.4542,1,0,0,0,2,1,0
241,0,1,34.0,0,0,15.5,2,0,0,0,2,1,1
242,2,0,29.0,1,0,10.5,0,1,1,0,0,0,0
243,0,0,22.0,1,0,7.125,0,1,1,0,0,0,0
244,0,0,30.0,1,0,7.225,1,1,1,0,0,0,0
245,1,0,44.0,4,0,90.0,2,0,0,0,6,3,0
246,0,1,25.0,1,0,7.775,0,1,1,0,2,1,0
247,2,1,24.0,1,2,14.5,0,0,0,0,1,0,1
248,1,0,37.0,0,1,52.5542,0,0,0,0,0,0,1
249,2,0,54.0,0,0,26.0,0,0,0,0,5,1,0
250,0,0,32.0,1,0,7.25,0,1,1,0,0,0,0
251,0,1,29.0,0,1,10.4625,0,0,0,0,1,0,0
252,1,0,62.0,1,0,26.55,0,1,1,0,0,0,0
253,0,0,30.0,0,0,16.1,0,0,0,0,0,0,0
254,0,1,41.0,1,2,20.2125,0,0,0,0,1,0,0
255,0,1,29.0,1,2,15.2458,1,0,0,0,1,0,1
256,1,1,32.0,1,0,79.2,1,1,1,0,1,0,1
257,1,1,30.0,1,0,86.5,0,1,1,0,2,1,1
258,1,1,35.0,1,0,512.3292,1,1,1,0,2,1,1
259,2,1,50.0,1,1,26.0,0,0,0,0,1,0,1
260,0,0,32.0,1,0,7.75,2,1,1,0,0,0,0
261,0,0,3.0,3,2,31.3875,0,0,1,1,3,2,1
262,1,0,52.0,0,1,79.65,0,0,0,0,0,0,0
263,1,0,40.0,1,0,0.0,0,1,1,0,0,0,0
264,0,1,32.0,1,0,7.75,2,1,1,0,2,1,0
265,2,0,36.0,1,0,10.5,0,1,1,0,0,0,0
266,0,0,16.0,3,1,39.6875,0,0,1,1,0,0,0
267,0,0,25.0,0,0,7.775,0,0,0,0,0,0,1
268,1,1,58.0,1,1,153.4625,0,0,0,0,1,0,1
269,1,1,35.0,1,0,135.6333,0,1,1,0,2,1,1
270,1,0,32.0,1,0,31.0,0,1,1,0,0,0,0
271,0,0,25.0,1,0,0.0,0,1,1,0,0,0,1
272,2,1,41.0,1,1,19.5,0,0,0,0,1,0,1
273,1,0,37.0,1,1,29.7,1,0,0,0,0,0,0
274,0,1,32.0,1,0,7.75,2,1,1,0,2,1,1
275,1,1,63.0,0,0,77.9583,0,0,0,0,2,1,1
276,0,1,45.0,1,0,7.75,0,1,1,0,2,1,0
277,2,0,32.0,1,0,0.0,0,1,1,0,0,0,0
278,0,0,7.0,3,1,29.125,2,0,1,1,3,2,0
279,0,1,35.0,0,1,20.25,0,0,0,0,1,0,1
280,0,0,65.0,1,0,7.75,2,1,1,0,0,0,0
281,0,0,28.0,1,0,7.8542,0,1,1,0,0,0,0
282,0,0,16.0,1,0,9.5,0,1,1,0,0,0,0
283,0,0,19.0,1,0,8.05,0,1,1,0,0,0,1
284,1,0,32.0,1,0,26.0,0,1,1,0,0,0,0
285,0,0,33.0,1,0,8.6625,1,1,1,0,0,0,0
286,0,0,30.0,1,0,9.5,0,1,1,0,0,0,1
287,0,0,22.0,1,0,7.8958,0,1,1,0,0,0,0
288,2,0,42.0,1,0,13.0,0,1,1,0,0,0,1
289,0,1,22.0,1,0,7.75,2,1,1,0,2,1,1
290,1,1,26.0,1,0,78.85,0,1,1,0,2,1,1
291,1,1,19.0,0,0,91.0792,1,0,0,0,1,0,1
292,2,0,36.0,1,0,12.875,1,1,1,0,0,0,0
293,0,1,24.0,1,0,8.85,0,1,1,0,2,1,0
294,0,0,24.0,1,0,7.8958,0,1,1,0,0,0,0
295,1,0,32.0,1,0,27.7208,1,1,1,0,0,0,0
296,0,0,23.5,1,0,7.2292,1,1,1,0,0,0,0
297,1,1,2.0,0,2,151.55,0,0,0,0,2,1,0
298,1,0,32.0,1,0,30.5,0,1,1,0,0,0,1
299,1,1,50.0,1,1,247.5208,1,0,0,0,1,0,1
300,0,1,32.0,1,0,7.75,2,1,1,0,2,1,1
301,0,0,32.0,4,0,23.25,2,0,0,0,0,0,1
302,0,0,19.0,1,0,0.0,0,1,1,0,0,0,0
303,2,1,32.0,1,0,12.35,2,1,1,0,2,1,1
304,0,0,32.0,1,0,8.05,0,1,1,0,0,0,0
305,1,0,0.92,0,2,151.55,0,0,0,0,3,2,1
306,1,1,32.0,1,0,110.8833,1,1,1,0,2,1,1
307,1,1,17.0,0,0,108.9,1,0,0,0,1,0,1
308,2,0,30.0,0,0,24.0,1,0,0,0,0,0,0
309,1,1,30.0,1,0,56.9292,1,1,1,0,2,1,1
310,1,1,24.0,1,0,83.1583,1,1,1,0,2,1,1
311,1,1,18.0,4,2,262.375,1,0,0,0,2,1,1
312,2,1,26.0,0,1,26.0,0,0,0,0,1,0,0
313,0,0,28.0,1,0,7.8958,0,1,1,0,0,0,0
314,2,0,43.0,0,1,26.25,0,0,0,0,0,0,0
315,0,1,26.0,1,0,7.8542,0,1,1,0,2,1,1
316,2,1,24.0,0,0,26.0,0,0,0,0,1,0,1
317,2,0,54.0,1,0,14.0,0,1,1,0,6,3,0
318,1,1,31.0,1,2,164.8667,0,0,0,0,2,1,1
319,1,1,40.0,0,1,134.5,1,0,0,0,1,0,1
320,0,0,22.0,1,0,7.25,0,1,1,0,0,0,0
321,0,0,27.0,1,0,7.8958,0,1,1,0,0,0,0
322,2,1,30.0,1,0,12.35,2,1,1,0,2,1,1
323,2,1,22.0,0,1,29.0,0,0,0,0,1,0,1
324,0,0,14.0,6,2,69.55,0,0,1,1,0,0,0
325,1,1,36.0,1,0,135.6333,1,1,1,0,2,1,1
326,0,0,61.0,1,0,6.2375,0,1,1,0,0,0,0
327,2,1,36.0,1,0,13.0,0,1,1,0,1,0,1
328,0,1,31.0,0,1,20.525,0,0,0,0,1,0,1
329,1,1,16.0,1,1,57.9792,1,0,0,0,2,1,1
330,0,1,32.0,4,0,23.25,2,0,0,0,2,1,1
331,1,0,45.5,1,0,28.5,0,1,1,0,0,0,0
332,1,0,38.0,1,1,153.4625,0,0,0,0,0,0,0
333,0,0,16.0,4,0,18.0,0,0,0,0,0,0,0
334,1,1,34.0,0,0,133.65,0,0,0,0,1,0,1
335,0,0,32.0,1,0,7.8958,0,1,1,0,0,0,0
336,1,0,29.0,0,0,66.6,0,0,0,0,0,0,0
337,1,1,41.0,1,0,134.5,1,1,1,0,2,1,1
338,0,0,45.0,1,0,8.05,0,1,1,0,0,0,1
339,1,0,45.0,1,0,35.5,0,1,1,0,0,0,0
340,2,0,2.0,0,1,26.0,0,0,0,0,3,2,1
341,1,1,24.0,2,2,263.0,0,0,1,1,2,1,1
342,2,0,28.0,1,0,13.0,0,1,1,0,0,0,0
343,2,0,25.0,1,0,13.0,0,1,1,0,0,0,0
344,2,0,36.0,1,0,13.0,0,1,1,0,0,0,0
345,2,1,24.0,1,0,13.0,0,1,1,0,2,1,1
346,2,1,40.0,1,0,13.0,0,1,1,0,2,1,1
347,0,1,34.0,0,0,16.1,0,0,0,0,1,0,1
348,0,0,3.0,0,1,15.9,0,0,0,0,3,2,1
349,0,0,42.0,1,0,8.6625,0,1,1,0,0,0,0
350,0,0,23.0,1,0,9.225,0,1,1,0,0,0,0
351,1,0,32.0,1,0,35.0,0,1,1,0,0,0,0
352,0,0,15.0,0,1,7.2292,1,0,0,0,0,0,0
353,0,0,25.0,0,0,17.8,0,0,0,0,0,0,0
354,0,0,32.0,1,0,7.225,1,1,1,0,0,0,0
355,0,0,28.0,1,0,9.5,0,1,1,0,0,0,0
356,1,1,22.0,1,1,55.0,0,0,0,0,2,1,1
357,2,1,38.0,1,0,13.0,0,1,1,0,2,1,0
358,0,1,32.0,1,0,7.8792,2,1,1,0,2,1,1
359,0,1,32.0,1,0,7.8792,2,1,1,0,2,1,1
360,0,0,40.0,0,5,27.9,0,0,1,1,0,0,0
361,2,0,29.0,0,0,27.7208,1,0,0,0,0,0,0
362,0,1,45.0,1,1,14.4542,1,0,0,0,1,0,0
363,0,0,35.0,1,0,7.05,0,1,1,0,0,0,0
364,0,0,34.0,0,0,15.5,2,0,0,0,0,0,0
365,0,0,30.0,1,0,7.25,0,1,1,0,0,0,0
366,1,1,60.0,0,0,75.25,1,0,0,0,1,0,1
367,0,1,32.0,1,0,7.2292,1,1,1,0,1,0,1
368,0,1,32.0,1,0,7.75,2,1,1,0,2,1,1
369,1,1,24.0,1,0,69.3,1,1,1,0,7,1,1
370,1,0,25.0,0,0,55.4417,1,0,0,0,0,0,1
371,0,0,18.0,0,0,6.4958,0,0,0,0,0,0,0
372,0,0,19.0,1,0,8.05,0,1,1,0,0,0,0
373,1,0,22.0,1,0,135.6333,1,1,1,0,0,0,0
374,0,1,3.0,2,1,21.075,0,0,1,1,2,1,0
375,1,1,34.0,0,0,82.1708,1,0,0,0,1,0,1
376,0,1,22.0,1,0,7.25,0,1,1,0,2,1,1
377,1,0,27.0,1,2,211.5,1,0,0,0,0,0,0
378,0,0,20.0,1,0,4.0125,1,1,1,0,0,0,0
379,0,0,19.0,1,0,7.775,0,1,1,0,0,0,0
380,1,1,42.0,1,0,227.525,1,1,1,0,2,1,1
381,0,1,1.0,1,2,15.7417,1,0,0,0,2,1,1
382,0,0,32.0,1,0,7.925,0,1,1,0,0,0,0
383,1,1,35.0,0,0,52.0,0,0,0,0,1,0,1
384,0,0,32.0,1,0,7.8958,0,1,1,0,0,0,0
385,2,0,18.0,1,0,73.5,0,1,1,0,0,0,0
386,0,0,1.0,5,2,46.9,0,0,1,1,3,2,0
387,2,1,36.0,1,0,13.0,0,1,1,0,2,1,1
388,0,0,32.0,1,0,7.7292,2,1,1,0,0,0,0
389,2,1,17.0,1,0,12.0,1,1,1,0,2,1,1
390,1,0,36.0,0,2,120.0,0,0,0,0,0,0,1
391,0,0,21.0,1,0,7.7958,0,1,1,0,0,0,1
392,0,0,28.0,4,0,7.925,0,0,0,0,0,0,0
393,1,1,23.0,0,0,113.275,1,0,0,0,2,1,1
394,0,1,24.0,1,2,16.7,0,0,0,0,1,0,1
395,0,0,22.0,1,0,7.7958,0,1,1,0,0,0,0
396,0,1,31.0,1,0,7.8542,0,1,1,0,2,1,0
397,2,0,46.0,1,0,26.0,0,1,1,0,0,0,0
398,2,0,23.0,1,0,10.5,0,1,1,0,6,3,0
399,2,1,28.0,1,0,12.65,0,1,1,0,1,0,1
400,0,0,39.0,1,0,7.925,0,1,1,0,0,0,1
401,0,0,26.0,1,0,8.05,0,1,1,0,0,0,0
402,0,1,21.0,0,0,9.825,0,0,0,0,2,1,0
403,0,0,28.0,0,0,15.85,0,0,0,0,0,0,0
404,0,1,20.0,1,0,8.6625,0,1,1,0,2,1,0
405,2,0,34.0,0,0,21.0,0,0,0,0,0,0,0
406,0,0,51.0,1,0,7.75,0,1,1,0,0,0,0
407,2,0,3.0,0,1,18.75,0,0,0,0,3,2,1
408,0,0,21.0,1,0,7.775,0,1,1,0,0,0,0
409,0,1,10.0,2,1,25.4667,0,0,1,1,2,1,0
410,0,0,32.0,1,0,7.8958,0,1,1,0,0,0,0
411,0,0,32.0,1,0,6.8583,2,1,1,0,0,0,0
412,1,1,33.0,0,0,90.0,2,0,0,0,2,1,1
413,2,0,32.0,1,0,0.0,0,1,1,0,0,0,0
414,0,0,44.0,1,0,7.925,0,1,1,0,0,0,1
415,0,1,32.0,1,0,8.05,0,1,1,0,1,0,0
416,2,1,34.0,0,1,32.5,0,0,0,0,1,0,1
417,2,1,18.0,1,2,13.0,0,0,0,0,2,1,1
418,2,0,30.0,1,0,13.0,0,1,1,0,0,0,0
419,0,1,10.0,1,2,24.15,0,0,0,0,2,1,0
420,0,0,32.0,1,0,7.8958,1,1,1,0,0,0,0
421,0,0,21.0,1,0,7.7333,2,1,1,0,0,0,0
422,0,0,29.0,1,0,7.875,0,1,1,0,0,0,0
423,0,1,28.0,0,1,14.4,0,0,0,0,1,0,0
424,0,0,18.0,0,1,20.2125,0,0,0,0,0,0,0
425,0,0,32.0,1,0,7.25,0,1,1,0,0,0,0
426,2,1,28.0,0,0,26.0,0,0,0,0,1,0,1
427,2,1,19.0,1,0,26.0,0,1,1,0,2,1,1
428,0,0,32.0,1,0,7.75,2,1,1,0,0,0,0
429,0,0,32.0,1,0,8.05,0,1,1,0,0,0,1
430,1,0,28.0,1,0,26.55,0,1,1,0,0,0,1
431,0,1,34.0,0,0,16.1,0,0,0,0,1,0,1
432,2,1,42.0,0,0,26.0,0,0,0,0,1,0,1
433,0,0,17.0,1,0,7.125,0,1,1,0,0,0,0
434,1,0,50.0,0,0,55.9,0,0,0,0,0,0,0
435,1,1,14.0,0,2,120.0,0,0,0,0,2,1,1
436,0,1,21.0,4,2,34.375,0,0,0,0,2,1,0
437,2,1,24.0,4,4,18.75,0,0,1,1,1,0,1
438,1,0,64.0,0,5,263.0,0,0,1,1,0,0,0
439,2,0,31.0,1,0,10.5,0,1,1,0,0,0,0
440,2,1,45.0,0,1,26.25,0,0,0,0,1,0,1
441,0,0,20.0,1,0,9.5,0,1,1,0,0,0,0
442,0,0,25.0,0,0,7.775,0,0,0,0,0,0,0
443,2,1,28.0,1,0,13.0,0,1,1,0,8,1,1
444,0,0,32.0,1,0,8.1125,0,1,1,0,0,0,1
445,1,0,4.0,1,2,81.8583,0,0,0,0,3,2,1
446,2,1,13.0,1,1,19.5,0,0,0,0,2,1,1
447,1,0,34.0,1,0,26.55,0,1,1,0,0,0,1
448,0,1,5.0,4,1,19.2583,1,0,0,0,2,1,1
449,1,0,52.0,1,0,30.5,0,1,1,0,9,3,1
450,2,0,36.0,0,2,27.75,0,0,0,0,0,0,0
451,0,0,34.0,0,0,19.9667,0,0,0,0,0,0,0
452,1,0,30.0,1,0,27.75,1,1,1,0,0,0,0
453,1,0,49.0,0,0,89.1042,1,0,0,0,0,0,1
454,0,0,32.0,1,0,8.05,0,1,1,0,0,0,0
455,0,0,29.0,1,0,7.8958,1,1,1,0,0,0,1
456,1,0,65.0,1,0,26.55,0,1,1,0,0,0,0
457,1,1,34.0,0,0,51.8625,0,0,0,0,1,0,1
458,2,1,50.0,1,0,10.5,0,1,1,0,2,1,1
459,0,0,32.0,1,0,7.75,2,1,1,0,0,0,0
460,1,0,48.0,1,0,26.55,0,1,1,0,0,0,1
461,0,0,34.0,1,0,8.05,0,1,1,0,0,0,0
462,1,0,47.0,1,0,38.5,0,1,1,0,0,0,0
463,2,0,48.0,1,0,13.0,0,1,1,0,0,0,0
464,0,0,32.0,1,0,8.05,0,1,1,0,0,0,0
465,0,0,38.0,1,0,7.05,0,1,1,0,0,0,0
466,2,0,32.0,1,0,0.0,0,1,1,0,0,0,0
467,1,0,56.0,1,0,26.55,0,1,1,0,0,0,0
468,0,0,32.0,1,0,7.725,2,1,1,0,0,0,0
469,0,1,0.75,4,1,19.2583,1,0,0,0,2,1,1
470,0,0,32.0,1,0,7.25,0,1,1,0,0,0,0
471,0,0,38.0,1,0,8.6625,0,1,1,0,0,0,0
472,2,1,33.0,0,2,27.75,0,0,0,0,1,0,1
473,2,1,23.0,1,0,13.7917,1,1,1,0,1,0,1
474,0,1,22.0,1,0,9.8375,0,1,1,0,2,1,0
475,1,0,32.0,1,0,52.0,0,1,1,0,0,0,0
476,2,0,34.0,0,0,21.0,0,0,0,0,0,0,0
477,0,0,29.0,0,0,7.0458,0,0,0,0,0,0,0
478,0,0,22.0,1,0,7.5208,0,1,1,0,0,0,0
479,0,1,2.0,1,1,12.2875,0,0,0,0,2,1,1
480,0,0,9.0,5,2,46.9,0,0,1,1,3,2,0
481,2,0,32.0,1,0,0.0,0,1,1,0,0,0,0
482,0,0,50.0,1,0,8.05,0,1,1,0,0,0,0
483,0,1,63.0,1,0,9.5875,0,1,1,0,1,0,1
484,1,0,25.0,0,0,91.0792,1,0,0,0,0,0,1
485,0,1,10.0,2,1,25.4667,0,0,1,1,2,1,0
486,1,1,35.0,0,0,90.0,0,0,0,0,1,0,1
487,1,0,58.0,1,0,29.7,1,1,1,0,0,0,0
488,0,0,30.0,1,0,8.05,0,1,1,0,0,0,0
489,0,0,9.0,0,1,15.9,0,0,0,0,3,2,1
490,0,0,34.0,0,0,19.9667,0,0,0,0,0,0,0
491,0,0,21.0,1,0,7.25,0,1,1,0,0,0,0
492,1,0,55.0,1,0,30.5,0,1,1,0,0,0,0
493,1,0,71.0,1,0,49.5042,1,1,1,0,0,0,0
494,0,0,21.0,1,0,8.05,0,1,1,0,0,0,0
495,0,0,32.0,1,0,14.4583,1,1,1,0,0,0,0
496,1,1,54.0,0,0,78.2667,1,0,0,0,2,1,1
497,0,0,32.0,1,0,15.1,0,1,1,0,0,0,0
498,1,1,25.0,0,2,151.55,0,0,0,0,1,0,0
499,0,0,24.0,1,0,7.7958,0,1,1,0,0,0,0
500,0,0,17.0,1,0,8.6625,0,1,1,0,0,0,0
501,0,1,21.0,1,0,7.75,2,1,1,0,2,1,0
502,0,1,32.0,1,0,7.6292,2,1,1,0,2,1,0
503,0,1,37.0,1,0,9.5875,0,1,1,0,2,1,0
504,1,1,16.0,1,0,86.5,0,1,1,0,2,1,1
505,1,0,18.0,0,0,108.9,1,0,0,0,0,0,0
506,2,1,33.0,1,2,26.0,0,0,0,0,1,0,1
507,1,0,32.0,1,0,26.55,0,1,1,0,0,0,1
508,0,0,28.0,1,0,22.525,0,1,1,0,0,0,0
509,0,0,26.0,1,0,56.4958,0,1,1,0,0,0,1
510,0,0,29.0,1,0,7.75,2,1,1,0,0,0,1
511,0,0,32.0,1,0,8.05,0,1,1,0,0,0,0
512,1,0,36.0,1,0,26.2875,0,1,1,0,0,0,1
513,1,1,54.0,0,0,59.4,1,0,0,0,1,0,1
514,0,0,24.0,1,0,7.4958,0,1,1,0,0,0,0
515,1,0,47.0,1,0,34.0208,0,1,1,0,0,0,0
516,2,1,34.0,1,0,10.5,0,1,1,0,1,0,1
517,0,0,32.0,1,0,24.15,2,1,1,0,0,0,0
518,2,1,36.0,0,0,26.0,0,0,0,0,1,0,1
519,0,0,32.0,1,0,7.8958,0,1,1,0,0,0,0
520,1,1,30.0,1,0,93.5,0,1,1,0,2,1,1
521,0,0,22.0,1,0,7.8958,0,1,1,0,0,0,0
522,0,0,32.0,1,0,7.225,1,1,1,0,0,0,0
523,1,1,44.0,1,1,57.9792,1,0,0,0,1,0,1
524,0,0,32.0,1,0,7.2292,1,1,1,0,0,0,0
525,0,0,40.5,1,0,7.75,2,1,1,0,0,0,0
526,2,1,50.0,1,0,10.5,0,1,1,0,2,1,1
527,1,0,32.0,1,0,221.7792,0,1,1,0,0,0,0
528,0,0,39.0,1,0,7.925,0,1,1,0,0,0,0
529,2,0,23.0,4,1,11.5,0,0,0,0,0,0,0
530,2,1,2.0,0,1,26.0,0,0,0,0,2,1,1
531,0,0,32.0,1,0,7.2292,1,1,1,0,0,0,0
532,0,0,17.0,0,1,7.2292,1,0,0,0,0,0,0
533,0,1,23.0,1,2,22.3583,1,0,0,0,1,0,1
534,0,1,30.0,1,0,8.6625,0,1,1,0,2,1,0
535,2,1,7.0,1,2,26.25,0,0,0,0,2,1,1
536,1,0,45.0,1,0,26.55,0,1,1,0,9,3,0
537,1,1,30.0,1,0,106.425,1,1,1,0,2,1,1
538,0,0,32.0,1,0,14.5,0,1,1,0,0,0,0
539,1,1,22.0,1,2,49.5,1,0,0,0,2,1,1
540,1,1,36.0,1,2,71.0,0,0,0,0,2,1,1
541,0,1,9.0,3,2,31.275,0,0,1,1,2,1,0
542,0,1,11.0,3,2,31.275,0,0,1,1,2,1,0
543,2,0,32.0,0,0,26.0,0,0,0,0,0,0,1
544,1,0,50.0,0,0,106.425,1,0,0,0,0,0,0
545,1,0,64.0,1,0,26.0,0,1,1,0,0,0,0
546,2,1,19.0,0,0,26.0,0,0,0,0,1,0,1
547,2,0,32.0,1,0,13.8625,1,1,1,0,0,0,1
548,0,0,33.0,0,1,20.525,0,0,0,0,0,0,0
549,2,0,8.0,0,1,36.75,0,0,0,0,3,2,1
550,1,0,17.0,1,2,110.8833,1,0,0,0,0,0,1
551,2,0,27.0,1,0,26.0,0,1,1,0,0,0,0
552,0,0,32.0,1,0,7.8292,2,1,1,0,0,0,0
553,0,0,22.0,1,0,7.225,1,1,1,0,0,0,1
554,0,1,22.0,1,0,7.775,0,1,1,0,2,1,1
555,1,0,62.0,1,0,26.55,0,1,1,0,0,0,0
556,1,1,48.0,0,0,39.6,1,0,0,0,10,1,1
557,1,0,32.0,1,0,227.525,1,1,1,0,0,0,0
558,1,1,39.0,0,1,79.65,0,0,0,0,1,0,1
559,0,1,36.0,0,0,17.4,0,0,0,0,1,0,1
560,0,0,32.0,1,0,7.75,2,1,1,0,0,0,0
561,0,0,40.0,1,0,7.8958,0,1,1,0,0,0,0
562,2,0,28.0,1,0,13.5,0,1,1,0,0,0,0
563,0,0,32.0,1,0,8.05,0,1,1,0,0,0,0
564,0,1,32.0,1,0,8.05,0,1,1,0,2,1,0
565,0,0,24.0,4,0,24.15,0,0,0,0,0,0,0
566,0,0,19.0,1,0,7.8958,0,1,1,0,0,0,0
567,0,1,29.0,1,5,21.075,0,0,1,1,1,0,0
568,0,0,32.0,1,0,7.2292,1,1,1,0,0,0,0
569,0,0,32.0,1,0,7.8542,0,1,1,0,0,0,1
570,2,0,62.0,1,0,10.5,0,1,1,0,0,0,1
571,1,1,53.0,4,0,51.4792,0,0,0,0,1,0,1
572,1,0,36.0,1,0,26.3875,0,1,1,0,0,0,1
573,0,1,32.0,1,0,7.75,2,1,1,0,2,1,1
574,0,0,16.0,1,0,8.05,0,1,1,0,0,0,0
575,0,0,19.0,1,0,14.5,0,1,1,0,0,0,0
576,2,1,34.0,1,0,13.0,0,1,1,0,2,1,1
577,1,1,39.0,0,0,55.9,0,0,0,0,1,0,1
578,0,1,34.0,0,0,14.4583,1,0,0,0,1,0,0
579,0,0,32.0,1,0,7.925,0,1,1,0,0,0,1
580,2,1,25.0,0,1,30.0,0,0,0,0,2,1,1
581,1,1,39.0,0,1,110.8833,1,0,0,0,1,0,1
582,2,0,54.0,1,0,26.0,0,1,1,0,0,0,0
583,1,0,36.0,1,0,40.125,1,1,1,0,0,0,0
584,0,0,32.0,1,0,8.7125,1,1,1,0,0,0,0
585,1,1,18.0,1,2,79.65,0,0,0,0,2,1,1
586,2,0,47.0,1,0,15.0,0,1,1,0,0,0,0
587,1,0,60.0,0,1,79.2,1,0,0,0,0,0,1
588,0,0,22.0,1,0,8.05,0,1,1,0,0,0,0
589,0,0,32.0,1,0,8.05,0,1,1,0,0,0,0
590,0,0,35.0,1,0,7.125,0,1,1,0,0,0,0
591,1,1,52.0,0,0,78.2667,1,0,0,0,1,0,1
592,0,0,47.0,1,0,7.25,0,1,1,0,0,0,0
593,0,1,23.0,1,2,7.75,2,0,0,0,2,1,0
594,2,0,37.0,0,0,26.0,0,0,0,0,0,0,0
595,0,0,36.0,0,1,24.15,0,0,0,0,0,0,0
596,2,1,32.0,1,0,33.0,0,1,1,0,2,1,1
597,0,0,49.0,1,0,0.0,0,1,1,0,0,0,0
598,0,0,32.0,1,0,7.225,1,1,1,0,0,0,0
599,1,0,49.0,0,0,56.9292,1,0,0,0,11,1,1
600,2,1,24.0,4,1,27.0,0,0,0,0,1,0,1
601,0,0,32.0,1,0,7.8958,0,1,1,0,0,0,0
602,1,0,32.0,1,0,42.4,0,1,1,0,0,0,0
603,0,0,44.0,1,0,8.05,0,1,1,0,0,0,0
604,1,0,35.0,1,0,26.55,1,1,1,0,0,0,1
605,0,0,36.0,0,0,15.55,0,0,0,0,0,0,0
606,0,0,30.0,1,0,7.8958,0,1,1,0,0,0,0
607,1,0,27.0,1,0,30.5,0,1,1,0,0,0,1
608,2,1,22.0,0,2,41.5792,1,0,0,0,1,0,1
609,1,1,40.0,1,0,153.4625,0,1,1,0,2,1,1
610,0,1,39.0,0,3,31.275,0,0,1,1,1,0,0
611,0,0,32.0,1,0,7.05,0,1,1,0,0,0,0
612,0,1,34.0,0,0,15.5,2,0,0,0,2,1,1
613,0,0,32.0,1,0,7.75,2,1,1,0,0,0,0
614,0,0,35.0,1,0,8.05,0,1,1,0,0,0,0
615,2,1,24.0,0,2,65.0,0,0,0,0,2,1,1
616,0,0,34.0,0,1,14.4,0,0,0,0,0,0,0
617,0,1,26.0,0,0,16.1,0,0,0,0,1,0,0
618,2,1,4.0,4,1,39.0,0,0,0,0,2,1,1
619,2,0,26.0,1,0,10.5,0,1,1,0,0,0,0
620,0,0,27.0,0,0,14.4542,1,0,0,0,0,0,0
621,1,0,42.0,0,0,52.5542,0,0,0,0,0,0,1
622,0,0,20.0,0,1,15.7417,1,0,0,0,0,0,1
623,0,0,21.0,1,0,7.8542,0,1,1,0,0,0,0
624,0,0,21.0,1,0,16.1,0,1,1,0,0,0,0
625,1,0,61.0,1,0,32.3208,0,1,1,0,0,0,0
626,2,0,57.0,1,0,12.35,2,1,1,0,5,1,0
627,1,1,21.0,1,0,77.9583,0,1,1,0,2,1,1
628,0,0,26.0,1,0,7.8958,0,1,1,0,0,0,0
629,0,0,32.0,1,0,7.7333,2,1,1,0,0,0,0
630,1,0,80.0,1,0,30.0,0,1,1,0,0,0,1
631,0,0,51.0,1,0,7.0542,0,1,1,0,0,0,0
632,1,0,32.0,1,0,30.5,1,1,1,0,6,3,1
633,1,0,32.0,1,0,0.0,0,1,1,0,0,0,0
634,0,1,9.0,2,2,27.9,0,0,1,1,2,1,0
635,2,1,28.0,1,0,13.0,0,1,1,0,2,1,1
636,0,0,32.0,1,0,7.925,0,1,1,0,0,0,0
637,2,0,31.0,0,1,26.25,0,0,0,0,0,0,0
638,0,1,41.0,1,3,39.6875,0,0,1,1,1,0,0
639,0,0,34.0,0,0,16.1,0,0,0,0,0,0,0
640,0,0,20.0,1,0,7.8542,0,1,1,0,0,0,0
641,1,1,24.0,1,0,69.3,1,1,1,0,12,1,1
642,0,1,2.0,2,2,27.9,0,0,1,1,2,1,0
643,0,0,32.0,1,0,56.4958,0,1,1,0,0,0,1
644,0,1,0.75,4,1,19.2583,1,0,0,0,2,1,1
645,1,0,48.0,0,0,76.7292,1,0,0,0,0,0,1
646,0,0,19.0,1,0,7.8958,0,1,1,0,0,0,0
647,1,0,56.0,1,0,35.5,1,1,1,0,13,3,1
648,0,0,32.0,1,0,7.55,0,1,1,0,0,0,0
649,0,1,23.0,1,0,7.55,0,1,1,0,2,1,1
650,0,0,32.0,1,0,7.8958,0,1,1,0,0,0,0
651,2,1,18.0,1,1,23.0,0,0,0,0,2,1,1
652,0,0,21.0,1,0,8.4333,0,1,1,0,0,0,0
653,0,1,32.0,1,0,7.8292,2,1,1,0,2,1,1
654,0,1,18.0,1,0,6.75,2,1,1,0,2,1,0
655,2,0,24.0,4,0,73.5,0,0,0,0,0,0,0
656,0,0,32.0,1,0,7.8958,0,1,1,0,0,0,0
657,0,1,32.0,0,1,15.5,2,0,0,0,1,0,0
658,2,0,23.0,1,0,13.0,0,1,1,0,0,0,0
659,1,0,58.0,1,2,113.275,1,0,0,0,0,0,0
660,1,0,50.0,4,0,133.65,0,0,0,0,6,3,1
661,0,0,40.0,1,0,7.225,1,1,1,0,0,0,0
662,1,0,47.0,1,0,25.5875,0,1,1,0,0,0,0
663,0,0,36.0,1,0,7.4958,0,1,1,0,0,0,0
664,0,0,20.0,0,0,7.925,0,0,0,0,0,0,1
665,2,0,32.0,4,0,73.5,0,0,0,0,0,0,0
666,2,0,25.0,1,0,13.0,0,1,1,0,0,0,0
667,0,0,32.0,1,0,7.775,0,1,1,0,0,0,0
668,0,0,43.0,1,0,8.05,0,1,1,0,0,0,0
669,1,1,34.0,0,0,52.0,0,0,0,0,1,0,1
670,2,1,40.0,0,1,39.0,0,0,0,0,1,0,1
671,1,0,31.0,0,0,52.0,0,0,0,0,0,0,0
672,2,0,70.0,1,0,10.5,0,1,1,0,0,0,0
673,2,0,31.0,1,0,13.0,0,1,1,0,0,0,1
674,2,0,32.0,1,0,0.0,0,1,1,0,0,0,0
675,0,0,18.0,1,0,7.775,0,1,1,0,0,0,0
676,0,0,24.5,1,0,8.05,0,1,1,0,0,0,0
677,0,1,18.0,1,0,9.8417,0,1,1,0,2,1,1
678,0,1,43.0,0,6,46.9,0,0,1,1,1,0,0
679,1,0,36.0,1,1,512.3292,1,0,0,0,0,0,1
680,0,1,32.0,1,0,8.1375,2,1,1,0,2,1,0
681,1,0,27.0,1,0,76.7292,1,1,1,0,0,0,1
682,0,0,20.0,1,0,9.225,0,1,1,0,0,0,0
683,0,0,14.0,5,2,46.9,0,0,1,1,0,0,0
684,2,0,60.0,0,1,39.0,0,0,0,0,0,0,0
685,2,0,25.0,0,2,41.5792,1,0,0,0,0,0,0
686,0,0,14.0,3,1,39.6875,0,0,1,1,0,0,0
687,0,0,19.0,1,0,10.1708,0,1,1,0,0,0,0
688,0,0,18.0,1,0,7.7958,0,1,1,0,0,0,0
689,1,1,15.0,1,1,211.3375,0,0,0,0,2,1,1
690,1,0,31.0,0,0,57.0,0,0,0,0,0,0,1
691,0,1,4.0,1,1,13.4167,1,0,0,0,2,1,1
692,0,0,32.0,1,0,56.4958,0,1,1,0,0,0,1
693,0,0,25.0,1,0,7.225,1,1,1,0,0,0,0
694,1,0,60.0,1,0,26.55,0,1,1,0,13,3,0
695,2,0,52.0,1,0,13.5,0,1,1,0,0,0,0
696,0,0,44.0,1,0,8.05,0,1,1,0,0,0,0
697,0,1,32.0,1,0,7.7333,2,1,1,0,2,1,1
698,1,0,49.0,0,1,110.8833,1,0,0,0,0,0,0
699,0,0,42.0,1,0,7.65,0,1,1,0,0,0,0
700,1,1,18.0,0,0,227.525,1,0,0,0,1,0,1
701,1,0,35.0,1,0,26.2875,0,1,1,0,0,0,1
702,0,1,18.0,1,1,14.4542,1,0,0,0,2,1,0
703,0,0,25.0,1,0,7.7417,2,1,1,0,0,0,0
704,0,0,26.0,0,0,7.8542,0,0,0,0,0,0,0
705,2,0,39.0,1,0,26.0,0,1,1,0,0,0,0
706,2,1,45.0,1,0,13.5,0,1,1,0,1,0,1
707,1,0,42.0,1,0,26.2875,0,1,1,0,0,0,1
708,1,1,22.0,1,0,151.55,0,1,1,0,2,1,1
709,0,0,27.0,0,1,15.2458,1,0,0,0,3,2,1
710,1,1,24.0,1,0,49.5042,1,1,1,0,12,1,1
711,1,0,32.0,1,0,26.55,0,1,1,0,0,0,0
712,1,0,48.0,0,0,52.0,0,0,0,0,0,0,1
713,0,0,29.0,1,0,9.4833,0,1,1,0,0,0,0
714,2,0,52.0,1,0,13.0,0,1,1,0,0,0,0
715,0,0,19.0,1,0,7.65,0,1,1,0,0,0,0
716,1,1,38.0,1,0,227.525,1,1,1,0,2,1,1
717,2,1,27.0,1,0,10.5,0,1,1,0,2,1,1
718,0,0,32.0,1,0,15.5,2,1,1,0,0,0,0
719,0,0,33.0,1,0,7.775,0,1,1,0,0,0,0
720,2,1,6.0,1,1,33.0,0,0,0,0,2,1,1
721,0,0,17.0,0,0,7.0542,0,0,0,0,0,0,0
722,2,0,34.0,1,0,13.0,0,1,1,0,0,0,0
723,2,0,50.0,1,0,13.0,0,1,1,0,0,0,0
724,1,0,27.0,0,0,53.1,0,0,0,0,0,0,1
725,0,0,20.0,1,0,8.6625,0,1,1,0,0,0,0
726,2,1,30.0,2,0,21.0,0,0,1,1,1,0,1
727,0,1,32.0,1,0,7.7375,2,1,1,0,2,1,1
728,2,0,25.0,0,0,26.0,0,0,0,0,0,0,0
729,0,1,25.0,0,0,7.925,0,0,0,0,2,1,0
730,1,1,29.0,1,0,211.3375,0,1,1,0,2,1,1
731,0,0,11.0,1,0,18.7875,1,1,1,0,0,0,0
732,2,0,32.0,1,0,0.0,0,1,1,0,0,0,0
733,2,0,23.0,1,0,13.0,0,1,1,0,0,0,0
734,2,0,23.0,1,0,13.0,0,1,1,0,0,0,0
735,0,0,28.5,1,0,16.1,0,1,1,0,0,0,0
736,0,1,48.0,0,4,34.375,0,0,1,1,1,0,0
737,1,0,35.0,1,0,512.3292,1,1,1,0,0,0,1
738,0,0,32.0,1,0,7.8958,0,1,1,0,0,0,0
739,0,0,32.0,1,0,7.8958,0,1,1,0,0,0,0
740,1,0,32.0,1,0,30.0,0,1,1,0,0,0,1
741,1,0,36.0,0,0,78.85,0,0,0,0,0,0,0
742,1,1,21.0,4,2,262.375,1,0,0,0,2,1,1
743,0,0,24.0,0,0,16.1,0,0,0,0,0,0,0
744,0,0,31.0,1,0,7.925,0,1,1,0,0,0,1
745,1,0,70.0,0,1,71.0,0,0,0,0,14,3,0
746,0,0,16.0,0,1,20.25,0,0,0,0,0,0,0
747,2,1,30.0,1,0,13.0,0,1,1,0,2,1,1
748,1,0,19.0,0,0,53.1,0,0,0,0,0,0,0
749,0,0,31.0,1,0,7.75,2,1,1,0,0,0,0
750,2,1,4.0,0,1,23.0,0,0,0,0,2,1,1
751,0,0,6.0,1,1,12.475,0,0,0,0,3,2,1
752,0,0,33.0,1,0,9.5,0,1,1,0,0,0,0
753,0,0,23.0,1,0,7.8958,0,1,1,0,0,0,0
754,2,1,48.0,0,2,65.0,0,0,0,0,1,0,1
755,2,0,0.67,0,1,14.5,0,0,0,0,3,2,1
756,0,0,28.0,1,0,7.7958,0,1,1,0,0,0,0
757,2,0,18.0,1,0,11.5,0,1,1,0,0,0,0
758,0,0,34.0,1,0,8.05,0,1,1,0,0,0,0
759,1,1,33.0,1,0,86.5,0,1,1,0,15,1,1
760,0,0,32.0,1,0,14.5,0,1,1,0,0,0,0
761,0,0,41.0,1,0,7.125,0,1,1,0,0,0,0
762,0,0,20.0,1,0,7.2292,1,1,1,0,0,0,1
763,1,1,36.0,0,2,120.0,0,0,0,0,1,0,1
764,0,0,16.0,1,0,7.775,0,1,1,0,0,0,0
765,1,1,51.0,0,0,77.9583,0,0,0,0,1,0,1
766,1,0,32.0,1,0,39.6,1,1,1,0,6,3,0
767,0,1,30.5,1,0,7.75,2,1,1,0,2,1,0
768,0,0,34.0,0,0,24.15,2,0,0,0,0,0,0
769,0,0,32.0,1,0,8.3625,0,1,1,0,0,0,0
770,0,0,24.0,1,0,9.5,0,1,1,0,0,0,0
771,0,0,48.0,1,0,7.8542,0,1,1,0,0,0,0
772,2,1,57.0,1,0,10.5,0,1,1,0,1,0,0
773,0,0,32.0,1,0,7.225,1,1,1,0,0,0,0
774,2,1,54.0,0,4,23.0,0,0,1,1,1,0,1
775,0,0,18.0,1,0,7.75,0,1,1,0,0,0,0
776,0,0,32.0,1,0,7.75,2,1,1,0,0,0,0
777,0,1,5.0,1,0,12.475,0,1,1,0,2,1,1
778,0,0,32.0,1,0,7.7375,2,1,1,0,0,0,0
779,1,1,43.0,1,1,211.3375,0,0,0,0,1,0,1
780,0,1,13.0,1,0,7.2292,1,1,1,0,2,1,1
781,1,1,17.0,0,0,57.0,0,0,0,0,1,0,1
782,1,0,29.0,1,0,30.0,0,1,1,0,0,0,0
783,0,0,21.0,0,2,23.45,0,0,0,0,0,0,0
784,0,0,25.0,1,0,7.05,0,1,1,0,0,0,0
785,0,0,25.0,1,0,7.25,0,1,1,0,0,0,0
786,0,1,18.0,1,0,7.4958,0,1,1,0,2,1,1
787,0,0,8.0,3,1,29.125,2,0,1,1,3,2,0
788,0,0,1.0,0,2,20.575,0,0,0,0,3,2,1
789,1,0,46.0,1,0,79.2,1,1,1,0,0,0,0
790,0,0,32.0,1,0,7.75,2,1,1,0,0,0,0
791,2,0,16.0,1,0,26.0,0,1,1,0,0,0,0
792,0,1,14.0,6,2,69.55,0,0,1,1,2,1,0
793,1,0,32.0,1,0,30.6958,1,1,1,0,0,0,0
794,0,0,25.0,1,0,7.8958,0,1,1,0,0,0,0
795,2,0,39.0,1,0,13.0,0,1,1,0,0,0,0
796,1,1,49.0,1,0,25.9292,0,1,1,0,6,3,1
797,0,1,31.0,1,0,8.6833,0,1,1,0,1,0,1
798,0,0,30.0,1,0,7.2292,1,1,1,0,0,0,0
799,0,1,30.0,0,1,24.15,0,0,0,0,1,0,0
800,2,0,34.0,1,0,13.0,0,1,1,0,0,0,0
801,2,1,31.0,0,1,26.25,0,0,0,0,1,0,1
802,1,0,11.0,0,2,120.0,0,0,0,0,3,2,1
803,0,0,0.42,1,1,8.5167,1,0,0,0,3,2,1
804,0,0,27.0,1,0,6.975,0,1,1,0,0,0,1
805,0,0,31.0,1,0,7.775,0,1,1,0,0,0,0
806,1,0,39.0,1,0,0.0,0,1,1,0,0,0,0
807,0,1,18.0,1,0,7.775,0,1,1,0,2,1,0
808,2,0,39.0,1,0,13.0,0,1,1,0,0,0,0
809,1,1,33.0,0,0,53.1,0,0,0,0,1,0,1
810,0,0,26.0,1,0,7.8875,0,1,1,0,0,0,0
811,0,0,39.0,1,0,24.15,0,1,1,0,0,0,0
812,2,0,35.0,1,0,10.5,0,1,1,0,0,0,0
813,0,1,6.0,3,2,31.275,0,0,1,1,2,1,0
814,0,0,30.5,1,0,8.05,0,1,1,0,0,0,0
815,1,0,32.0,1,0,0.0,0,1,1,0,0,0,0
816,0,1,23.0,1,0,7.925,0,1,1,0,2,1,0
817,2,0,31.0,0,1,37.0042,1,0,0,0,0,0,0
818,0,0,43.0,1,0,6.45,0,1,1,0,0,0,0
819,0,0,10.0,2,2,27.9,0,0,1,1,3,2,0
820,1,1,52.0,0,1,93.5,0,0,0,0,1,0,1
821,0,0,27.0,1,0,8.6625,0,1,1,0,0,0,1
822,1,0,38.0,1,0,0.0,0,1,1,0,16,1,0
823,0,1,27.0,1,1,12.475,0,0,0,0,1,0,1
824,0,0,2.0,3,1,39.6875,0,0,1,1,3,2,0
825,0,0,32.0,1,0,6.95,2,1,1,0,0,0,0
826,0,0,32.0,1,0,56.4958,0,1,1,0,0,0,0
827,2,0,1.0,1,2,37.0042,1,0,0,0,3,2,1
828,0,0,32.0,1,0,7.75,2,1,1,0,0,0,1
829,1,1,62.0,1,0,80.0,1,1,1,0,1,0,1
830,0,1,15.0,0,0,14.4542,1,0,0,0,1,0,1
831,2,0,0.83,0,1,18.75,0,0,0,0,3,2,1
832,0,0,32.0,1,0,7.2292,1,1,1,0,0,0,0
833,0,0,23.0,1,0,7.8542,0,1,1,0,0,0,0
834,0,0,18.0,1,0,8.3,0,1,1,0,0,0,0
835,1,1,39.0,0,1,83.1583,1,0,0,0,2,1,1
836,0,0,21.0,1,0,8.6625,0,1,1,0,0,0,0
837,0,0,32.0,1,0,8.05,0,1,1,0,0,0,0
838,0,0,32.0,1,0,56.4958,0,1,1,0,0,0,1
839,1,0,32.0,1,0,29.7,1,1,1,0,0,0,1
840,0,0,20.0,1,0,7.925,0,1,1,0,0,0,0
841,2,0,16.0,1,0,10.5,0,1,1,0,0,0,0
842,1,1,30.0,1,0,31.0,1,1,1,0,2,1,1
843,0,0,34.5,1,0,6.4375,1,1,1,0,0,0,0
844,0,0,17.0,1,0,8.6625,0,1,1,0,0,0,0
845,0,0,42.0,1,0,7.55,0,1,1,0,0,0,0
846,0,0,14.0,6,2,69.55,0,0,1,1,0,0,0
847,0,0,35.0,1,0,7.8958,1,1,1,0,0,0,0
848,2,0,28.0,1,1,33.0,0,0,0,0,5,1,0
849,1,1,34.0,0,0,89.1042,1,0,0,0,1,0,1
850,0,0,4.0,3,2,31.275,0,0,1,1,3,2,0
851,0,0,74.0,1,0,7.775,0,1,1,0,0,0,0
852,0,1,9.0,0,1,15.2458,1,0,0,0,2,1,0
853,1,1,16.0,1,1,39.4,0,0,0,0,2,1,1
854,2,1,44.0,0,0,26.0,0,0,0,0,1,0,0
855,0,1,18.0,1,1,9.35,0,0,0,0,1,0,1
856,1,1,45.0,0,1,164.8667,0,0,0,0,1,0,1
857,1,0,51.0,1,0,26.55,0,1,1,0,0,0,1
858,0,1,24.0,1,4,19.2583,1,0,1,1,1,0,1
859,0,0,32.0,1,0,7.2292,1,1,1,0,0,0,0
860,0,0,41.0,4,0,14.1083,0,0,0,0,0,0,0
861,2,0,21.0,0,0,11.5,0,0,0,0,0,0,0
862,1,1,48.0,1,0,25.9292,0,1,1,0,1,0,1
863,0,1,14.0,6,2,69.55,0,0,1,1,2,1,0
864,2,0,24.0,1,0,13.0,0,1,1,0,0,0,0
865,2,1,42.0,1,0,13.0,0,1,1,0,1,0,1
866,2,1,27.0,0,0,13.8583,1,0,0,0,2,1,1
867,1,0,31.0,1,0,50.4958,0,1,1,0,0,0,0
868,0,0,32.0,1,0,9.5,0,1,1,0,0,0,0
869,0,0,4.0,0,1,11.1333,0,0,0,0,3,2,1
870,0,0,26.0,1,0,7.8958,0,1,1,0,0,0,0
871,1,1,47.0,0,1,52.5542,0,0,0,0,1,0,1
872,1,0,33.0,1,0,5.0,0,1,1,0,0,0,0
873,0,0,47.0,1,0,9.0,0,1,1,0,0,0,0
874,2,1,28.0,0,0,24.0,1,0,0,0,1,0,1
875,0,1,15.0,1,0,7.225,1,1,1,0,2,1,1
876,0,0,20.0,1,0,9.8458,0,1,1,0,0,0,0
877,0,0,19.0,1,0,7.8958,0,1,1,0,0,0,0
878,0,0,32.0,1,0,7.8958,0,1,1,0,0,0,0
879,1,1,56.0,1,1,83.1583,1,0,0,0,1,0,1
880,2,1,25.0,1,1,26.0,0,0,0,0,1,0,1
881,0,0,33.0,1,0,7.8958,0,1,1,0,0,0,0
882,0,1,22.0,1,0,10.5167,0,1,1,0,2,1,0
883,2,0,28.0,1,0,10.5,0,1,1,0,0,0,0
884,0,0,25.0,1,0,7.05,0,1,1,0,0,0,0
885,0,1,39.0,1,3,29.125,2,0,1,1,1,0,0
886,2,0,27.0,1,0,13.0,0,1,1,0,5,1,0
887,1,1,19.0,1,0,30.0,0,1,1,0,2,1,1
888,0,1,21.0,0,2,23.45,0,0,0,0,2,1,0
889,1,0,26.0,1,0,30.0,1,1,1,0,0,0,1
890,0,0,32.0,1,0,7.75,2,1,1,0,0,0,0
891,0,0,34.5,1,0,7.8292,2,1,1,0,0,0,0
892,0,1,47.0,0,0,7.0,0,0,0,0,1,0,1
893,2,0,62.0,1,0,9.6875,2,1,1,0,0,0,0
894,0,0,27.0,1,0,8.6625,0,1,1,0,0,0,0
895,0,1,22.0,0,1,12.2875,0,0,0,0,1,0,1
896,0,0,14.0,1,0,9.225,0,1,1,0,0,0,1
897,0,1,30.0,1,0,7.6292,2,1,1,0,2,1,0
898,2,0,26.0,0,1,29.0,0,0,0,0,0,0,1
899,0,1,18.0,1,0,7.2292,1,1,1,0,1,0,1
900,0,0,21.0,4,0,24.15,0,0,0,0,0,0,0
901,0,0,32.0,1,0,7.8958,0,1,1,0,0,0,0
902,1,0,46.0,1,0,26.0,0,1,1,0,0,0,0
903,1,1,23.0,0,0,82.2667,0,0,0,0,1,0,1
904,2,0,63.0,0,0,26.0,0,0,0,0,0,0,0
905,1,1,47.0,0,0,61.175,0,0,0,0,1,0,1
906,2,1,24.0,0,0,27.7208,1,0,0,0,1,0,1
907,2,0,35.0,1,0,12.35,2,1,1,0,0,0,0
908,0,0,21.0,1,0,7.225,1,1,1,0,0,0,0
909,0,1,27.0,0,0,7.925,0,0,0,0,2,1,0
910,0,1,45.0,1,0,7.225,1,1,1,0,1,0,1
911,1,0,55.0,0,0,59.4,1,0,0,0,0,0,0
912,0,0,9.0,1,1,3.1708,0,0,0,0,3,2,1
913,1,1,32.0,1,0,31.6833,0,1,1,0,1,0,1
914,1,0,21.0,1,1,61.3792,1,0,0,0,0,0,1
915,1,1,48.0,0,4,262.375,1,0,1,1,1,0,1
916,0,0,50.0,0,0,14.5,0,0,0,0,0,0,0
917,1,1,22.0,1,1,61.9792,1,0,0,0,2,1,1
918,0,0,22.5,1,0,7.225,1,1,1,0,0,0,0
919,1,0,41.0,1,0,30.5,0,1,1,0,0,0,0
920,0,0,32.0,4,0,21.6792,1,0,0,0,0,0,0
921,2,0,50.0,0,0,26.0,0,0,0,0,0,0,0
922,2,0,24.0,4,0,31.5,0,0,0,0,0,0,0
923,0,1,33.0,0,2,20.575,0,0,0,0,1,0,1
924,0,1,21.0,0,2,23.45,0,0,0,0,1,0,0
925,1,0,30.0,0,0,57.75,1,0,0,0,0,0,1
926,0,0,18.5,1,0,7.2292,1,1,1,0,0,0,0
927,0,1,32.0,1,0,8.05,0,1,1,0,2,1,1
928,0,1,21.0,1,0,8.6625,0,1,1,0,2,1,0
929,0,0,25.0,1,0,9.5,0,1,1,0,0,0,1
930,0,0,32.0,1,0,56.4958,0,1,1,0,0,0,1
931,0,0,39.0,1,1,13.4167,1,0,0,0,0,0,1
932,1,0,32.0,1,0,26.55,0,1,1,0,0,0,0
933,0,0,41.0,1,0,7.85,0,1,1,0,0,0,0
934,2,1,30.0,1,0,13.0,0,1,1,0,1,0,0
935,1,1,45.0,0,0,52.5542,0,0,0,0,1,0,1
936,0,0,25.0,1,0,7.925,0,1,1,0,0,0,0
937,1,0,45.0,1,0,29.7,1,1,1,0,0,0,1
938,0,0,32.0,1,0,7.75,2,1,1,0,0,0,0
939,1,1,60.0,1,0,76.2917,1,1,1,0,1,0,1
940,0,1,36.0,1,2,15.9,0,0,0,0,1,0,1
941,1,0,24.0,0,0,60.0,0,0,0,0,0,0,0
942,2,0,27.0,1,0,15.0333,1,1,1,0,0,0,0
943,2,1,20.0,4,1,23.0,0,0,0,0,2,1,1
944,1,1,28.0,2,2,263.0,0,0,1,1,2,1,1
945,2,0,32.0,1,0,15.5792,1,1,1,0,0,0,0
946,0,0,10.0,3,1,29.125,2,0,1,1,3,2,0
947,0,0,35.0,1,0,7.8958,0,1,1,0,0,0,0
948,0,0,25.0,1,0,7.65,0,1,1,0,0,0,1
949,0,0,34.0,0,0,16.1,0,0,0,0,0,0,0
950,1,1,36.0,1,0,262.375,1,1,1,0,2,1,1
951,0,0,17.0,1,0,7.8958,0,1,1,0,0,0,0
952,2,0,32.0,1,0,13.5,0,1,1,0,0,0,0
953,0,0,18.0,1,0,7.75,0,1,1,0,0,0,0
954,0,1,22.0,1,0,7.725,2,1,1,0,2,1,1
955,1,0,13.0,4,2,262.375,1,0,0,0,3,2,1
956,2,1,32.0,1,0,21.0,0,1,1,0,1,0,0
957,0,1,18.0,1,0,7.8792,2,1,1,0,2,1,0
958,1,0,47.0,1,0,42.4,0,1,1,0,0,0,0
959,1,0,31.0,1,0,28.5375,1,1,1,0,0,0,1
960,1,1,60.0,0,5,263.0,0,0,1,1,1,0,1
961,0,1,24.0,1,0,7.75,2,1,1,0,2,1,1
962,0,0,21.0,1,0,7.8958,0,1,1,0,0,0,0
963,0,1,29.0,1,0,7.925,0,1,1,0,2,1,0
964,1,0,28.5,1,0,27.7208,1,1,1,0,0,0,0
965,1,1,35.0,1,0,211.5,1,1,1,0,2,1,1
966,1,0,32.5,1,0,211.5,1,1,1,0,0,0,0
967,0,0,32.0,1,0,8.05,0,1,1,0,0,0,0
968,1,1,55.0,4,0,25.7,0,0,0,0,1,0,1
969,2,0,30.0,1,0,13.0,0,1,1,0,0,0,0
970,0,1,24.0,1,0,7.75,2,1,1,0,2,1,0
971,0,0,6.0,0,1,15.2458,1,0,0,0,3,2,0
972,1,0,67.0,0,0,221.7792,0,0,0,0,0,0,0
973,1,0,49.0,1,0,26.0,0,1,1,0,0,0,0
974,0,0,32.0,1,0,7.8958,0,1,1,0,0,0,0
975,2,0,32.0,1,0,10.7083,2,1,1,0,0,0,0
976,0,0,34.0,0,0,14.4542,1,0,0,0,0,0,0
977,0,1,27.0,1,0,7.8792,2,1,1,0,2,1,0
978,0,1,18.0,1,0,8.05,0,1,1,0,2,1,1
979,0,1,32.0,1,0,7.75,2,1,1,0,8,1,0
980,2,0,2.0,0,1,23.0,0,0,0,0,3,2,1
981,0,1,22.0,0,0,13.9,0,0,0,0,1,0,1
982,0,0,32.0,1,0,7.775,0,1,1,0,0,0,0
983,1,1,27.0,0,2,52.0,0,0,0,0,1,0,1
984,0,0,32.0,1,0,8.05,0,1,1,0,0,0,0
985,1,0,25.0,1,0,26.0,1,1,1,0,0,0,0
986,0,0,25.0,1,0,7.7958,0,1,1,0,0,0,1
987,1,1,76.0,0,0,78.85,0,0,0,0,1,0,1
988,0,0,29.0,1,0,7.925,0,1,1,0,0,0,0
989,0,1,20.0,1,0,7.8542,0,1,1,0,2,1,0
990,0,0,33.0,1,0,8.05,0,1,1,0,0,0,0
991,1,1,43.0,0,0,55.4417,1,0,0,0,1,0,1
992,2,0,27.0,0,0,26.0,0,0,0,0,0,0,0
993,0,0,32.0,1,0,7.75,2,1,1,0,0,0,0
994,0,0,26.0,1,0,7.775,0,1,1,0,0,0,1
995,0,1,16.0,0,1,8.5167,1,0,0,0,1,0,1
996,0,0,28.0,1,0,22.525,0,1,1,0,0,0,0
997,0,0,21.0,1,0,7.8208,2,1,1,0,0,0,1
998,0,0,32.0,1,0,7.75,2,1,1,0,0,0,1
999,0,0,32.0,1,0,8.7125,0,1,1,0,0,0,0
1000,2,0,18.5,1,0,13.0,0,1,1,0,0,0,0
1001,2,0,41.0,1,0,15.0458,1,1,1,0,0,0,0
1002,0,1,32.0,1,0,7.7792,2,1,1,0,2,1,1
1003,1,1,36.0,1,0,31.6792,1,1,1,0,2,1,0
1004,0,1,18.5,1,0,7.2833,2,1,1,0,2,1,0
1005,1,1,63.0,0,0,221.7792,0,0,0,0,1,0,0
1006,0,0,18.0,0,0,14.4542,1,0,0,0,0,0,0
1007,0,0,32.0,1,0,6.4375,1,1,1,0,0,0,0
1008,0,1,1.0,0,1,16.7,0,0,0,0,2,1,1
1009,1,0,36.0,1,0,75.2417,1,1,1,0,0,0,0
1010,2,1,29.0,0,0,26.0,0,0,0,0,1,0,0
1011,2,1,12.0,1,0,15.75,0,1,1,0,2,1,1
1012,0,0,34.0,0,0,7.75,2,0,0,0,0,0,0
1013,1,1,35.0,0,0,57.75,1,0,0,0,1,0,1
1014,0,0,28.0,1,0,7.25,0,1,1,0,0,0,0
1015,0,0,32.0,1,0,7.75,2,1,1,0,0,0,1
1016,0,1,17.0,1,1,16.1,0,0,0,0,2,1,1
1017,0,0,22.0,1,0,7.7958,0,1,1,0,0,0,0
1018,0,1,32.0,4,0,23.25,2,0,0,0,2,1,1
1019,2,0,42.0,1,0,13.0,0,1,1,0,0,0,0
1020,0,0,24.0,1,0,8.05,0,1,1,0,0,0,0
1021,0,0,32.0,1,0,8.05,0,1,1,0,0,0,0
1022,1,0,53.0,1,0,28.5,1,1,1,0,13,3,1
1023,0,1,29.0,1,5,25.4667,0,0,1,1,1,0,0
1024,0,0,34.0,0,0,6.4375,1,0,0,0,0,0,0
1025,0,0,43.0,1,0,7.8958,0,1,1,0,0,0,0
1026,0,0,24.0,1,0,7.8542,0,1,1,0,0,0,0
1027,0,0,26.5,1,0,7.225,1,1,1,0,0,0,0
1028,2,0,26.0,1,0,13.0,0,1,1,0,0,0,0
1029,0,1,23.0,1,0,8.05,0,1,1,0,2,1,1
1030,0,0,40.0,0,6,46.9,0,0,1,1,0,0,0
1031,0,1,10.0,5,2,46.9,0,0,1,1,2,1,0
1032,1,1,33.0,1,0,151.55,0,1,1,0,2,1,1
1033,1,0,61.0,0,4,262.375,1,0,1,1,0,0,0
1034,2,0,28.0,1,0,26.0,0,1,1,0,0,0,0
1035,1,0,42.0,1,0,26.55,0,1,1,0,0,0,0
1036,0,0,31.0,2,0,18.0,0,0,1,1,0,0,0
1037,1,0,32.0,1,0,51.8625,0,1,1,0,0,0,0
1038,0,0,22.0,1,0,8.05,0,1,1,0,0,0,0
1039,1,0,32.0,1,0,26.55,0,1,1,0,0,0,0
1040,2,0,30.0,0,1,26.0,0,0,0,0,5,1,0
1041,1,1,23.0,1,1,83.1583,1,0,0,0,1,0,1
1042,0,0,32.0,1,0,7.8958,1,1,1,0,0,0,0
1043,0,0,60.5,1,0,14.4542,0,1,1,0,0,0,0
1044,0,1,36.0,1,2,12.1833,0,0,0,0,1,0,0
1045,0,0,13.0,3,2,31.3875,0,0,1,1,3,2,0
1046,0,0,24.0,1,0,7.55,0,1,1,0,0,0,1
1047,1,1,29.0,1,0,221.7792,0,1,1,0,2,1,1
1048,0,1,23.0,1,0,7.8542,0,1,1,0,2,1,1
1049,1,0,42.0,1,0,26.55,0,1,1,0,0,0,0
1050,0,1,26.0,1,2,13.775,0,0,0,0,1,0,0
1051,0,1,32.0,1,0,7.7333,2,1,1,0,2,1,1
1052,0,0,7.0,0,1,15.2458,1,0,0,0,3,2,1
1053,2,1,26.0,1,0,13.5,0,1,1,0,2,1,1
1054,0,0,32.0,1,0,7.0,0,1,1,0,0,0,0
1055,2,0,41.0,1,0,13.0,0,1,1,0,5,1,0
1056,0,1,26.0,0,1,22.025,0,0,0,0,1,0,1
1057,1,0,48.0,1,0,50.4958,1,1,1,0,0,0,0
1058,0,0,18.0,4,2,34.375,0,0,0,0,0,0,0
1059,1,1,32.0,1,0,27.7208,1,1,1,0,1,0,1
1060,0,1,22.0,1,0,8.9625,0,1,1,0,2,1,1
1061,0,0,32.0,1,0,7.55,0,1,1,0,0,0,0
1062,0,0,27.0,1,0,7.225,1,1,1,0,0,0,0
1063,0,0,23.0,0,0,13.9,0,0,0,0,0,0,0
1064,0,0,32.0,1,0,7.2292,1,1,1,0,0,0,0
1065,0,0,40.0,0,3,31.3875,0,0,1,1,0,0,0
1066,2,1,15.0,1,2,39.0,0,0,0,0,2,1,1
1067,2,1,20.0,1,0,36.75,0,1,1,0,2,1,1
1068,1,0,54.0,0,0,55.4417,1,0,0,0,0,0,1
1069,2,1,36.0,1,4,39.0,0,0,1,1,1,0,1
1070,1,1,64.0,1,2,83.1583,1,0,0,0,1,0,1
1071,2,0,30.0,1,0,13.0,0,1,1,0,0,0,0
1072,1,0,37.0,0,1,83.1583,1,0,0,0,0,0,0
1073,1,1,18.0,0,0,53.1,0,0,0,0,1,0,1
1074,0,0,32.0,1,0,7.75,2,1,1,0,0,0,0
1075,1,1,27.0,0,1,247.5208,1,0,0,0,1,0,1
1076,2,0,40.0,1,0,16.0,0,1,1,0,0,0,0
1077,2,1,21.0,1,1,21.0,0,0,0,0,2,1,1
1078,0,0,17.0,4,0,8.05,0,0,0,0,0,0,0
1079,0,1,14.0,6,2,69.55,0,0,1,1,2,1,0
1080,2,0,40.0,1,0,13.0,0,1,1,0,0,0,0
1081,2,0,34.0,0,0,26.0,0,0,0,0,0,0,0
1082,1,0,32.0,1,0,26.0,0,1,1,0,0,0,1
1083,0,0,11.5,0,1,14.5,0,0,0,0,3,2,0
1084,2,0,61.0,1,0,12.35,2,1,1,0,0,0,0
1085,2,0,8.0,1,2,32.5,0,0,0,0,3,2,1
1086,0,0,33.0,1,0,7.8542,0,1,1,0,0,0,0
1087,1,0,6.0,1,2,134.5,1,0,0,0,3,2,1
1088,0,1,18.0,1,0,7.775,0,1,1,0,2,1,1
1089,2,0,23.0,1,0,10.5,0,1,1,0,0,0,0
1090,0,1,32.0,1,0,8.1125,0,1,1,0,1,0,0
1091,0,1,32.0,1,0,15.5,2,1,1,0,2,1,1
1092,0,0,0.33,1,2,14.4,0,0,0,0,3,2,0
1093,1,0,47.0,0,0,227.525,1,0,0,0,13,3,0
1094,2,1,8.0,0,1,26.0,0,0,0,0,2,1,1
1095,2,0,25.0,1,0,10.5,0,1,1,0,0,0,0
1096,1,0,32.0,1,0,25.7417,1,1,1,0,0,0,1
1097,0,1,35.0,1,0,7.75,2,1,1,0,2,1,0
1098,2,0,24.0,1,0,10.5,0,1,1,0,0,0,1
1099,1,1,33.0,1,0,27.7208,1,1,1,0,2,1,1
1100,0,0,25.0,1,0,7.8958,0,1,1,0,0,0,0
1101,0,0,32.0,1,0,22.525,0,1,1,0,0,0,0
1102,0,0,32.0,1,0,7.05,0,1,1,0,0,0,1
1103,2,0,17.0,1,0,73.5,0,1,1,0,0,0,0
1104,2,1,60.0,0,0,26.0,0,0,0,0,1,0,0
1105,0,1,38.0,3,2,7.775,0,0,1,1,2,1,0
1106,1,0,42.0,1,0,42.5,0,1,1,0,0,0,0
1107,0,1,32.0,1,0,7.8792,2,1,1,0,2,1,0
1108,1,0,57.0,0,1,164.8667,0,0,0,0,0,0,0
1109,1,1,50.0,0,1,211.5,1,0,0,0,1,0,1
1110,0,0,32.0,1,0,8.05,0,1,1,0,0,0,0
1111,2,1,30.0,0,0,13.8583,1,0,0,0,2,1,1
1112,0,0,21.0,1,0,8.05,0,1,1,0,0,0,0
1113,2,1,22.0,1,0,10.5,0,1,1,0,1,0,1
1114,0,0,21.0,1,0,7.7958,0,1,1,0,0,0,1
1115,1,1,53.0,1,0,27.4458,1,1,1,0,1,0,1
1116,0,1,23.0,1,2,15.2458,1,0,0,0,1,0,1
1117,0,0,23.0,1,0,7.7958,0,1,1,0,0,0,1
1118,0,1,32.0,1,0,7.75,2,1,1,0,2,1,0
1119,0,0,40.5,1,0,15.1,0,1,1,0,0,0,0
1120,2,0,36.0,1,0,13.0,0,1,1,0,0,0,0
1121,2,0,14.0,1,0,65.0,0,1,1,0,0,0,0
1122,1,1,21.0,1,0,26.55,0,1,1,0,2,1,1
1123,0,0,21.0,0,0,6.4958,0,0,0,0,0,0,0
1124,0,0,32.0,1,0,7.8792,2,1,1,0,0,0,0
1125,1,0,39.0,0,0,71.2833,1,0,0,0,0,0,0
1126,0,0,20.0,1,0,7.8542,0,1,1,0,0,0,0
1127,1,0,64.0,0,0,75.25,1,0,0,0,0,0,0
1128,0,0,20.0,1,0,7.225,1,1,1,0,0,0,0
1129,2,1,18.0,0,1,13.0,0,0,0,0,2,1,0
1130,1,1,48.0,0,0,106.425,1,0,0,0,1,0,1
1131,1,1,55.0,1,0,27.7208,1,1,1,0,1,0,1
1132,2,1,45.0,1,2,30.0,0,0,0,0,1,0,1
1133,1,0,45.0,0,1,134.5,1,0,0,0,0,0,1
1134,0,0,32.0,1,0,7.8875,0,1,1,0,0,0,1
1135,0,0,21.0,0,2,23.45,0,0,0,0,3,2,0
1136,1,0,41.0,0,0,51.8625,0,0,0,0,0,0,0
1137,2,1,22.0,1,0,21.0,0,1,1,0,1,0,0
1138,2,0,42.0,0,1,32.5,0,0,0,0,0,0,0
1139,2,1,29.0,0,0,26.0,0,0,0,0,1,0,1
1140,0,1,34.0,0,0,14.4542,1,0,0,0,1,0,0
1141,2,1,0.92,0,2,27.75,0,0,0,0,2,1,1
1142,0,0,20.0,1,0,7.925,0,1,1,0,0,0,1
1143,1,0,27.0,0,0,136.7792,1,0,0,0,0,0,0
1144,0,0,24.0,1,0,9.325,0,1,1,0,0,0,0
1145,0,0,32.5,1,0,9.5,0,1,1,0,0,0,0
1146,0,0,32.0,1,0,7.55,0,1,1,0,0,0,0
1147,0,0,32.0,1,0,7.75,2,1,1,0,0,0,0
1148,0,0,28.0,1,0,8.05,0,1,1,0,0,0,0
1149,2,1,19.0,1,0,13.0,0,1,1,0,2,1,1
1150,0,0,21.0,1,0,7.775,0,1,1,0,0,0,1
1151,0,0,36.5,0,0,17.4,0,0,0,0,0,0,1
1152,0,0,21.0,1,0,7.8542,0,1,1,0,0,0,0
1153,2,1,29.0,1,2,23.0,0,0,0,0,1,0,1
1154,0,1,1.0,0,1,12.1833,0,0,0,0,2,1,0
1155,2,0,30.0,1,0,12.7375,1,1,1,0,0,0,1
1156,0,0,32.0,1,0,7.8958,0,1,1,0,0,0,0
1157,1,0,32.0,1,0,0.0,0,1,1,0,0,0,0
1158,0,0,32.0,1,0,7.55,0,1,1,0,0,0,0
1159,0,1,32.0,1,0,8.05,0,1,1,0,2,1,1
1160,0,0,17.0,1,0,8.6625,0,1,1,0,0,0,0
1161,1,0,46.0,1,0,75.2417,1,1,1,0,0,0,0
1162,0,0,32.0,1,0,7.75,2,1,1,0,0,0,0
1163,1,1,26.0,0,0,136.7792,1,0,0,0,1,0,1
1164,0,1,34.0,0,0,15.5,2,0,0,0,2,1,0
1165,0,0,32.0,1,0,7.225,1,1,1,0,0,0,0
1166,2,1,20.0,0,0,26.0,0,0,0,0,2,1,1
1167,2,0,28.0,1,0,10.5,0,1,1,0,0,0,0
1168,2,0,40.0,0,0,26.0,0,0,0,0,0,0,0
1169,2,0,30.0,0,0,21.0,0,0,0,0,0,0,0
1170,2,0,22.0,1,0,10.5,0,1,1,0,0,0,1
1171,0,1,23.0,1,0,8.6625,0,1,1,0,2,1,0
1172,0,0,0.75,0,1,13.775,0,0,0,0,3,2,0
1173,0,1,32.0,1,0,7.75,2,1,1,0,2,1,0
1174,0,1,9.0,0,1,15.2458,1,0,0,0,2,1,1
1175,0,1,2.0,0,1,20.2125,0,0,0,0,2,1,0
1176,0,0,36.0,1,0,7.25,0,1,1,0,0,0,0
1177,0,0,32.0,1,0,7.25,0,1,1,0,0,0,0
1178,1,0,24.0,0,0,82.2667,0,0,0,0,0,0,1
1179,0,0,32.0,1,0,7.2292,1,1,1,0,0,0,0
1180,0,0,32.0,1,0,8.05,0,1,1,0,0,0,0
1181,1,0,32.0,1,0,39.6,0,1,1,0,0,0,1
1182,0,1,30.0,1,0,6.95,2,1,1,0,2,1,1
1183,0,0,32.0,1,0,7.2292,1,1,1,0,0,0,0
1184,1,0,53.0,0,1,81.8583,0,0,0,0,6,3,1
1185,0,0,36.0,1,0,9.5,0,1,1,0,0,0,0
1186,0,0,26.0,1,0,7.8958,0,1,1,0,0,0,0
1187,2,1,1.0,0,2,41.5792,1,0,0,0,2,1,1
1188,0,0,32.0,4,0,21.6792,1,0,0,0,0,0,0
1189,1,0,30.0,1,0,45.5,0,1,1,0,0,0,0
1190,0,0,29.0,1,0,7.8542,0,1,1,0,0,0,0
1191,0,0,32.0,1,0,7.775,0,1,1,0,0,0,1
1192,2,0,32.0,1,0,15.0458,1,1,1,0,0,0,0
1193,2,0,43.0,1,1,21.0,0,0,0,0,0,0,0
1194,0,0,24.0,1,0,8.6625,0,1,1,0,0,0,0
1195,0,1,32.0,1,0,7.75,2,1,1,0,2,1,1
1196,1,1,64.0,0,1,26.55,0,0,0,0,1,0,1
1197,1,0,30.0,0,2,151.55,0,0,0,0,0,0,0
1198,0,0,0.83,1,1,9.35,0,0,0,0,3,2,1
1199,1,0,55.0,0,1,93.5,0,0,0,0,0,0,0
1200,0,1,45.0,0,0,14.1083,0,0,0,0,1,0,1
1201,0,0,18.0,1,0,8.6625,0,1,1,0,0,0,0
1202,0,0,22.0,1,0,7.225,1,1,1,0,0,0,1
1203,0,0,32.0,1,0,7.575,0,1,1,0,0,0,0
1204,0,1,37.0,1,0,7.75,2,1,1,0,2,1,0
1205,1,1,55.0,1,0,135.6333,1,1,1,0,1,0,1
1206,0,1,17.0,1,0,7.7333,2,1,1,0,2,1,0
1207,1,0,57.0,0,0,146.5208,1,0,0,0,0,0,0
1208,2,0,19.0,1,0,10.5,0,1,1,0,0,0,0
1209,0,0,27.0,1,0,7.8542,0,1,1,0,0,0,0
1210,2,0,22.0,4,0,31.5,0,0,0,0,0,0,0
1211,0,0,26.0,1,0,7.775,0,1,1,0,0,0,0
1212,0,0,25.0,1,0,7.2292,1,1,1,0,0,0,1
1213,2,0,26.0,1,0,13.0,0,1,1,0,0,0,0
1214,1,0,33.0,1,0,26.55,0,1,1,0,0,0,0
1215,1,1,39.0,1,0,211.3375,0,1,1,0,2,1,1
1216,0,0,23.0,1,0,7.05,0,1,1,0,0,0,0
1217,2,1,12.0,4,1,39.0,0,0,0,0,2,1,1
1218,1,0,46.0,1,0,79.2,1,1,1,0,0,0,0
1219,2,0,29.0,0,0,26.0,0,0,0,0,0,0,0
1220,2,0,21.0,1,0,13.0,0,1,1,0,0,0,0
1221,2,1,48.0,1,2,36.75,0,0,0,0,1,0,1
1222,1,0,39.0,1,0,29.7,1,1,1,0,0,0,0
1223,0,0,32.0,1,0,7.225,1,1,1,0,0,0,0
1224,0,1,19.0,0,1,15.7417,1,0,0,0,1,0,1
1225,0,0,27.0,1,0,7.8958,0,1,1,0,0,0,0
1226,1,0,30.0,1,0,26.0,0,1,1,0,0,0,0
1227,2,0,32.0,1,0,13.0,0,1,1,0,0,0,0
1228,0,0,39.0,1,2,7.2292,1,0,0,0,0,0,0
1229,2,0,25.0,1,0,31.5,0,1,1,0,0,0,0
1230,0,0,32.0,1,0,7.2292,1,1,1,0,3,2,0
1231,2,0,18.0,1,0,10.5,0,1,1,0,0,0,0
1232,0,0,32.0,1,0,7.5792,0,1,1,0,0,0,1
1233,0,0,42.0,0,6,69.55,0,0,1,1,0,0,0
1234,1,1,58.0,1,1,512.3292,1,0,0,0,1,0,1
1235,0,0,27.0,0,1,14.5,0,0,0,0,3,2,0
1236,0,1,16.0,1,0,7.65,0,1,1,0,2,1,1
1237,2,0,26.0,1,0,13.0,0,1,1,0,0,0,0
1238,0,1,38.0,1,0,7.2292,1,1,1,0,1,0,1
1239,2,0,24.0,1,0,13.5,0,1,1,0,0,0,0
1240,2,1,31.0,1,0,21.0,0,1,1,0,2,1,1
1241,1,1,45.0,1,1,63.3583,1,0,0,0,1,0,1
1242,2,0,25.0,1,0,10.5,0,1,1,0,0,0,0
1243,2,0,18.0,1,0,73.5,0,1,1,0,0,0,0
1244,2,0,49.0,0,2,65.0,0,0,0,0,0,0,0
1245,0,1,0.17,0,2,20.575,0,0,0,0,2,1,1
1246,1,0,50.0,1,0,26.0,0,1,1,0,0,0,0
1247,1,1,59.0,4,0,51.4792,0,0,0,0,1,0,1
1248,0,0,32.0,1,0,7.8792,0,1,1,0,0,0,0
1249,0,0,32.0,1,0,7.75,2,1,1,0,0,0,1
1250,0,1,30.0,0,0,15.55,0,0,0,0,1,0,0
1251,0,0,14.5,6,2,69.55,0,0,1,1,3,2,0
1252,2,1,24.0,0,1,37.0042,1,0,0,0,1,0,1
1253,2,1,31.0,1,0,21.0,0,1,1,0,1,0,1
1254,0,0,27.0,1,0,8.6625,0,1,1,0,0,0,0
1255,1,1,25.0,0,0,55.4417,1,0,0,0,1,0,1
1256,0,1,42.0,0,6,69.55,0,0,1,1,1,0,0
1257,0,0,34.0,0,0,14.4583,1,0,0,0,0,0,0
1258,0,1,22.0,1,0,39.6875,0,1,1,0,2,1,0
1259,1,1,45.0,1,1,59.4,1,0,0,0,1,0,1
1260,2,0,29.0,1,0,13.8583,1,1,1,0,0,0,1
1261,2,0,21.0,0,0,11.5,0,0,0,0,0,0,0
1262,1,1,31.0,1,0,134.5,1,1,1,0,2,1,1
1263,1,0,49.0,1,0,0.0,0,1,1,0,0,0,1
1264,2,0,44.0,1,0,13.0,0,1,1,0,0,0,0
1265,1,1,54.0,0,1,81.8583,0,0,0,0,1,0,1
1266,1,1,45.0,1,0,262.375,1,1,1,0,2,1,1
1267,0,1,22.0,4,0,8.6625,0,0,0,0,2,1,0
1268,2,0,21.0,1,0,11.5,0,1,1,0,0,0,0
1269,1,0,55.0,1,0,50.0,0,1,1,0,0,0,0
1270,0,0,5.0,3,2,31.3875,0,0,1,1,3,2,0
1271,0,0,32.0,1,0,7.75,2,1,1,0,0,0,0
1272,0,0,26.0,1,0,7.8792,2,1,1,0,0,0,0
1273,0,1,32.0,1,0,14.5,0,1,1,0,1,0,0
1274,0,1,19.0,0,0,16.1,0,0,0,0,1,0,0
1275,2,0,32.0,1,0,12.875,0,1,1,0,0,0,0
1276,2,1,24.0,0,2,65.0,0,0,0,0,2,1,1
1277,0,0,24.0,1,0,7.775,0,1,1,0,0,0,0
1278,2,0,57.0,1,0,13.0,0,1,1,0,0,0,0
1279,0,0,21.0,1,0,7.75,2,1,1,0,0,0,0
1280,0,0,6.0,2,1,21.075,0,0,1,1,3,2,0
1281,1,0,23.0,1,0,93.5,0,1,1,0,0,0,0
1282,1,1,51.0,1,1,39.4,0,0,0,0,1,0,1
1283,0,0,13.0,1,2,20.25,0,0,0,0,3,2,0
1284,2,0,47.0,1,0,10.5,0,1,1,0,0,0,0
1285,0,0,29.0,2,1,22.025,0,0,1,1,0,0,1
1286,1,1,18.0,0,0,60.0,0,0,0,0,1,0,1
1287,0,0,24.0,1,0,7.25,2,1,1,0,0,0,0
1288,1,1,48.0,0,1,79.2,1,0,0,0,1,0,1
1289,0,0,22.0,1,0,7.775,0,1,1,0,0,0,0
1290,0,0,31.0,1,0,7.7333,2,1,1,0,0,0,0
1291,1,1,30.0,1,0,164.8667,0,1,1,0,2,1,1
1292,2,0,38.0,0,0,21.0,0,0,0,0,0,0,0
1293,1,1,22.0,1,1,59.4,1,0,0,0,2,1,1
1294,1,0,17.0,1,0,47.1,0,1,1,0,0,0,0
1295,1,0,43.0,0,0,27.7208,1,0,0,0,0,0,1
1296,2,0,20.0,1,0,13.8625,1,1,1,0,0,0,1
1297,2,0,23.0,0,0,10.5,0,0,0,0,0,0,0
1298,1,0,50.0,0,1,211.5,1,0,0,0,0,0,0
1299,0,1,32.0,1,0,7.7208,2,1,1,0,2,1,1
1300,0,1,3.0,0,1,13.775,0,0,0,0,2,1,0
1301,0,1,32.0,1,0,7.75,2,1,1,0,2,1,0
1302,1,1,37.0,0,0,90.0,2,0,0,0,1,0,1
1303,0,1,28.0,1,0,7.775,0,1,1,0,2,1,0
1304,0,0,32.0,1,0,8.05,0,1,1,0,0,0,0
1305,1,1,39.0,1,0,108.9,1,1,1,0,17,1,1
1306,0,0,38.5,1,0,7.25,0,1,1,0,0,0,0
1307,0,0,32.0,1,0,8.05,0,1,1,0,0,0,0
1308,0,0,27.0,0,1,22.3583,1,0,0,0,3,2,1
