,Rank,Year,Genre,NA_Sales,EU_Sales,JP_Sales,Other_Sales,Global_Sales,target
0,1,2006.0,0,41.49,29.02,3.77,8.46,82.74,0
1,2,1985.0,1,29.08,3.58,6.81,0.77,40.24,1
2,3,2008.0,2,15.85,12.88,3.79,3.31,35.82,0
3,4,2009.0,0,15.75,11.01,3.28,2.96,33.0,0
4,5,1996.0,3,11.27,8.89,10.22,1.0,31.37,2
5,6,1989.0,4,23.2,2.26,4.22,0.58,30.26,2
6,7,2006.0,1,11.38,9.23,6.5,2.9,30.01,3
7,8,2006.0,5,14.03,9.2,2.93,2.85,29.02,0
8,9,2009.0,1,14.59,7.06,4.7,2.26,28.62,0
9,10,1984.0,6,26.93,0.63,0.28,0.47,28.31,1
10,11,2005.0,7,9.07,11.0,1.93,2.75,24.76,3
11,12,2005.0,2,9.81,7.57,4.13,1.92,23.42,3
12,13,1999.0,3,9.0,6.18,7.2,0.71,23.1,2
13,14,2007.0,0,8.94,8.03,3.6,2.15,22.72,0
14,15,2009.0,0,9.09,8.59,2.53,1.79,22.0,0
15,16,2010.0,5,14.97,4.94,0.24,1.67,21.82,4
16,17,2013.0,8,7.01,9.27,0.97,4.14,21.4,5
17,18,2004.0,8,9.43,0.4,0.41,10.57,20.81,6
18,19,1990.0,1,12.78,3.75,3.54,0.55,20.61,7
19,20,2005.0,5,4.75,9.26,4.16,2.05,20.22,3
20,21,2006.0,3,6.42,4.52,6.04,1.37,18.36,3
21,22,1989.0,1,10.83,2.71,4.18,0.42,18.14,2
22,23,1988.0,1,9.54,3.44,3.84,0.46,17.28,1
23,24,2013.0,8,9.63,5.31,0.06,1.38,16.38,4
24,25,2002.0,8,8.41,5.49,0.47,1.78,16.15,6
25,26,2002.0,3,6.06,3.9,5.38,0.5,15.85,8
26,27,2010.0,3,5.57,3.28,5.65,0.82,15.32,3
27,28,2005.0,4,3.44,5.36,5.32,1.18,15.3,3
28,29,2001.0,2,6.85,5.09,1.87,1.16,14.98,6
29,30,2011.0,6,9.03,4.28,0.13,1.32,14.76,4
30,31,1998.0,3,5.89,5.04,3.12,0.59,14.64,2
31,32,2010.0,6,9.67,3.73,0.11,1.13,14.64,4
32,33,2013.0,3,5.17,4.05,4.34,0.79,14.35,9
33,34,2015.0,6,5.77,5.81,0.35,2.31,14.24,10
34,35,2012.0,6,4.99,5.88,0.65,2.52,14.03,5
35,36,2012.0,6,8.25,4.3,0.07,1.12,13.73,4
36,37,2009.0,6,8.52,3.63,0.08,1.29,13.51,4
37,38,2011.0,6,5.54,5.82,0.49,1.62,13.46,5
38,39,2001.0,8,6.99,4.51,0.3,1.3,13.1,6
39,40,2008.0,9,6.75,2.61,2.66,1.02,13.04,0
40,41,2010.0,6,5.98,4.44,0.48,1.83,12.73,5
41,42,2005.0,7,2.55,3.52,5.33,0.88,12.27,3
42,43,2011.0,2,4.74,3.91,2.67,0.89,12.21,9
43,44,2007.0,6,7.97,2.83,0.13,1.21,12.14,4
44,45,2014.0,8,3.8,5.81,0.36,2.02,11.98,10
45,46,2009.0,8,4.4,2.77,3.96,0.77,11.9,3
46,47,1996.0,1,6.91,2.85,1.91,0.23,11.89,11
47,48,2004.0,2,3.01,0.01,1.1,7.53,11.66,6
48,49,2007.0,1,6.16,3.4,1.2,0.76,11.52,0
49,50,2014.0,3,4.23,3.37,3.08,0.65,11.33,9
50,51,1992.0,10,6.16,2.04,2.69,0.29,11.18,2
51,52,2008.0,8,6.76,3.1,0.14,1.03,11.02,4
52,53,1997.0,2,4.02,3.87,2.54,0.52,10.95,12
53,54,2011.0,1,4.89,2.99,2.13,0.78,10.79,9
54,55,2010.0,2,2.96,4.88,0.81,2.12,10.77,5
55,56,2009.0,6,4.99,3.69,0.38,1.63,10.69,5
56,57,2008.0,8,4.76,3.76,0.44,1.62,10.57,5
57,58,1993.0,1,5.99,2.15,2.12,0.29,10.55,7
58,59,2004.0,3,4.34,2.65,3.15,0.35,10.49,8
59,60,2004.0,1,5.08,3.11,1.25,0.98,10.42,3
60,61,2011.0,5,6.05,3.15,0.0,1.07,10.26,0
61,62,2013.0,6,6.72,2.63,0.04,0.82,10.21,4
62,63,2010.0,6,7.03,1.98,0.08,0.78,9.88,4
63,64,1996.0,2,5.55,1.94,2.23,0.15,9.87,11
64,65,2012.0,1,3.66,3.07,2.47,0.63,9.82,9
65,66,2012.0,6,6.63,2.36,0.04,0.73,9.76,4
66,67,1997.0,3,3.01,2.47,3.28,0.96,9.72,12
67,68,2013.0,6,4.09,3.73,0.38,1.38,9.59,5
68,69,2010.0,5,5.84,2.89,0.01,0.78,9.52,0
69,70,1999.0,2,3.88,3.42,1.69,0.5,9.49,12
70,71,2007.0,6,5.91,2.38,0.13,0.9,9.32,4
71,72,1994.0,1,4.36,1.71,3.0,0.23,9.3,7
72,73,2013.0,5,5.58,2.83,0.02,0.77,9.2,4
73,74,2012.0,7,2.01,2.32,4.36,0.41,9.09,9
74,75,2007.0,5,4.46,1.88,1.98,0.7,9.02,3
75,76,2011.0,3,5.03,2.86,0.1,0.85,8.84,4
76,77,1992.0,2,3.54,1.24,3.81,0.18,8.76,7
77,78,2015.0,0,1.11,6.06,0.06,1.26,8.49,10
78,79,2010.0,5,1.79,3.53,2.49,0.68,8.49,0
79,80,2004.0,6,6.82,1.53,0.05,0.08,8.49,13
80,81,2007.0,5,3.81,2.3,1.58,0.73,8.42,0
81,82,2012.0,3,2.91,1.86,3.14,0.43,8.33,3
82,83,2012.0,8,1.06,5.05,0.13,2.01,8.24,5
83,84,2009.0,7,0.98,6.42,0.0,0.71,8.11,14
84,85,1997.0,6,5.8,2.01,0.13,0.15,8.09,11
85,86,2007.0,0,2.58,3.9,0.66,0.91,8.06,0
86,87,2001.0,3,2.91,2.07,2.73,0.33,8.05,6
87,88,1999.0,3,2.28,1.72,3.63,0.23,7.86,12
88,89,2008.0,3,2.82,1.78,2.69,0.55,7.84,3
89,90,1982.0,4,7.28,0.45,0.0,0.08,7.81,15
90,91,2005.0,8,2.9,2.83,0.24,1.75,7.72,16
91,92,2010.0,1,3.66,2.42,0.98,0.64,7.69,0
92,93,2015.0,6,2.93,3.29,0.22,1.23,7.67,10
93,94,2014.0,6,2.8,3.3,0.14,1.37,7.6,10
94,95,1998.0,8,4.1,1.89,1.45,0.16,7.6,11
95,96,1997.0,1,3.78,2.17,1.31,0.31,7.58,12
96,97,1988.0,1,5.39,1.18,0.7,0.19,7.46,1
97,98,2014.0,9,3.24,1.35,2.42,0.43,7.45,9
98,99,2008.0,6,4.79,1.9,0.0,0.69,7.37,4
99,100,2011.0,6,4.46,2.13,0.06,0.69,7.34,4
100,101,2006.0,8,3.83,2.19,0.6,0.7,7.31,0
101,102,2015.0,6,4.52,2.09,0.01,0.67,7.3,17
102,103,2009.0,5,3.51,3.03,0.0,0.73,7.27,0
103,104,2011.0,6,2.85,2.93,0.35,1.1,7.23,5
104,105,2003.0,2,3.27,2.83,0.08,1.02,7.2,6
105,106,1998.0,9,3.27,2.22,1.4,0.29,7.16,12
106,107,1998.0,1,3.68,1.75,1.42,0.28,7.13,12
107,108,2001.0,9,4.41,1.04,1.39,0.22,7.07,18
108,109,2014.0,2,3.13,2.07,1.27,0.49,6.96,19
109,110,2015.0,3,2.47,3.15,0.24,1.1,6.96,10
110,111,2003.0,2,4.12,1.77,0.87,0.19,6.95,18
111,112,2012.0,5,4.14,2.21,0.0,0.56,6.91,0
112,113,2013.0,0,0.78,4.32,0.07,1.73,6.9,5
113,114,2004.0,2,2.71,3.02,0.08,1.09,6.9,6
114,115,2002.0,6,2.93,2.75,0.17,0.99,6.83,6
115,116,2011.0,8,2.77,2.8,0.19,1.06,6.83,5
116,117,1996.0,1,3.23,2.35,0.94,0.3,6.82,12
117,118,2010.0,0,3.5,2.64,0.0,0.67,6.81,0
118,119,2008.0,6,4.15,1.92,0.06,0.64,6.76,4
119,120,2009.0,8,3.27,2.25,0.21,1.0,6.73,5
120,121,2007.0,6,3.1,2.3,0.28,1.04,6.72,5
121,122,2011.0,0,0.84,4.32,0.11,1.42,6.69,5
122,123,2005.0,5,1.67,2.78,1.6,0.62,6.67,3
123,124,2010.0,8,2.79,2.61,0.17,1.03,6.6,5
124,125,2014.0,0,0.79,4.29,0.05,1.47,6.59,10
125,126,2010.0,1,3.25,1.84,1.03,0.47,6.59,0
126,127,2011.0,3,2.55,2.71,0.25,1.05,6.56,5
127,128,1986.0,8,3.74,0.93,1.69,0.14,6.51,1
128,129,2012.0,8,2.64,2.56,0.16,1.14,6.5,5
129,130,2001.0,6,4.98,1.3,0.08,0.07,6.43,13
130,131,2004.0,3,2.57,1.58,2.06,0.21,6.41,8
131,132,2002.0,3,3.64,1.2,1.49,0.07,6.4,6
132,133,2000.0,3,2.55,1.56,1.29,0.99,6.39,2
133,134,2009.0,6,4.34,1.35,0.06,0.61,6.36,4
134,135,2010.0,8,3.7,1.97,0.09,0.57,6.34,4
135,136,2002.0,1,4.01,1.26,0.87,0.17,6.31,18
136,137,1992.0,9,2.47,0.83,2.87,0.12,6.3,7
137,138,2004.0,3,0.07,6.21,0.0,0.0,6.28,14
138,139,1999.0,8,3.11,2.8,0.02,0.33,6.27,12
139,140,2010.0,0,3.92,1.78,0.03,0.51,6.24,4
140,141,2011.0,6,4.05,1.62,0.07,0.49,6.24,4
141,142,2006.0,6,3.54,1.9,0.07,0.6,6.11,4
142,143,2001.0,8,2.45,2.01,0.87,0.72,6.05,6
143,144,1992.0,1,4.47,1.2,0.16,0.19,6.03,20
144,145,2008.0,8,2.63,1.74,0.83,0.83,6.03,5
145,146,1998.0,8,3.18,1.83,0.78,0.24,6.03,12
146,147,2013.0,8,2.41,2.28,0.28,1.01,5.99,5
147,148,2006.0,3,1.88,0.0,2.33,1.74,5.95,6
148,149,2008.0,1,2.8,2.05,0.17,0.9,5.92,5
149,150,2009.0,3,0.66,0.69,4.35,0.15,5.84,3
150,151,2007.0,8,3.66,1.63,0.0,0.53,5.83,0
151,152,1998.0,8,1.88,1.47,2.02,0.45,5.82,12
152,153,1996.0,9,2.26,1.89,1.36,0.23,5.74,12
153,154,2006.0,7,3.13,1.94,0.07,0.58,5.72,3
154,155,2014.0,6,2.49,2.05,0.16,0.96,5.65,10
155,156,1988.0,4,2.97,0.69,1.81,0.11,5.58,1
156,157,2009.0,8,2.54,1.95,0.21,0.87,5.57,5
157,158,1999.0,9,2.95,0.6,1.97,0.04,5.55,11
158,159,2007.0,10,3.28,1.65,0.07,0.55,5.55,4
159,160,2011.0,8,2.7,1.91,0.11,0.8,5.53,5
160,161,2009.0,2,2.99,1.92,0.1,0.51,5.51,4
161,162,2008.0,3,0.47,0.57,4.13,0.34,5.5,16
162,163,2001.0,1,3.14,1.24,0.91,0.2,5.49,8
163,164,2001.0,2,2.62,1.64,0.99,0.23,5.47,8
164,165,2001.0,1,3.21,1.11,0.95,0.2,5.46,8
165,166,1999.0,11,3.18,1.24,0.94,0.09,5.45,11
166,167,2008.0,6,2.72,1.87,0.0,0.84,5.43,5
167,168,2001.0,1,2.07,2.29,0.24,0.82,5.42,6
168,169,2014.0,5,1.97,2.51,0.0,0.94,5.42,5
169,170,2009.0,3,1.74,1.24,1.87,0.52,5.36,5
170,171,1989.0,4,2.18,0.96,2.0,0.2,5.34,2
171,172,1999.0,5,3.02,1.12,1.01,0.16,5.31,2
172,173,2012.0,8,3.13,1.71,0.03,0.44,5.3,4
173,174,2000.0,3,1.62,0.77,2.78,0.14,5.3,12
174,175,2003.0,3,1.92,1.08,2.11,0.17,5.29,6
175,176,1999.0,1,3.33,0.79,1.09,0.06,5.27,11
176,177,2009.0,8,3.1,1.56,0.08,0.51,5.27,4
177,178,2007.0,4,1.22,2.48,1.03,0.52,5.26,3
178,179,1997.0,8,2.3,2.46,0.2,0.28,5.24,12
180,181,2004.0,3,0.65,0.75,3.61,0.2,5.21,6
181,182,2012.0,3,2.43,2.15,0.0,0.62,5.2,14
182,183,2003.0,1,2.93,1.25,0.83,0.2,5.2,8
183,184,2012.0,1,2.32,1.3,1.27,0.31,5.19,19
184,185,1994.0,1,2.49,0.98,1.57,0.15,5.19,2
185,186,2012.0,8,1.08,3.48,0.03,0.58,5.18,4
186,187,2007.0,8,1.9,1.83,0.95,0.49,5.17,3
187,188,1995.0,1,2.1,0.74,2.2,0.11,5.15,7
188,189,2013.0,7,0.96,2.02,1.89,0.28,5.15,9
189,190,2008.0,0,1.64,2.48,0.44,0.58,5.14,3
190,191,2003.0,6,1.98,2.23,0.13,0.8,5.13,6
191,192,1992.0,1,2.71,0.61,1.7,0.11,5.13,2
192,193,2010.0,3,3.59,1.11,0.05,0.38,5.13,4
193,194,2014.0,6,3.21,1.53,0.01,0.38,5.13,17
194,195,1996.0,7,3.22,1.69,0.0,0.2,5.12,14
195,196,2006.0,5,3.81,0.63,0.0,0.68,5.12,6
196,197,2009.0,8,1.96,1.43,1.08,0.65,5.11,5
197,198,2014.0,8,2.66,2.01,0.0,0.41,5.08,17
198,199,2006.0,8,1.7,2.02,0.16,1.21,5.08,16
199,200,2010.0,0,0.6,3.29,0.06,1.13,5.08,5
200,201,1999.0,1,3.4,1.3,0.15,0.22,5.07,2
201,202,1996.0,8,2.05,1.16,1.11,0.73,5.05,12
202,203,1999.0,0,3.42,1.38,0.02,0.2,5.02,12
203,204,2014.0,9,2.59,1.06,0.8,0.57,5.02,19
204,205,1999.0,11,2.79,1.89,0.0,0.33,5.01,12
205,206,1998.0,1,3.36,1.36,0.07,0.21,5.0,12
206,207,2007.0,6,3.06,1.18,0.29,0.46,5.0,0
207,208,2007.0,5,3.49,0.01,0.01,1.48,4.98,6
208,209,2008.0,3,3.39,1.03,0.09,0.44,4.96,4
209,210,2007.0,3,1.85,1.2,1.54,0.37,4.96,3
210,211,2007.0,8,2.31,1.73,0.12,0.78,4.94,5
211,212,2005.0,0,3.98,0.26,0.01,0.66,4.91,6
212,213,2007.0,8,2.89,1.54,0.0,0.46,4.9,3
213,214,1997.0,2,2.91,0.99,0.89,0.1,4.88,11
214,215,2010.0,3,0.0,0.0,4.87,0.0,4.87,16
215,216,1990.0,4,2.62,0.6,1.52,0.1,4.85,1
216,217,2010.0,8,2.74,1.36,0.12,0.63,4.84,5
217,218,2010.0,11,2.56,1.68,0.0,0.59,4.83,14
218,219,2007.0,10,1.91,2.0,0.09,0.83,4.83,5
219,220,2014.0,0,0.57,3.14,0.04,1.07,4.82,5
220,221,1999.0,2,2.57,1.57,0.44,0.21,4.79,12
221,222,2016.0,0,0.28,3.75,0.06,0.69,4.77,10
222,223,2011.0,8,2.99,1.31,0.04,0.41,4.76,4
223,224,2000.0,8,2.36,2.1,0.02,0.25,4.73,12
224,225,2003.0,2,1.73,2.19,0.0,0.79,4.7,6
225,226,2000.0,0,3.05,1.41,0.02,0.2,4.68,12
226,227,2008.0,7,1.87,1.12,1.32,0.37,4.68,0
227,228,2002.0,8,1.94,1.95,0.08,0.7,4.67,6
228,229,2011.0,2,2.08,2.04,0.06,0.47,4.64,4
229,230,1996.0,8,2.29,1.97,0.13,0.24,4.63,12
230,231,2007.0,5,3.06,1.12,0.0,0.44,4.62,0
231,232,1991.0,8,2.42,0.91,1.15,0.13,4.61,7
232,233,2002.0,8,2.6,0.99,0.89,0.13,4.6,18
233,234,2009.0,0,1.89,1.99,0.22,0.48,4.58,0
234,235,2013.0,8,1.78,1.39,1.1,0.3,4.58,9
235,236,2015.0,6,1.55,1.15,1.44,0.43,4.57,19
236,237,2014.0,8,1.78,1.87,0.07,0.82,4.55,10
237,238,2007.0,5,3.19,0.92,0.01,0.42,4.53,4
238,239,2004.0,0,4.18,0.26,0.01,0.08,4.53,6
239,240,1981.0,1,4.21,0.24,0.0,0.05,4.5,15
240,241,2006.0,0,3.63,0.24,0.01,0.61,4.49,6
241,242,2002.0,8,2.71,1.51,0.03,0.23,4.48,6
242,243,2000.0,3,0.2,0.14,4.1,0.02,4.47,12
243,244,2015.0,8,1.96,1.69,0.08,0.74,4.47,10
244,245,2014.0,6,1.54,1.94,0.19,0.77,4.45,5
245,246,2005.0,8,2.71,1.29,0.02,0.43,4.45,6
246,247,2012.0,5,2.55,1.11,0.46,0.33,4.44,19
247,248,2010.0,5,2.67,1.35,0.01,0.39,4.42,0
248,249,2001.0,0,2.66,1.29,0.01,0.46,4.41,6
249,250,2006.0,0,0.1,2.39,1.05,0.86,4.39,6
250,251,2006.0,3,2.82,1.05,0.13,0.4,4.39,4
251,252,1987.0,10,2.19,0.5,1.61,0.08,4.38,1
252,253,2005.0,2,2.03,1.79,0.08,0.47,4.37,6
253,254,2006.0,6,1.73,1.73,0.14,0.75,4.35,5
254,255,1991.0,1,3.03,0.91,0.26,0.13,4.34,20
255,256,2005.0,3,2.2,0.58,1.38,0.17,4.33,6
256,257,2013.0,0,0.92,2.93,0.01,0.46,4.31,4
257,258,2014.0,6,2.75,1.18,0.0,0.37,4.31,4
258,259,1980.0,6,4.0,0.26,0.0,0.05,4.31,15
259,260,2008.0,3,2.51,1.27,0.11,0.41,4.31,4
260,261,2015.0,6,2.64,1.2,0.03,0.39,4.26,17
261,262,2013.0,1,2.11,1.11,0.72,0.3,4.25,19
262,263,2009.0,8,2.23,1.34,0.07,0.61,4.25,5
263,264,2011.0,8,1.41,2.02,0.1,0.72,4.24,5
264,265,2001.0,5,3.0,1.11,0.05,0.07,4.24,8
265,266,2004.0,8,1.46,0.0,0.83,1.93,4.23,6
266,267,2006.0,1,2.45,1.02,0.0,0.75,4.22,16
267,268,1995.0,11,1.7,2.27,0.0,0.23,4.21,14
268,269,2011.0,8,2.03,1.27,0.62,0.3,4.21,9
269,270,2005.0,0,0.78,2.55,0.04,0.84,4.21,6
270,271,2003.0,5,0.88,2.3,0.2,0.83,4.2,6
271,272,2016.0,6,1.3,2.07,0.18,0.65,4.2,10
272,273,2007.0,2,1.28,1.83,0.57,0.53,4.2,5
273,274,2011.0,8,2.25,1.47,0.04,0.43,4.19,4
274,275,2009.0,9,2.02,1.06,0.58,0.53,4.19,5
275,276,2011.0,0,0.84,2.79,0.02,0.53,4.19,4
276,277,1989.0,8,3.38,0.44,0.31,0.04,4.17,1
277,278,1984.0,2,2.04,0.48,1.57,0.07,4.16,1
278,279,1997.0,8,3.79,0.27,0.0,0.11,4.16,12
279,280,2002.0,0,3.36,0.21,0.01,0.56,4.14,6
280,281,2014.0,8,1.4,1.86,0.11,0.77,4.14,10
281,282,1997.0,6,4.03,0.0,0.09,0.0,4.12,14
282,283,1995.0,1,1.65,0.61,1.76,0.09,4.12,7
283,284,2006.0,0,0.71,2.48,0.03,0.89,4.11,6
284,285,2011.0,8,2.14,1.2,0.37,0.4,4.1,0
285,286,1992.0,9,1.42,0.51,2.1,0.07,4.1,7
286,287,2007.0,5,2.13,1.5,0.05,0.42,4.1,0
287,288,2015.0,3,2.45,1.26,0.01,0.37,4.09,17
288,289,2007.0,3,2.57,1.52,0.0,0.0,4.09,14
289,290,2010.0,3,2.65,1.06,0.04,0.33,4.08,4
290,291,2007.0,8,2.32,0.04,0.04,1.67,4.07,6
291,292,2007.0,2,2.35,1.28,0.03,0.41,4.06,4
292,293,2005.0,0,0.12,2.26,0.9,0.77,4.06,6
293,294,1996.0,5,2.28,1.55,0.16,0.06,4.05,12
294,295,2000.0,9,1.68,1.51,0.51,0.35,4.05,6
295,296,2014.0,6,1.12,2.12,0.1,0.69,4.03,10
296,297,1997.0,6,2.78,0.58,0.64,0.04,4.03,11
297,298,2014.0,5,1.38,1.87,0.12,0.65,4.02,10
298,299,1984.0,0,1.22,0.28,2.46,0.04,4.01,1
299,300,2008.0,3,2.15,1.2,0.07,0.59,4.01,5
300,301,2007.0,4,0.92,1.78,0.92,0.37,4.0,3
301,302,2009.0,6,2.67,0.89,0.05,0.37,3.99,4
302,303,2005.0,5,2.08,1.35,0.0,0.54,3.98,6
303,304,2009.0,0,2.1,1.36,0.06,0.4,3.92,0
304,305,2014.0,8,1.18,1.96,0.08,0.7,3.92,10
305,306,1994.0,1,1.97,0.76,1.07,0.11,3.91,2
306,307,2003.0,0,2.29,1.17,0.01,0.42,3.9,6
307,308,2013.0,8,1.33,1.71,0.13,0.73,3.89,5
308,309,2014.0,3,0.67,0.49,2.62,0.11,3.89,9
309,310,2006.0,2,1.53,1.61,0.06,0.67,3.88,5
310,311,2011.0,3,1.15,2.09,0.0,0.64,3.88,14
311,312,2005.0,9,0.93,1.94,0.31,0.7,3.87,6
312,313,1988.0,3,0.1,0.0,3.77,0.0,3.87,1
313,314,2010.0,0,2.12,1.14,0.1,0.51,3.87,5
314,315,2015.0,0,2.48,0.65,0.03,0.69,3.85,10
315,316,2004.0,0,0.16,1.89,1.12,0.68,3.85,6
316,317,2007.0,5,0.87,1.57,1.05,0.35,3.84,3
317,318,1995.0,5,2.12,1.44,0.22,0.06,3.84,12
318,319,1992.0,8,2.21,0.96,0.54,0.13,3.83,2
319,320,2009.0,3,2.26,0.48,0.81,0.27,3.83,3
320,321,2007.0,5,1.06,1.93,0.41,0.43,3.82,0
321,322,2011.0,7,1.44,1.37,0.73,0.27,3.81,9
322,323,2015.0,8,1.49,1.58,0.1,0.61,3.79,10
323,324,2011.0,0,1.14,1.91,0.27,0.46,3.78,0
324,325,2008.0,8,2.4,1.03,0.0,0.36,3.78,4
325,326,1996.0,8,1.82,1.24,0.47,0.25,3.77,12
326,327,2007.0,1,1.4,1.4,0.1,0.87,3.77,16
327,328,2013.0,5,1.98,1.47,0.0,0.32,3.76,0
328,329,2002.0,7,2.03,1.56,0.0,0.17,3.76,14
329,330,2007.0,1,1.98,0.88,0.59,0.32,3.76,0
330,331,2001.0,8,1.37,2.0,0.14,0.22,3.73,12
331,332,2015.0,3,0.96,2.0,0.21,0.56,3.73,10
332,333,1999.0,8,1.3,0.77,1.54,0.11,3.72,12
333,334,2000.0,1,1.93,1.58,0.0,0.19,3.71,12
334,335,2004.0,0,0.58,2.48,0.04,0.59,3.7,6
335,336,1998.0,11,1.49,0.73,1.38,0.1,3.7,2
336,337,2013.0,6,1.3,1.51,0.27,0.61,3.69,5
337,338,2007.0,7,1.59,1.61,0.08,0.41,3.69,3
338,339,2009.0,5,0.0,0.0,3.67,0.0,3.67,3
339,340,2002.0,0,2.13,1.18,0.01,0.35,3.67,6
340,341,2005.0,2,1.65,1.22,0.0,0.79,3.66,16
341,342,1998.0,1,1.87,1.13,0.55,0.1,3.65,11
342,343,2002.0,6,2.53,0.81,0.06,0.24,3.65,6
343,344,2008.0,5,2.33,0.97,0.0,0.35,3.65,0
344,345,2013.0,2,0.71,1.8,0.4,0.74,3.64,5
345,346,2001.0,1,2.08,1.09,0.15,0.33,3.64,6
346,347,1999.0,7,2.23,0.68,0.66,0.06,3.63,11
347,348,2009.0,0,0.6,2.46,0.05,0.52,3.63,5
348,349,2007.0,0,0.05,0.0,0.64,2.93,3.63,6
349,350,2013.0,6,1.78,1.42,0.05,0.38,3.63,10
350,351,2005.0,8,2.08,0.83,0.46,0.25,3.62,6
351,352,2016.0,6,1.28,1.61,0.15,0.57,3.61,10
352,353,2004.0,6,1.93,1.22,0.03,0.44,3.61,6
353,354,1994.0,6,2.05,1.4,0.0,0.16,3.61,14
354,355,2001.0,2,2.02,1.17,0.0,0.42,3.61,6
355,356,2007.0,7,1.61,1.5,0.1,0.39,3.61,3
356,357,2001.0,8,2.38,0.67,0.46,0.1,3.6,18
357,358,2005.0,6,2.18,1.02,0.03,0.37,3.59,6
358,359,2000.0,9,2.01,1.35,0.06,0.16,3.58,12
359,360,1997.0,1,1.57,1.79,0.0,0.2,3.56,12
360,361,2006.0,8,1.56,1.4,0.07,0.5,3.54,6
361,362,2002.0,8,1.23,1.77,0.05,0.49,3.54,6
362,363,1997.0,8,1.66,1.58,0.12,0.18,3.54,12
363,364,2001.0,6,1.9,1.13,0.1,0.41,3.53,6
364,365,2005.0,8,1.98,1.14,0.01,0.41,3.53,6
365,366,2013.0,6,2.14,1.08,0.02,0.29,3.53,4
366,367,2010.0,0,0.71,2.4,0.02,0.4,3.53,4
367,368,2000.0,8,1.96,1.33,0.0,0.23,3.52,12
368,369,1999.0,1,2.14,1.21,0.01,0.17,3.52,12
369,370,2008.0,6,2.66,0.5,0.05,0.3,3.52,4
370,371,2009.0,0,1.22,1.66,0.27,0.38,3.52,3
371,372,2009.0,8,2.11,0.94,0.12,0.34,3.51,4
372,373,1996.0,1,1.17,0.5,1.75,0.08,3.51,7
373,374,2010.0,8,2.84,0.39,0.03,0.24,3.5,4
374,375,1985.0,8,1.64,0.38,1.42,0.06,3.5,1
375,376,2009.0,8,2.2,0.97,0.02,0.31,3.5,4
376,377,2006.0,5,0.59,1.83,0.73,0.35,3.5,3
378,379,2015.0,6,1.94,1.22,0.02,0.31,3.49,17
379,380,2010.0,6,2.09,1.02,0.04,0.32,3.48,4
380,381,2008.0,5,2.11,1.01,0.01,0.35,3.48,3
381,382,2014.0,8,2.26,0.89,0.0,0.3,3.46,17
382,383,2012.0,6,0.88,1.75,0.1,0.72,3.45,5
383,384,2013.0,3,0.0,0.0,3.44,0.0,3.44,9
384,385,2009.0,6,2.39,0.73,0.03,0.29,3.44,4
385,386,2002.0,9,1.55,1.27,0.33,0.29,3.44,6
386,387,2013.0,6,1.34,1.54,0.17,0.38,3.43,10
387,388,2011.0,1,1.82,1.07,0.06,0.47,3.42,5
388,389,1998.0,8,1.13,2.07,0.0,0.22,3.42,12
389,390,1994.0,3,0.86,0.0,2.55,0.02,3.42,7
390,391,2004.0,8,1.75,1.2,0.02,0.43,3.41,6
391,392,1990.0,2,1.73,0.69,0.59,0.4,3.41,2
392,393,2002.0,0,0.46,2.28,0.05,0.61,3.4,6
393,394,2000.0,5,1.56,1.47,0.19,0.17,3.39,12
394,395,2008.0,8,2.03,1.03,0.0,0.32,3.38,4
395,396,2015.0,8,1.08,1.35,0.48,0.47,3.38,10
396,397,2009.0,8,1.43,0.94,0.74,0.27,3.38,3
397,398,1998.0,9,2.47,0.76,0.0,0.13,3.36,12
398,399,2000.0,8,1.9,0.67,0.73,0.06,3.36,11
399,400,2008.0,4,0.65,1.61,0.82,0.28,3.36,3
400,401,1998.0,10,1.63,1.53,0.0,0.18,3.34,12
401,402,2013.0,8,1.9,1.14,0.01,0.29,3.34,4
402,403,2006.0,5,0.0,0.99,2.32,0.02,3.33,3
403,404,2002.0,6,1.45,1.29,0.12,0.46,3.33,6
404,405,2002.0,1,1.44,1.01,0.57,0.3,3.33,6
405,406,2012.0,5,1.15,1.17,0.76,0.24,3.32,0
406,407,2005.0,8,1.47,1.39,0.03,0.43,3.32,6
407,408,2001.0,6,1.99,1.05,0.05,0.22,3.31,6
408,409,2003.0,8,1.5,1.28,0.05,0.46,3.28,6
409,410,2015.0,8,0.8,1.92,0.06,0.5,3.28,10
410,411,2014.0,6,2.13,0.92,0.0,0.23,3.28,17
411,412,2003.0,8,1.89,1.05,0.02,0.31,3.27,6
412,413,2008.0,5,1.36,1.13,0.46,0.32,3.27,0
413,414,2009.0,2,0.5,1.59,0.31,0.87,3.27,16
414,415,2015.0,8,0.25,0.19,2.78,0.04,3.26,9
415,416,1995.0,9,0.95,1.3,0.77,0.22,3.24,12
416,417,2015.0,0,0.88,2.11,0.0,0.23,3.23,17
417,418,2011.0,10,1.27,1.33,0.12,0.51,3.23,5
418,419,2015.0,0,2.33,0.3,0.0,0.59,3.22,10
419,420,2014.0,3,0.03,0.0,3.18,0.0,3.22,9
420,421,1999.0,6,1.72,1.33,0.0,0.16,3.21,12
421,422,1983.0,0,0.73,0.1,2.35,0.02,3.2,1
422,423,1995.0,9,2.26,0.72,0.12,0.1,3.2,7
423,424,2000.0,9,1.76,1.21,0.07,0.16,3.2,12
424,425,2007.0,3,1.35,0.6,0.8,0.44,3.19,16
425,426,2008.0,8,1.48,1.01,0.04,0.66,3.19,16
426,427,1995.0,3,0.0,0.0,3.19,0.0,3.19,7
427,428,2010.0,5,2.15,0.77,0.01,0.26,3.19,4
428,429,2003.0,8,1.78,1.12,0.09,0.19,3.18,6
429,430,2015.0,1,1.18,0.87,0.93,0.2,3.18,19
430,431,2010.0,3,1.52,1.08,0.1,0.47,3.17,5
432,433,2008.0,5,0.58,0.51,1.93,0.14,3.17,3
433,434,2001.0,7,2.06,0.56,0.38,0.17,3.17,6
434,435,2008.0,10,1.88,0.98,0.0,0.3,3.16,3
435,436,2001.0,7,1.92,0.16,0.99,0.09,3.15,18
436,437,2008.0,8,1.79,1.06,0.0,0.29,3.15,3
437,438,2005.0,1,1.22,1.57,0.06,0.29,3.15,3
438,439,2012.0,6,0.88,0.97,0.88,0.42,3.15,5
439,440,2014.0,6,1.89,0.99,0.03,0.24,3.15,17
440,441,2007.0,0,0.68,0.0,0.0,2.46,3.14,6
441,442,2000.0,8,1.7,1.25,0.02,0.16,3.13,12
442,443,1998.0,2,2.14,0.86,0.0,0.13,3.12,12
443,444,1999.0,2,2.31,0.62,0.14,0.04,3.12,11
444,445,2006.0,5,0.91,1.0,1.03,0.17,3.12,3
445,446,2007.0,3,1.69,0.87,0.14,0.42,3.12,5
446,447,1990.0,3,0.08,0.0,3.03,0.01,3.12,1
447,448,2010.0,10,1.29,1.27,0.06,0.5,3.12,5
448,449,2010.0,3,1.99,0.82,0.03,0.27,3.11,4
449,450,2014.0,0,0.78,2.02,0.0,0.3,3.11,4
450,451,2002.0,9,2.17,0.28,0.55,0.08,3.09,6
451,452,2001.0,0,2.5,0.16,0.01,0.42,3.08,6
452,453,1986.0,0,1.92,0.45,0.64,0.07,3.08,1
453,454,2012.0,6,1.89,0.91,0.04,0.24,3.07,4
454,455,2013.0,8,1.4,0.99,0.46,0.22,3.07,9
455,456,1994.0,1,1.57,0.62,0.55,0.34,3.07,2
456,457,2002.0,7,1.72,1.21,0.0,0.14,3.07,14
457,458,2012.0,3,1.94,0.86,0.03,0.24,3.07,4
458,459,2008.0,8,1.91,0.84,0.0,0.29,3.05,4
459,460,2012.0,6,1.38,1.35,0.02,0.28,3.04,4
460,461,2010.0,1,2.06,0.64,0.12,0.22,3.04,0
461,462,2008.0,8,1.94,0.8,0.02,0.27,3.03,4
462,463,1995.0,1,1.54,1.33,0.0,0.16,3.03,12
463,464,2009.0,6,1.4,1.07,0.08,0.47,3.02,5
464,465,2002.0,8,1.85,1.04,0.0,0.13,3.02,13
465,466,1987.0,9,2.03,0.47,0.45,0.07,3.02,1
466,467,2002.0,0,1.45,1.13,0.07,0.38,3.02,6
467,468,2015.0,6,2.38,0.32,0.0,0.31,3.0,17
468,469,2012.0,0,2.6,0.21,0.01,0.19,3.0,4
469,470,2007.0,9,1.15,0.0,0.76,1.09,3.0,6
471,472,2014.0,8,1.01,1.41,0.05,0.53,2.99,10
472,473,1993.0,6,1.61,0.51,0.8,0.07,2.99,7
473,474,2000.0,5,1.67,1.18,0.0,0.13,2.99,14
474,475,2002.0,0,0.12,1.26,1.16,0.45,2.99,6
475,476,2001.0,8,1.36,0.86,0.64,0.13,2.99,6
476,477,2015.0,7,0.47,1.0,1.39,0.12,2.98,9
477,478,2010.0,6,1.33,1.12,0.08,0.45,2.97,5
478,479,2014.0,7,0.96,1.72,0.0,0.29,2.97,14
479,480,2011.0,3,1.58,1.01,0.0,0.38,2.97,14
480,481,2003.0,1,1.04,1.37,0.06,0.49,2.96,6
481,482,2008.0,1,1.57,0.04,1.19,0.15,2.96,3
482,483,2002.0,8,1.36,1.15,0.04,0.41,2.96,6
483,484,2009.0,9,1.82,0.71,0.15,0.26,2.95,4
484,485,1996.0,2,1.98,0.58,0.34,0.04,2.94,11
485,486,2003.0,6,2.22,0.51,0.06,0.15,2.94,6
486,487,2005.0,9,1.45,1.11,0.04,0.33,2.94,6
487,488,2009.0,8,1.76,0.69,0.12,0.37,2.94,5
488,489,2001.0,4,2.07,0.77,0.05,0.05,2.94,8
489,490,2007.0,3,1.83,0.8,0.03,0.27,2.93,4
490,491,2006.0,4,0.87,1.06,0.73,0.26,2.92,0
491,492,2007.0,7,1.43,1.13,0.05,0.3,2.91,0
492,493,2002.0,1,1.75,0.45,0.62,0.09,2.91,8
493,494,2013.0,0,0.61,1.85,0.11,0.33,2.9,10
494,495,2014.0,6,1.84,0.8,0.04,0.22,2.9,17
495,496,2004.0,5,1.54,1.14,0.0,0.22,2.9,6
496,497,2008.0,0,1.75,0.86,0.0,0.28,2.9,4
497,498,2003.0,0,0.08,1.24,1.13,0.45,2.9,6
498,499,2012.0,2,0.71,1.51,0.06,0.61,2.89,5
499,500,2001.0,0,0.99,0.32,1.38,0.2,2.89,6
500,501,2004.0,6,1.51,1.12,0.01,0.24,2.89,6
501,502,2011.0,0,1.54,1.07,0.0,0.28,2.88,0
502,503,1999.0,6,2.03,0.72,0.02,0.11,2.88,12
503,504,2007.0,7,1.3,1.27,0.0,0.31,2.88,3
504,505,1998.0,2,0.09,2.43,0.12,0.22,2.87,12
505,506,2013.0,6,1.87,0.77,0.0,0.22,2.86,17
506,507,2012.0,0,2.53,0.16,0.0,0.17,2.86,4
507,508,2002.0,3,2.09,0.63,0.03,0.11,2.86,13
508,509,2011.0,9,1.98,0.55,0.0,0.32,2.85,5
509,510,1990.0,2,1.37,0.51,0.89,0.07,2.85,7
510,511,1997.0,1,1.29,0.53,0.98,0.05,2.85,11
511,512,1996.0,11,1.37,1.34,0.0,0.14,2.85,14
512,513,2011.0,8,1.4,1.14,0.0,0.31,2.85,0
513,514,2015.0,0,0.4,1.98,0.05,0.42,2.85,5
514,515,2010.0,8,1.87,0.57,0.11,0.3,2.84,5
515,516,2007.0,6,1.65,0.86,0.05,0.28,2.83,4
516,517,2009.0,0,2.52,0.09,0.0,0.22,2.83,4
517,518,2010.0,6,1.28,1.05,0.07,0.43,2.83,5
518,519,2002.0,9,1.32,1.08,0.04,0.39,2.83,6
519,520,2002.0,6,1.96,0.67,0.1,0.09,2.82,18
520,521,2003.0,8,1.59,1.05,0.04,0.14,2.82,8
521,522,1994.0,10,0.02,2.79,0.0,0.0,2.81,14
522,523,2010.0,2,1.05,1.25,0.03,0.48,2.81,5
523,524,2007.0,7,1.32,1.19,0.0,0.3,2.81,3
524,525,2003.0,9,1.32,1.06,0.04,0.38,2.8,6
525,526,2008.0,8,1.74,0.8,0.0,0.26,2.8,4
526,527,2006.0,1,1.47,0.07,1.1,0.15,2.8,3
527,528,1997.0,0,0.29,0.2,2.13,0.18,2.79,12
528,529,2011.0,6,1.45,0.88,0.09,0.38,2.79,5
529,530,1998.0,1,1.96,0.72,0.0,0.11,2.79,12
530,531,2001.0,9,1.19,1.15,0.04,0.41,2.79,6
531,532,1992.0,3,0.0,0.0,2.78,0.01,2.79,7
532,533,1996.0,9,1.98,0.7,0.0,0.11,2.79,12
533,534,2011.0,6,0.89,1.43,0.0,0.48,2.79,14
534,535,2001.0,0,2.19,0.22,0.0,0.38,2.79,6
535,536,2009.0,4,0.3,1.47,0.68,0.34,2.79,3
536,537,2011.0,3,0.46,0.29,1.96,0.07,2.79,9
537,538,2003.0,1,1.68,0.74,0.0,0.36,2.78,6
538,539,2014.0,8,1.27,0.97,0.07,0.47,2.78,10
539,540,2003.0,1,1.44,0.83,0.26,0.25,2.78,6
540,541,2009.0,9,1.2,0.98,0.17,0.43,2.78,5
541,542,2003.0,7,1.41,1.12,0.0,0.24,2.77,6
542,543,2007.0,1,1.24,1.2,0.04,0.3,2.77,0
543,544,2011.0,8,1.25,1.15,0.07,0.3,2.77,4
544,545,1980.0,6,2.56,0.17,0.0,0.03,2.76,15
545,546,1992.0,5,1.43,0.54,0.71,0.07,2.75,7
546,547,2013.0,8,1.07,1.31,0.06,0.31,2.74,10
547,548,2000.0,11,1.02,0.36,1.13,0.23,2.73,11
548,549,1986.0,8,1.33,0.31,1.04,0.05,2.73,1
549,550,2011.0,10,1.52,0.94,0.02,0.24,2.72,4
550,551,2006.0,6,1.49,0.93,0.02,0.27,2.71,4
551,552,2002.0,8,1.75,0.52,0.33,0.1,2.7,8
552,553,2001.0,8,0.99,0.48,1.09,0.14,2.7,6
553,554,2015.0,9,1.47,0.76,0.0,0.47,2.7,10
554,555,1998.0,5,1.25,0.53,0.87,0.05,2.7,11
555,556,2011.0,0,2.42,0.11,0.0,0.16,2.69,4
556,557,2006.0,8,1.85,0.64,0.01,0.19,2.69,6
557,558,2010.0,0,2.38,0.12,0.0,0.18,2.69,4
558,559,2010.0,4,1.63,0.52,0.35,0.18,2.69,3
559,560,2010.0,0,1.46,0.98,0.0,0.24,2.68,4
560,561,2004.0,2,1.23,1.11,0.0,0.34,2.68,6
561,562,2014.0,3,0.0,0.0,2.68,0.0,2.68,9
562,563,2009.0,2,0.69,1.41,0.04,0.53,2.68,5
563,564,2011.0,3,0.78,0.75,0.89,0.26,2.68,5
564,565,1992.0,9,1.95,0.63,0.0,0.09,2.67,20
565,566,2005.0,6,1.48,0.92,0.01,0.26,2.67,6
566,567,2008.0,5,1.78,0.64,0.0,0.25,2.67,4
567,568,1998.0,6,1.44,1.09,0.0,0.14,2.67,12
568,569,2004.0,3,1.99,0.58,0.0,0.09,2.66,13
569,570,2006.0,8,1.59,0.8,0.0,0.26,2.65,3
570,571,2003.0,8,1.15,1.11,0.0,0.4,2.65,6
571,572,2012.0,8,1.56,0.88,0.0,0.22,2.65,0
572,573,2006.0,6,0.86,1.11,0.01,0.66,2.65,16
573,574,1986.0,1,0.0,0.0,2.65,0.0,2.65,1
574,575,1996.0,8,2.0,0.5,0.12,0.03,2.65,11
575,576,2007.0,8,1.53,0.87,0.0,0.24,2.64,4
576,577,2000.0,2,2.0,0.47,0.02,0.14,2.63,6
577,578,2006.0,9,0.76,1.1,0.12,0.65,2.63,16
578,579,2009.0,11,1.53,0.82,0.04,0.24,2.63,4
579,580,2009.0,8,1.7,0.46,0.06,0.41,2.63,5
580,581,2004.0,0,2.15,0.12,0.0,0.36,2.62,6
581,582,2007.0,0,1.07,1.06,0.24,0.25,2.62,0
582,583,2010.0,6,1.55,0.81,0.04,0.21,2.62,4
583,584,2009.0,0,0.59,1.79,0.01,0.23,2.62,4
584,585,2011.0,0,2.31,0.14,0.01,0.16,2.62,4
585,586,2008.0,7,0.63,0.84,0.96,0.19,2.61,3
586,587,2002.0,8,0.9,1.22,0.04,0.44,2.61,6
587,588,2010.0,1,1.02,0.52,0.92,0.14,2.6,0
588,589,1990.0,8,1.86,0.55,0.11,0.08,2.6,20
589,590,2008.0,0,0.48,1.63,0.04,0.43,2.59,5
590,591,2007.0,1,0.93,1.12,0.08,0.45,2.59,5
591,592,2004.0,0,2.03,0.21,0.0,0.35,2.59,6
592,593,2009.0,1,0.64,1.24,0.01,0.69,2.58,16
593,594,2013.0,6,0.89,1.33,0.07,0.28,2.58,10
594,595,2009.0,8,1.04,1.24,0.03,0.27,2.58,4
595,596,2007.0,3,0.37,0.27,1.75,0.18,2.58,16
596,597,2006.0,9,1.4,0.88,0.03,0.26,2.58,6
597,598,2004.0,1,1.31,0.74,0.31,0.22,2.57,6
598,599,2010.0,5,0.28,1.68,0.33,0.28,2.57,3
599,600,2009.0,3,1.76,0.56,0.03,0.22,2.57,4
600,601,2007.0,0,2.14,0.08,0.0,0.35,2.57,6
601,602,2001.0,1,1.7,0.59,0.21,0.07,2.56,18
602,603,1987.0,3,0.15,0.0,2.41,0.0,2.56,1
603,604,2012.0,0,2.11,0.23,0.0,0.22,2.56,5
604,605,2003.0,3,1.21,0.57,0.7,0.07,2.54,18
605,606,2008.0,0,1.13,0.87,0.29,0.25,2.54,0
606,607,2008.0,0,2.21,0.12,0.0,0.2,2.54,4
608,609,2001.0,2,1.13,1.12,0.06,0.22,2.52,6
609,610,2000.0,8,1.55,0.75,0.16,0.06,2.52,11
610,611,2007.0,5,1.5,0.78,0.0,0.24,2.52,0
611,612,1986.0,3,0.49,0.0,0.52,1.51,2.52,1
612,613,2013.0,8,0.6,1.31,0.08,0.52,2.51,5
613,614,2006.0,3,2.29,0.02,0.0,0.19,2.5,4
614,615,2008.0,0,0.13,0.07,0.26,2.05,2.5,6
615,616,1999.0,5,1.28,0.14,1.08,0.01,2.5,11
616,617,2011.0,8,0.86,1.06,0.18,0.39,2.49,5
617,618,2003.0,8,1.84,0.56,0.0,0.09,2.49,13
618,619,2010.0,8,1.29,0.97,0.0,0.23,2.49,0
619,620,2002.0,9,1.81,0.52,0.0,0.15,2.49,6
620,621,2008.0,6,1.15,0.85,0.1,0.39,2.48,5
621,622,2008.0,2,1.38,0.85,0.0,0.25,2.48,4
622,623,1998.0,8,1.15,1.14,0.06,0.13,2.48,12
623,624,2012.0,0,1.72,0.44,0.05,0.27,2.48,5
625,626,2013.0,0,2.1,0.2,0.0,0.17,2.47,4
626,627,2002.0,5,1.13,0.36,0.92,0.07,2.47,18
627,628,2010.0,5,1.67,0.58,0.0,0.2,2.46,0
628,629,2008.0,2,1.55,0.54,0.05,0.31,2.45,5
629,630,1992.0,3,0.0,0.0,2.43,0.02,2.45,7
630,631,1997.0,3,0.93,0.12,1.34,0.06,2.45,12
631,632,1996.0,2,2.12,0.25,0.0,0.07,2.44,12
632,633,2011.0,6,1.44,0.73,0.04,0.22,2.44,4
633,634,2006.0,2,0.87,0.98,0.0,0.59,2.44,16
634,635,2003.0,7,1.07,1.19,0.0,0.18,2.43,6
635,636,1997.0,10,1.52,0.82,0.0,0.1,2.43,14
636,637,2008.0,6,1.56,0.61,0.02,0.23,2.42,4
637,638,1998.0,1,1.26,0.61,0.46,0.08,2.42,21
638,639,1988.0,0,1.27,0.32,0.78,0.05,2.42,1
639,640,2010.0,0,0.29,1.18,0.54,0.41,2.42,5
640,641,2003.0,9,1.63,0.22,0.51,0.06,2.41,6
641,642,2001.0,2,2.07,0.26,0.0,0.08,2.41,6
642,643,1998.0,8,0.81,0.76,0.7,0.14,2.41,12
643,644,2014.0,5,1.43,0.76,0.0,0.22,2.41,17
644,645,2007.0,2,0.69,0.0,0.04,1.68,2.41,6
645,646,2015.0,0,2.07,0.08,0.0,0.26,2.4,17
646,647,1996.0,4,2.1,0.24,0.0,0.07,2.4,12
647,648,1987.0,9,0.77,0.18,1.42,0.03,2.4,1
648,649,1997.0,11,2.3,0.1,0.0,0.0,2.4,14
650,651,2015.0,2,0.49,1.49,0.05,0.36,2.39,10
651,652,2010.0,0,1.74,0.48,0.0,0.18,2.39,4
653,655,1994.0,5,1.49,0.81,0.0,0.1,2.39,14
654,656,2013.0,8,1.07,0.87,0.04,0.4,2.39,5
655,657,2011.0,8,1.48,0.71,0.0,0.2,2.39,4
656,658,2005.0,5,1.67,0.61,0.03,0.07,2.38,6
657,659,2007.0,8,1.02,0.97,0.0,0.39,2.38,5
658,660,2011.0,5,1.73,0.46,0.02,0.18,2.38,4
659,661,1998.0,9,1.94,0.39,0.03,0.02,2.38,11
660,662,2015.0,8,1.0,0.76,0.26,0.36,2.38,10
661,663,2014.0,0,1.46,0.54,0.01,0.37,2.38,10
662,664,2010.0,0,2.04,0.15,0.0,0.19,2.38,5
663,665,2001.0,5,1.16,0.91,0.0,0.3,2.38,6
664,666,2007.0,0,2.18,0.01,0.0,0.18,2.37,4
665,667,2004.0,6,2.28,0.02,0.08,0.0,2.37,14
666,668,2004.0,8,0.96,1.08,0.04,0.3,2.37,6
667,669,2004.0,0,1.25,0.86,0.01,0.26,2.37,6
668,670,2009.0,0,2.03,0.13,0.0,0.21,2.37,5
669,671,2011.0,0,1.38,0.74,0.02,0.22,2.36,4
670,672,1995.0,1,0.69,0.14,1.48,0.05,2.36,2
671,673,2010.0,8,1.07,1.05,0.0,0.23,2.35,3
672,674,1996.0,1,1.39,0.48,0.4,0.08,2.35,2
673,675,1998.0,3,0.0,0.0,2.34,0.01,2.35,2
674,676,2008.0,2,1.68,0.46,0.01,0.2,2.35,4
675,677,2013.0,1,1.32,0.83,0.0,0.2,2.34,0
676,678,2007.0,9,0.92,0.0,0.01,1.41,2.34,6
677,679,2008.0,0,1.2,0.9,0.0,0.24,2.34,0
678,680,2001.0,8,1.08,0.7,0.34,0.21,2.34,6
679,681,2010.0,7,1.27,0.86,0.0,0.2,2.33,4
680,682,2015.0,8,1.14,0.54,0.47,0.17,2.32,9
681,683,2015.0,0,1.93,0.14,0.0,0.24,2.32,17
682,684,2010.0,5,1.57,0.56,0.0,0.19,2.32,0
683,685,2000.0,0,0.78,0.4,1.06,0.07,2.32,11
684,686,1997.0,8,0.79,1.35,0.04,0.14,2.32,12
685,687,2004.0,6,0.85,1.06,0.09,0.32,2.31,6
686,688,2004.0,4,0.52,0.45,1.21,0.13,2.31,3
687,689,1999.0,2,1.58,0.64,0.0,0.09,2.31,12
688,690,1995.0,3,0.28,0.0,2.02,0.01,2.31,7
689,691,1998.0,0,1.65,0.46,0.1,0.1,2.31,12
690,692,2013.0,8,1.24,0.85,0.0,0.21,2.3,4
691,693,2012.0,8,0.95,1.06,0.0,0.29,2.3,14
692,694,2008.0,3,0.95,0.54,0.62,0.18,2.3,3
693,695,2011.0,8,1.08,0.75,0.15,0.31,2.29,5
694,696,1997.0,8,0.91,1.25,0.0,0.13,2.29,14
695,697,2013.0,8,1.23,0.68,0.04,0.34,2.29,5
696,698,2004.0,2,1.38,0.8,0.0,0.1,2.28,13
697,699,2009.0,0,0.3,1.27,0.46,0.26,2.28,5
698,700,2014.0,5,1.11,0.98,0.0,0.2,2.28,0
699,701,2015.0,8,0.0,0.0,2.28,0.0,2.28,9
700,702,1983.0,1,0.51,0.12,1.63,0.02,2.28,1
701,703,2008.0,0,0.38,0.07,0.01,1.82,2.28,6
702,704,2008.0,8,1.01,0.9,0.0,0.37,2.28,5
703,705,2012.0,6,1.05,0.77,0.1,0.36,2.28,5
704,706,1997.0,2,0.07,2.0,0.02,0.18,2.28,12
705,707,2012.0,3,1.12,0.39,0.64,0.12,2.27,9
706,708,2009.0,5,1.34,0.62,0.0,0.31,2.27,5
707,709,2006.0,5,1.07,0.92,0.04,0.24,2.27,0
708,710,2002.0,1,1.22,0.1,0.91,0.04,2.27,8
709,711,2001.0,1,0.9,0.73,0.54,0.09,2.26,8
710,712,2007.0,5,1.4,0.54,0.02,0.3,2.26,5
712,714,2007.0,8,1.34,0.57,0.14,0.21,2.26,0
713,715,2014.0,5,0.28,0.79,0.87,0.32,2.25,22
714,716,2002.0,10,0.62,0.44,1.06,0.13,2.25,6
715,717,1997.0,0,1.52,0.46,0.2,0.08,2.25,12
716,718,2004.0,3,1.48,0.25,0.46,0.06,2.25,18
717,719,2011.0,0,1.93,0.15,0.0,0.17,2.25,5
718,720,2009.0,3,0.67,0.41,1.05,0.11,2.25,0
719,721,2008.0,9,0.51,0.51,0.91,0.32,2.25,16
720,722,2001.0,1,1.19,0.71,0.22,0.13,2.24,8
721,723,2001.0,1,1.29,0.83,0.0,0.11,2.23,8
722,724,1990.0,8,1.74,0.25,0.21,0.03,2.23,1
723,725,2008.0,8,1.42,0.61,0.0,0.21,2.23,3
724,726,2009.0,7,1.09,0.85,0.0,0.28,2.23,6
725,727,2013.0,1,1.27,0.62,0.18,0.16,2.22,19
726,728,2003.0,8,0.88,1.03,0.0,0.31,2.22,6
727,729,2009.0,4,1.71,0.32,0.02,0.18,2.22,3
728,730,1998.0,10,1.0,0.63,0.45,0.13,2.22,2
729,731,2010.0,2,1.03,0.98,0.0,0.21,2.22,4
730,732,2010.0,6,1.45,0.55,0.02,0.19,2.21,4
731,733,2013.0,8,1.47,0.55,0.0,0.19,2.21,17
732,734,2006.0,8,1.06,0.82,0.05,0.28,2.21,6
733,735,2008.0,5,1.78,0.24,0.0,0.18,2.2,4
734,736,1981.0,8,2.06,0.12,0.0,0.02,2.2,15
735,737,2007.0,5,2.01,0.02,0.0,0.17,2.2,4
736,738,2000.0,1,1.11,0.51,0.34,0.23,2.2,2
737,739,1986.0,0,0.15,0.0,2.05,0.0,2.2,1
738,740,2008.0,1,1.28,0.68,0.02,0.21,2.2,0
739,741,2007.0,4,1.06,0.91,0.0,0.23,2.2,3
740,742,2011.0,8,0.34,0.97,0.55,0.33,2.19,5
741,743,2006.0,8,1.17,0.78,0.02,0.22,2.19,4
742,744,2003.0,3,1.68,0.44,0.0,0.08,2.19,13
743,745,1992.0,5,0.87,0.17,1.1,0.05,2.19,2
744,746,2000.0,1,1.04,0.72,0.3,0.13,2.19,2
745,747,2012.0,8,0.59,1.07,0.07,0.45,2.19,5
746,748,2000.0,3,0.0,0.0,2.17,0.01,2.18,2
747,749,2002.0,2,1.92,0.2,0.0,0.06,2.18,6
748,750,2013.0,2,1.21,0.78,0.01,0.17,2.18,17
749,751,2013.0,0,1.97,0.07,0.0,0.13,2.18,4
750,752,2006.0,3,1.29,0.04,0.73,0.12,2.18,3
751,753,2003.0,3,1.48,0.17,0.47,0.06,2.17,8
752,754,2010.0,3,1.27,0.68,0.01,0.2,2.17,4
753,755,1998.0,7,1.6,0.46,0.08,0.03,2.17,11
754,756,1984.0,0,0.48,0.11,1.56,0.02,2.17,1
755,757,2001.0,7,1.23,0.83,0.0,0.1,2.16,14
756,758,2009.0,0,1.51,0.47,0.0,0.18,2.16,0
757,759,2000.0,6,1.5,0.55,0.02,0.08,2.15,12
758,760,2015.0,6,0.54,1.16,0.13,0.32,2.15,10
759,761,1987.0,0,0.14,0.03,1.98,0.0,2.15,1
760,762,2014.0,0,0.6,1.41,0.0,0.14,2.15,17
761,763,2007.0,6,0.52,1.03,0.0,0.59,2.14,16
762,764,1996.0,3,0.66,0.0,1.45,0.03,2.14,7
763,765,1983.0,5,0.01,0.0,2.13,0.0,2.14,1
764,766,1988.0,2,1.47,0.38,0.19,0.1,2.14,1
765,767,1992.0,7,1.2,0.84,0.0,0.1,2.14,14
766,768,1981.0,6,1.99,0.12,0.0,0.02,2.13,15
767,769,2004.0,7,1.04,0.81,0.0,0.27,2.13,6
768,770,2006.0,4,0.64,0.07,1.35,0.08,2.13,3
769,771,2003.0,3,0.82,0.37,0.89,0.05,2.13,8
770,772,2016.0,8,0.59,1.16,0.06,0.33,2.13,10
771,773,2010.0,8,0.93,0.97,0.02,0.21,2.12,3
772,774,2006.0,3,0.91,0.05,1.07,0.09,2.12,3
773,775,2010.0,1,1.47,0.09,0.45,0.11,2.12,0
774,776,2001.0,2,1.37,0.61,0.05,0.09,2.12,13
775,777,1989.0,0,0.83,0.33,0.92,0.04,2.12,2
776,778,2011.0,0,1.61,0.27,0.05,0.18,2.11,5
777,779,2009.0,6,1.2,0.62,0.0,0.29,2.11,5
778,780,2000.0,0,1.68,0.4,0.0,0.03,2.11,11
779,781,2008.0,0,0.11,1.34,0.4,0.26,2.11,5
780,782,2002.0,2,1.68,0.31,0.02,0.09,2.11,6
781,783,2010.0,0,0.9,0.45,0.63,0.13,2.11,0
783,785,2003.0,8,0.63,0.21,1.13,0.13,2.11,6
784,786,2011.0,9,1.63,0.33,0.0,0.15,2.11,4
785,787,1998.0,3,0.94,0.07,1.05,0.04,2.1,12
786,788,2002.0,1,1.17,0.72,0.0,0.22,2.1,6
787,789,2002.0,8,1.54,0.44,0.04,0.07,2.1,13
788,790,2005.0,2,1.77,0.13,0.02,0.18,2.1,16
789,791,2011.0,6,1.41,0.51,0.01,0.17,2.1,4
790,792,2005.0,8,0.99,0.63,0.29,0.19,2.09,6
791,793,1997.0,0,0.0,0.0,1.96,0.14,2.09,12
792,794,2006.0,8,1.16,0.65,0.08,0.2,2.09,4
793,795,2003.0,8,1.26,0.6,0.05,0.18,2.09,6
794,796,2010.0,8,1.84,0.12,0.01,0.13,2.09,4
795,797,2009.0,5,1.97,0.0,0.0,0.12,2.09,0
796,798,2006.0,7,0.92,0.94,0.0,0.22,2.09,3
797,799,2015.0,6,0.7,0.93,0.14,0.32,2.09,10
798,800,2010.0,8,0.46,0.42,0.96,0.25,2.09,16
799,801,2010.0,3,1.77,0.32,0.0,0.0,2.08,14
800,802,2002.0,4,1.11,0.71,0.0,0.27,2.08,6
801,803,2008.0,2,0.63,1.02,0.05,0.39,2.08,5
802,804,2007.0,7,1.36,0.52,0.0,0.2,2.08,0
803,805,2003.0,5,0.97,0.33,0.73,0.06,2.08,18
804,806,2010.0,8,0.59,0.99,0.13,0.36,2.08,5
805,807,1998.0,11,2.04,0.04,0.0,0.0,2.08,14
806,808,1994.0,11,0.89,1.08,0.0,0.11,2.08,14
807,809,2010.0,0,0.79,0.94,0.0,0.35,2.08,5
808,810,2002.0,6,1.54,0.46,0.0,0.08,2.07,12
809,811,2010.0,3,0.63,0.42,0.75,0.26,2.07,16
810,812,2009.0,9,1.48,0.39,0.0,0.19,2.07,4
811,813,2011.0,3,0.75,0.54,0.54,0.23,2.07,5
812,814,2001.0,11,1.64,0.36,0.0,0.07,2.07,8
813,815,2007.0,2,1.04,0.8,0.01,0.22,2.06,4
814,816,2010.0,7,0.73,0.97,0.02,0.34,2.06,5
815,817,2010.0,8,1.2,0.63,0.04,0.19,2.06,4
816,818,2005.0,3,0.71,0.52,0.74,0.08,2.06,8
817,819,2004.0,8,1.15,0.77,0.04,0.1,2.06,8
818,820,1998.0,2,0.68,0.46,0.79,0.13,2.06,12
819,821,2003.0,9,1.06,0.62,0.13,0.25,2.06,6
820,822,2013.0,3,0.89,0.57,0.46,0.13,2.06,9
821,823,2007.0,2,0.73,0.92,0.04,0.37,2.05,5
822,824,2008.0,5,1.23,0.64,0.0,0.19,2.05,3
823,825,2013.0,0,1.43,0.33,0.04,0.25,2.05,5
824,826,2005.0,3,1.16,0.06,0.83,0.0,2.05,3
825,827,2002.0,5,1.47,0.48,0.05,0.06,2.05,18
826,828,2013.0,3,0.71,0.83,0.15,0.35,2.05,5
827,829,1992.0,0,1.75,0.25,0.0,0.05,2.05,20
828,830,2007.0,2,0.48,1.29,0.02,0.25,2.05,4
829,831,2009.0,3,1.11,0.27,0.53,0.14,2.04,3
830,832,2011.0,5,1.45,0.42,0.01,0.16,2.04,4
831,833,2008.0,5,0.73,1.09,0.0,0.23,2.04,0
832,834,2006.0,6,1.74,0.02,0.0,0.28,2.04,6
833,835,2005.0,8,0.71,1.02,0.0,0.31,2.04,6
834,836,2003.0,1,1.2,0.48,0.29,0.07,2.04,8
835,837,2011.0,8,0.58,1.06,0.03,0.37,2.04,5
836,838,2014.0,0,1.53,0.25,0.0,0.25,2.03,10
837,839,1998.0,0,1.25,0.61,0.13,0.05,2.03,11
838,840,2011.0,5,1.47,0.4,0.0,0.16,2.03,4
839,841,2003.0,0,1.57,0.18,0.0,0.27,2.03,6
840,842,2008.0,8,1.05,0.67,0.0,0.3,2.02,5
841,843,2005.0,6,1.81,0.05,0.01,0.15,2.02,4
842,844,2014.0,0,1.76,0.09,0.0,0.17,2.02,4
843,845,2012.0,2,0.82,0.98,0.04,0.18,2.02,4
844,846,2007.0,4,0.49,1.27,0.0,0.25,2.01,3
845,847,2016.0,6,1.2,0.62,0.0,0.18,2.01,17
846,848,2013.0,8,0.77,0.85,0.01,0.37,2.0,5
847,849,2012.0,3,0.89,0.45,0.53,0.13,2.0,9
848,850,2014.0,2,0.35,1.31,0.02,0.33,2.0,10
849,851,1993.0,9,0.52,0.16,1.29,0.03,2.0,7
850,852,2008.0,9,1.48,0.3,0.0,0.22,2.0,5
851,853,1997.0,8,0.95,0.64,0.27,0.13,1.99,12
852,854,1989.0,0,0.75,0.3,0.9,0.04,1.99,2
853,855,2002.0,8,1.21,0.64,0.05,0.09,1.99,8
854,856,2002.0,8,0.75,1.09,0.02,0.12,1.98,12
855,857,1991.0,7,0.93,0.27,0.75,0.04,1.98,7
856,858,2013.0,6,1.25,0.58,0.0,0.16,1.98,17
857,859,2012.0,6,1.11,0.63,0.07,0.16,1.98,4
858,860,2014.0,3,0.72,0.86,0.08,0.32,1.97,10
859,861,2010.0,1,0.99,0.8,0.0,0.18,1.97,3
860,862,2002.0,1,0.74,0.95,0.0,0.28,1.97,6
861,863,2008.0,6,1.2,0.59,0.0,0.19,1.97,0
862,864,2003.0,8,0.71,0.58,0.51,0.17,1.97,6
863,865,2008.0,2,1.01,0.64,0.02,0.3,1.97,5
864,866,1981.0,8,1.84,0.11,0.0,0.02,1.97,15
865,867,2013.0,6,1.22,0.57,0.02,0.15,1.96,4
866,868,2004.0,0,0.5,0.5,0.63,0.33,1.96,16
867,869,1986.0,2,1.13,0.37,0.41,0.05,1.96,1
868,870,1985.0,0,0.18,0.23,1.53,0.02,1.96,1
869,871,2006.0,1,0.79,0.03,1.05,0.08,1.96,3
870,872,2006.0,6,1.09,0.65,0.02,0.2,1.96,4
871,873,2014.0,6,1.3,0.49,0.0,0.16,1.95,4
872,874,2003.0,2,0.74,1.01,0.0,0.2,1.95,6
873,875,2005.0,8,1.26,0.61,0.0,0.09,1.95,13
874,876,1994.0,6,1.09,0.77,0.0,0.09,1.95,14
875,877,2003.0,0,1.69,0.2,0.0,0.06,1.95,6
876,878,2003.0,9,0.95,0.74,0.0,0.25,1.94,6
877,879,2008.0,0,0.49,1.26,0.01,0.18,1.94,4
878,880,1999.0,5,1.94,0.0,0.0,0.0,1.94,14
879,881,2001.0,10,0.59,1.23,0.0,0.13,1.94,12
880,882,1989.0,4,0.96,0.38,0.55,0.05,1.94,2
881,883,2004.0,9,1.09,0.15,0.65,0.04,1.94,6
882,884,1997.0,2,1.41,0.42,0.03,0.07,1.94,12
883,885,2002.0,6,1.42,0.4,0.0,0.12,1.94,6
884,886,2004.0,3,1.0,0.72,0.0,0.21,1.93,6
885,887,2013.0,8,1.15,0.61,0.0,0.17,1.93,4
886,888,2008.0,5,1.1,0.56,0.0,0.27,1.93,5
887,889,1993.0,9,1.48,0.39,0.0,0.06,1.93,7
888,890,1995.0,9,0.34,0.26,1.3,0.03,1.93,23
889,891,1998.0,4,1.06,0.6,0.2,0.07,1.93,2
890,892,2008.0,9,1.53,0.24,0.0,0.16,1.93,4
891,893,2014.0,8,0.56,0.89,0.1,0.37,1.93,5
892,894,2008.0,0,1.51,0.0,0.29,0.12,1.93,0
893,895,2013.0,8,0.86,0.87,0.01,0.17,1.92,4
894,896,2001.0,8,0.92,0.53,0.41,0.06,1.92,2
895,897,2009.0,2,0.73,0.97,0.01,0.22,1.92,4
896,898,2008.0,5,0.87,0.85,0.0,0.2,1.92,0
897,899,2001.0,6,0.76,0.96,0.0,0.2,1.92,6
898,900,2003.0,7,1.03,0.8,0.0,0.09,1.92,14
899,901,2004.0,2,0.94,0.73,0.0,0.25,1.92,6
900,902,1996.0,5,0.26,0.16,1.46,0.03,1.92,12
901,903,2009.0,5,1.06,0.67,0.0,0.18,1.92,0
902,904,2000.0,5,0.72,0.16,1.01,0.02,1.91,11
903,905,2008.0,8,1.14,0.57,0.0,0.19,1.91,0
904,906,2008.0,5,1.3,0.44,0.0,0.17,1.91,0
905,907,2015.0,6,0.77,0.78,0.04,0.31,1.91,10
906,908,2011.0,8,1.08,0.66,0.0,0.17,1.91,0
907,909,2001.0,7,1.03,0.75,0.03,0.09,1.9,18
908,910,2012.0,6,0.59,0.92,0.06,0.32,1.9,5
909,911,2013.0,2,0.73,0.91,0.03,0.22,1.89,10
910,912,2008.0,0,1.56,0.15,0.0,0.18,1.89,5
911,913,2013.0,3,0.21,0.3,1.33,0.04,1.89,9
912,914,2009.0,1,1.05,0.54,0.03,0.26,1.88,5
913,915,1999.0,3,1.37,0.44,0.0,0.08,1.88,12
914,916,2004.0,9,0.92,0.72,0.0,0.24,1.88,6
915,917,1999.0,0,0.25,0.12,1.48,0.03,1.88,12
916,918,2005.0,6,0.89,0.69,0.09,0.21,1.88,6
917,919,1998.0,9,1.42,0.36,0.03,0.07,1.88,12
918,920,2007.0,5,0.47,0.08,0.0,1.33,1.87,6
919,921,2002.0,10,0.96,0.53,0.3,0.09,1.87,18
920,922,1998.0,0,0.22,1.47,0.04,0.14,1.87,12
921,923,2001.0,8,0.53,0.16,1.07,0.1,1.87,6
922,924,2013.0,1,0.73,0.62,0.4,0.12,1.87,9
923,925,2001.0,10,0.87,0.52,0.41,0.06,1.86,2
924,926,2005.0,0,1.75,0.03,0.0,0.08,1.86,13
925,927,2004.0,1,1.12,0.69,0.03,0.02,1.86,6
926,928,1999.0,3,0.94,0.44,0.39,0.1,1.86,12
927,929,1997.0,1,1.37,0.41,0.04,0.04,1.86,11
928,930,2004.0,5,0.0,1.37,0.0,0.49,1.86,6
929,931,2014.0,1,0.64,0.92,0.01,0.29,1.86,10
930,932,2001.0,0,0.91,0.71,0.0,0.24,1.86,6
931,933,2009.0,8,1.34,0.37,0.0,0.15,1.86,3
932,934,1999.0,3,0.62,0.42,0.69,0.12,1.86,12
933,935,2010.0,8,0.85,0.71,0.13,0.16,1.86,0
934,936,2013.0,5,0.61,0.59,0.55,0.11,1.85,9
935,937,2004.0,1,1.33,0.49,0.0,0.03,1.85,6
936,938,2007.0,5,0.83,0.82,0.0,0.2,1.85,0
937,939,2004.0,3,1.26,0.18,0.35,0.06,1.85,8
938,940,1984.0,8,0.8,0.19,0.83,0.03,1.85,1
939,941,2011.0,8,1.05,0.49,0.08,0.23,1.85,5
940,942,2001.0,2,0.0,1.1,0.42,0.33,1.84,6
941,943,2009.0,3,0.97,0.34,0.35,0.18,1.84,5
942,944,2005.0,0,1.53,0.05,0.0,0.25,1.84,6
943,945,1998.0,7,0.83,0.06,0.93,0.0,1.83,11
944,946,2005.0,5,1.31,0.49,0.0,0.03,1.83,8
945,947,2012.0,3,0.84,0.76,0.0,0.23,1.83,14
946,948,1996.0,2,1.33,0.4,0.03,0.07,1.83,12
947,949,2015.0,8,0.46,1.02,0.07,0.28,1.83,10
948,950,1993.0,3,0.25,0.07,1.49,0.02,1.83,7
949,951,2007.0,6,1.09,0.54,0.02,0.17,1.83,4
950,952,1995.0,7,0.92,0.33,0.52,0.05,1.83,12
951,953,2014.0,1,0.61,0.34,0.79,0.09,1.82,9
952,954,1994.0,1,1.24,0.43,0.03,0.12,1.82,20
953,955,2001.0,5,1.73,0.07,0.0,0.02,1.82,6
954,956,2001.0,7,1.81,0.0,0.0,0.0,1.82,14
955,957,2007.0,6,0.91,0.74,0.07,0.09,1.82,0
956,958,2010.0,3,0.22,0.21,1.35,0.03,1.81,3
957,959,2014.0,8,0.55,0.84,0.11,0.31,1.81,10
958,960,2003.0,7,1.05,0.59,0.0,0.18,1.81,6
959,961,2000.0,2,1.1,0.51,0.12,0.08,1.81,21
960,962,2002.0,9,0.78,0.44,0.56,0.04,1.81,6
961,963,2004.0,1,0.88,0.69,0.0,0.23,1.81,6
962,964,2008.0,5,1.0,0.03,0.0,0.77,1.8,6
963,965,2002.0,1,0.93,0.59,0.21,0.07,1.8,8
964,966,2006.0,0,1.66,0.0,0.01,0.13,1.8,4
965,967,2010.0,8,1.41,0.21,0.03,0.16,1.8,5
966,968,1999.0,0,1.0,0.68,0.0,0.12,1.8,12
967,969,2015.0,6,0.49,0.96,0.07,0.27,1.79,5
968,970,1994.0,1,1.26,0.39,0.08,0.06,1.79,7
969,971,2013.0,10,0.52,0.88,0.06,0.34,1.79,5
970,972,2012.0,8,1.05,0.57,0.03,0.14,1.78,4
971,973,2003.0,2,1.25,0.29,0.0,0.24,1.78,6
972,974,2006.0,3,0.23,0.03,1.49,0.03,1.78,3
973,975,2001.0,8,1.12,0.58,0.0,0.08,1.78,12
974,976,2004.0,8,0.39,1.01,0.02,0.36,1.78,6
975,977,2011.0,4,0.32,0.95,0.36,0.14,1.78,9
976,978,2010.0,8,0.45,0.94,0.06,0.33,1.78,5
977,979,2012.0,3,0.41,0.46,0.72,0.19,1.78,5
978,980,2013.0,8,0.93,0.57,0.14,0.13,1.77,19
979,981,2005.0,8,0.85,0.76,0.0,0.16,1.77,6
980,982,2007.0,5,1.16,0.45,0.0,0.16,1.77,0
981,983,2013.0,5,0.31,0.54,0.84,0.08,1.77,19
982,984,2013.0,0,1.59,0.03,0.0,0.15,1.77,5
983,985,1991.0,3,0.24,0.09,1.33,0.12,1.77,7
984,986,2000.0,1,0.63,0.06,1.03,0.04,1.77,11
985,987,2001.0,9,1.19,0.29,0.24,0.06,1.77,13
986,988,2009.0,9,1.07,0.45,0.01,0.24,1.77,5
987,989,1991.0,10,0.85,0.31,0.56,0.04,1.76,2
988,990,1998.0,9,1.27,0.42,0.0,0.07,1.76,12
989,991,2004.0,1,1.06,0.54,0.0,0.16,1.76,6
990,992,2001.0,3,0.93,0.38,0.4,0.06,1.76,8
991,993,1994.0,1,1.02,0.47,0.2,0.07,1.76,20
992,994,1986.0,1,0.53,0.12,1.09,0.02,1.76,1
993,995,2004.0,9,0.86,0.67,0.0,0.22,1.76,6
994,996,2002.0,6,1.23,0.46,0.0,0.07,1.76,13
995,997,2002.0,8,0.86,0.67,0.0,0.22,1.76,6
996,998,2013.0,6,0.72,0.69,0.04,0.31,1.76,5
997,999,2012.0,8,0.68,0.9,0.01,0.17,1.76,4
998,1000,2007.0,8,1.26,0.47,0.0,0.03,1.76,8
999,1001,2015.0,6,1.11,0.48,0.0,0.16,1.76,4
1000,1002,2004.0,7,0.52,0.95,0.0,0.29,1.76,6
1001,1003,2007.0,0,0.35,1.07,0.02,0.32,1.76,5
1002,1004,2001.0,7,0.61,0.87,0.02,0.26,1.76,6
1003,1005,1998.0,0,1.68,0.04,0.0,0.04,1.75,12
1004,1006,2013.0,3,0.9,0.37,0.25,0.24,1.75,5
1005,1007,2004.0,6,1.24,0.45,0.0,0.07,1.75,13
1006,1008,2001.0,0,0.06,0.9,0.53,0.27,1.75,6
1007,1009,2007.0,6,1.0,0.54,0.03,0.18,1.75,4
1008,1010,1991.0,4,0.7,0.13,0.91,0.01,1.75,1
1009,1011,1993.0,1,0.94,0.34,0.21,0.27,1.75,7
1010,1012,1993.0,1,0.79,0.14,0.8,0.02,1.75,1
1011,1013,2009.0,7,0.83,0.66,0.08,0.18,1.75,3
1012,1014,2008.0,7,0.85,0.66,0.01,0.22,1.75,6
1013,1015,2004.0,5,1.25,0.46,0.0,0.03,1.75,8
1014,1016,1999.0,10,0.72,0.89,0.04,0.1,1.74,12
1015,1017,2002.0,3,0.63,0.49,0.45,0.17,1.74,6
1016,1018,2011.0,6,0.83,0.63,0.02,0.25,1.74,5
1017,1019,2009.0,5,1.19,0.4,0.0,0.16,1.74,0
1018,1020,2015.0,2,0.69,0.89,0.03,0.14,1.74,17
1019,1021,2010.0,1,0.96,0.61,0.01,0.16,1.74,0
1020,1022,1996.0,2,1.69,0.04,0.0,0.01,1.74,11
1021,1023,1998.0,0,1.66,0.04,0.0,0.04,1.74,12
1022,1024,2014.0,3,0.49,0.88,0.06,0.3,1.74,10
1023,1025,2011.0,6,0.59,0.75,0.13,0.27,1.74,22
1024,1026,2014.0,6,0.67,0.66,0.12,0.27,1.73,5
1025,1027,2001.0,0,0.85,0.66,0.0,0.22,1.73,6
1026,1028,2016.0,6,0.64,0.68,0.14,0.26,1.73,10
1027,1029,1998.0,8,1.48,0.2,0.0,0.05,1.73,12
1028,1030,2001.0,8,0.94,0.62,0.1,0.07,1.73,2
1029,1031,2013.0,8,1.15,0.44,0.0,0.14,1.73,0
1030,1032,2002.0,1,0.95,0.7,0.0,0.08,1.73,8
1031,1033,2012.0,8,1.06,0.52,0.01,0.14,1.73,4
1032,1034,2003.0,8,0.85,0.66,0.0,0.22,1.72,6
1033,1035,2015.0,6,0.61,0.78,0.06,0.27,1.72,10
1034,1036,2015.0,3,0.66,0.78,0.0,0.28,1.72,10
1035,1037,2008.0,6,0.61,0.18,0.0,0.94,1.72,6
1036,1038,2008.0,7,0.7,0.83,0.0,0.19,1.72,3
1037,1039,2011.0,6,0.41,0.98,0.0,0.33,1.72,14
1038,1040,2004.0,0,1.61,0.03,0.0,0.08,1.72,13
1039,1041,2003.0,3,0.8,0.21,0.55,0.15,1.72,6
1040,1042,2010.0,7,0.59,0.87,0.0,0.25,1.71,14
1041,1043,2009.0,4,1.43,0.16,0.0,0.12,1.71,0
1042,1044,1998.0,1,0.99,0.64,0.0,0.08,1.71,12
1043,1045,2007.0,5,1.15,0.41,0.0,0.15,1.71,3
1044,1046,2004.0,7,0.88,0.34,0.32,0.18,1.71,6
1045,1047,2003.0,2,1.09,0.55,0.0,0.07,1.71,13
1046,1048,2006.0,5,0.0,0.0,1.71,0.0,1.71,3
1047,1049,2001.0,4,1.25,0.39,0.0,0.06,1.71,8
1048,1050,2009.0,0,1.58,0.0,0.0,0.12,1.7,0
1049,1051,2014.0,2,0.34,1.08,0.03,0.26,1.7,10
1050,1052,2009.0,0,0.23,0.24,0.0,1.23,1.7,6
1051,1053,2008.0,0,0.99,0.42,0.14,0.15,1.7,0
1052,1054,2007.0,4,0.49,1.12,0.0,0.09,1.7,3
1053,1055,2011.0,1,0.62,0.21,0.79,0.08,1.7,0
1054,1056,1993.0,4,0.0,0.0,1.69,0.01,1.7,7
1055,1057,2007.0,8,0.69,0.83,0.0,0.19,1.7,3
1056,1058,2006.0,0,1.41,0.05,0.0,0.23,1.7,6
1057,1059,2005.0,6,1.22,0.34,0.04,0.1,1.69,6
1058,1060,2014.0,0,1.36,0.18,0.0,0.15,1.69,17
1059,1061,2008.0,8,0.88,0.54,0.02,0.25,1.69,5
1060,1062,2013.0,8,1.01,0.53,0.01,0.14,1.69,4
1061,1063,1999.0,5,0.94,0.64,0.0,0.11,1.69,12
1062,1064,2009.0,3,0.96,0.44,0.08,0.22,1.69,5
1063,1065,2015.0,0,0.55,1.01,0.0,0.13,1.69,4
1064,1066,1997.0,9,1.37,0.28,0.03,0.02,1.69,11
1065,1067,1998.0,9,1.1,0.48,0.04,0.07,1.69,12
1066,1068,2001.0,8,0.87,0.66,0.08,0.08,1.69,8
1067,1069,2008.0,2,0.79,0.71,0.01,0.18,1.69,4
1068,1070,2002.0,3,1.52,0.12,0.0,0.05,1.69,8
1069,1071,2010.0,11,0.98,0.52,0.0,0.19,1.69,14
1070,1072,2005.0,8,0.98,0.42,0.22,0.06,1.69,18
1071,1073,2012.0,8,0.8,0.52,0.07,0.3,1.69,22
1072,1074,2007.0,6,0.9,0.47,0.0,0.32,1.68,16
1073,1075,2006.0,5,0.82,0.64,0.0,0.22,1.68,6
1074,1076,1997.0,0,1.58,0.06,0.0,0.04,1.68,12
1075,1077,2012.0,8,0.9,0.64,0.0,0.15,1.68,4
1076,1078,1992.0,4,0.59,0.24,0.82,0.03,1.68,2
1077,1079,1997.0,6,0.38,0.87,0.33,0.1,1.68,12
1078,1080,2003.0,7,1.67,0.0,0.0,0.0,1.68,14
1079,1081,2008.0,8,1.23,0.3,0.0,0.14,1.68,0
1080,1082,2007.0,7,0.91,0.55,0.04,0.17,1.68,0
1081,1083,2002.0,8,1.18,0.27,0.17,0.06,1.68,8
1082,1084,2008.0,0,0.94,0.57,0.0,0.17,1.67,0
1083,1085,2003.0,0,0.93,0.52,0.0,0.22,1.67,6
1084,1086,2008.0,0,0.45,1.02,0.0,0.2,1.67,0
1085,1087,2000.0,0,1.58,0.05,0.0,0.04,1.67,12
1086,1088,2006.0,9,0.81,0.59,0.01,0.26,1.67,5
1087,1089,2013.0,1,0.43,0.67,0.42,0.15,1.67,10
1088,1090,2005.0,6,1.22,0.39,0.0,0.06,1.67,13
1089,1091,1989.0,1,0.91,0.3,0.42,0.04,1.67,1
1090,1092,2001.0,0,1.09,0.49,0.02,0.07,1.67,12
1091,1093,2001.0,10,0.59,0.95,0.03,0.1,1.67,8
1092,1094,2013.0,11,0.82,0.65,0.0,0.19,1.67,14
1093,1095,2003.0,2,0.97,0.59,0.04,0.07,1.67,13
1094,1096,2001.0,2,1.13,0.32,0.0,0.22,1.67,6
1095,1097,2003.0,0,1.35,0.09,0.0,0.23,1.67,6
1096,1098,2003.0,1,1.08,0.45,0.0,0.14,1.67,6
1097,1099,2015.0,8,0.63,0.66,0.11,0.26,1.66,10
1098,1100,2007.0,8,0.57,0.73,0.06,0.3,1.66,5
1099,1101,1992.0,9,1.0,0.3,0.31,0.04,1.66,20
1100,1102,2000.0,0,0.78,0.61,0.06,0.2,1.66,6
1101,1103,2012.0,6,0.86,0.64,0.01,0.14,1.66,4
1102,1104,2004.0,0,0.81,0.63,0.0,0.21,1.66,6
1103,1105,2006.0,2,0.76,0.7,0.02,0.18,1.66,4
1104,1106,2002.0,0,1.25,0.15,0.03,0.22,1.66,6
1105,1107,2005.0,9,0.96,0.12,0.54,0.04,1.66,6
1106,1108,1981.0,4,1.54,0.1,0.0,0.02,1.65,15
1107,1109,2004.0,5,0.9,0.11,0.6,0.05,1.65,18
1108,1110,1991.0,6,1.06,0.38,0.15,0.05,1.65,7
1109,1111,2011.0,5,0.48,0.68,0.33,0.16,1.65,0
1110,1112,2004.0,3,0.0,0.0,1.65,0.0,1.65,6
1111,1113,2008.0,6,1.09,0.38,0.02,0.16,1.65,4
1112,1114,2007.0,3,0.32,0.02,1.27,0.03,1.64,3
1113,1115,2004.0,1,0.8,0.05,0.76,0.03,1.64,8
1114,1116,2011.0,8,0.76,0.72,0.0,0.16,1.64,0
1115,1117,1982.0,4,1.52,0.1,0.0,0.02,1.64,15
1116,1118,1999.0,6,0.93,0.63,0.0,0.08,1.64,12
1117,1119,1986.0,8,0.74,0.26,0.61,0.03,1.64,1
1118,1120,2002.0,0,0.8,0.63,0.0,0.21,1.64,6
1119,1121,2005.0,0,1.44,0.15,0.0,0.05,1.64,6
1120,1122,2004.0,8,0.54,0.88,0.0,0.22,1.64,6
1121,1123,2010.0,7,1.02,0.48,0.0,0.14,1.64,4
1122,1124,2015.0,10,0.44,0.89,0.05,0.25,1.64,10
1123,1125,2004.0,0,1.54,0.02,0.0,0.07,1.63,13
1124,1126,2006.0,7,0.45,0.96,0.02,0.2,1.63,4
1125,1127,2001.0,11,0.78,0.25,0.56,0.04,1.63,18
1127,1129,2011.0,1,0.6,0.73,0.02,0.28,1.63,5
1128,1130,2003.0,0,1.18,0.34,0.0,0.1,1.63,6
1129,1131,1999.0,1,0.71,0.48,0.32,0.11,1.63,12
1130,1132,2014.0,0,1.33,0.14,0.0,0.15,1.63,4
1131,1133,2004.0,0,1.32,0.09,0.0,0.22,1.62,6
1132,1134,2010.0,8,0.59,0.85,0.02,0.17,1.62,4
1134,1136,2005.0,0,0.8,0.63,0.01,0.19,1.62,6
1135,1137,2011.0,6,0.82,0.61,0.03,0.15,1.62,4
1136,1138,2006.0,0,0.99,0.04,0.49,0.1,1.62,3
1137,1139,2003.0,2,1.01,0.11,0.45,0.04,1.62,18
1138,1140,1998.0,2,0.9,0.61,0.0,0.11,1.62,12
1139,1141,2006.0,3,0.8,0.38,0.3,0.13,1.61,0
1140,1142,2004.0,0,0.79,0.62,0.0,0.21,1.61,6
1141,1143,2013.0,6,0.92,0.53,0.03,0.13,1.61,4
1142,1144,1989.0,0,0.66,0.27,0.65,0.03,1.61,2
1143,1145,1998.0,11,0.0,0.0,1.61,0.01,1.61,2
1144,1146,2005.0,0,0.98,0.38,0.2,0.04,1.61,18
1145,1147,2005.0,5,0.0,1.18,0.0,0.43,1.61,6
1146,1148,2007.0,8,1.5,0.0,0.0,0.11,1.61,3
1147,1149,2014.0,6,0.79,0.68,0.01,0.13,1.61,17
1148,1150,2008.0,7,0.95,0.48,0.01,0.15,1.6,0
1149,1151,2011.0,5,0.4,0.99,0.0,0.22,1.6,3
1150,1152,2005.0,8,1.3,0.23,0.0,0.07,1.6,6
1151,1153,2008.0,8,0.71,0.69,0.02,0.18,1.6,4
1152,1154,1998.0,2,0.46,0.96,0.09,0.08,1.6,11
1153,1155,1981.0,6,1.49,0.09,0.0,0.02,1.6,15
1154,1156,1999.0,8,0.71,0.48,0.3,0.1,1.6,12
1155,1157,2008.0,3,0.19,0.02,1.36,0.02,1.6,3
1156,1158,2016.0,8,0.58,0.74,0.02,0.26,1.6,10
1157,1159,2003.0,1,1.05,0.44,0.06,0.04,1.6,18
1158,1160,2004.0,0,1.26,0.12,0.0,0.21,1.59,6
1159,1161,1996.0,3,0.01,1.58,0.0,0.0,1.59,14
1160,1162,2006.0,8,1.15,0.36,0.04,0.04,1.59,18
1161,1163,1996.0,9,0.61,0.41,0.46,0.1,1.59,12
1162,1164,2008.0,8,0.58,0.46,0.34,0.21,1.59,5
1163,1165,1982.0,1,1.48,0.09,0.0,0.02,1.59,15
1164,1166,2007.0,0,0.04,1.1,0.32,0.13,1.59,5
1165,1167,2008.0,9,0.92,0.44,0.07,0.15,1.59,4
1166,1168,2010.0,8,0.95,0.5,0.0,0.14,1.59,4
1167,1169,1999.0,2,0.88,0.6,0.0,0.1,1.59,12
1168,1170,2014.0,6,0.47,0.8,0.03,0.29,1.58,10
1169,1171,2008.0,0,0.87,0.56,0.0,0.15,1.58,0
1170,1172,2008.0,5,0.85,0.58,0.0,0.16,1.58,3
1171,1173,2008.0,7,0.81,0.6,0.01,0.17,1.58,3
1172,1174,2000.0,5,0.88,0.6,0.0,0.1,1.58,12
1173,1175,2012.0,2,0.62,0.8,0.01,0.15,1.58,4
1174,1176,2009.0,5,0.94,0.49,0.0,0.15,1.58,0
1175,1177,2008.0,5,0.64,0.76,0.0,0.17,1.58,3
1176,1178,2012.0,8,0.88,0.26,0.34,0.09,1.58,9
1177,1179,2007.0,8,1.06,0.37,0.0,0.15,1.58,3
1178,1180,2009.0,3,0.58,0.44,0.44,0.12,1.58,3
1179,1181,2002.0,1,0.85,0.65,0.0,0.08,1.58,8
1180,1182,2009.0,0,0.1,0.18,0.12,1.16,1.57,6
1181,1183,2001.0,0,0.77,0.6,0.0,0.2,1.57,6
1182,1184,2002.0,6,0.98,0.53,0.0,0.06,1.57,6
1183,1185,2005.0,5,0.95,0.11,0.46,0.04,1.57,18
1184,1186,2012.0,0,0.18,0.64,0.49,0.25,1.56,5
1185,1187,2000.0,2,0.77,0.6,0.0,0.2,1.56,6
1186,1188,2006.0,9,1.07,0.4,0.0,0.1,1.56,6
1187,1189,1988.0,1,0.59,0.14,0.81,0.02,1.56,1
1188,1190,1995.0,8,1.32,0.19,0.0,0.05,1.56,12
1189,1191,2016.0,3,0.58,0.44,0.33,0.21,1.56,10
1190,1192,1990.0,8,0.67,0.17,0.69,0.03,1.56,7
1191,1193,2001.0,3,0.0,0.0,1.56,0.0,1.56,2
1192,1194,2003.0,5,0.68,0.38,0.44,0.05,1.56,8
1193,1195,2013.0,8,0.59,0.75,0.01,0.21,1.56,10
1194,1196,2010.0,8,0.84,0.56,0.0,0.15,1.55,4
1195,1197,2012.0,8,0.72,0.54,0.04,0.25,1.55,5
1196,1198,2002.0,2,0.76,0.59,0.0,0.2,1.55,6
1197,1199,2003.0,6,0.91,0.57,0.0,0.07,1.55,13
1198,1200,2008.0,0,0.79,0.44,0.19,0.14,1.55,0
1199,1201,2010.0,6,0.85,0.47,0.02,0.22,1.55,5
1200,1202,2000.0,8,1.13,0.38,0.02,0.03,1.55,11
1201,1203,2001.0,8,0.57,0.87,0.02,0.09,1.55,12
1202,1204,2014.0,8,0.9,0.53,0.0,0.13,1.55,17
1203,1205,2010.0,8,0.8,0.53,0.0,0.22,1.55,5
1204,1206,2011.0,3,0.6,0.51,0.21,0.23,1.55,5
1205,1207,1999.0,11,1.55,0.0,0.0,0.0,1.55,14
1206,1208,2011.0,11,1.07,0.36,0.0,0.12,1.55,3
1207,1209,2015.0,5,0.69,0.5,0.24,0.11,1.55,19
1208,1210,2013.0,8,1.06,0.35,0.01,0.12,1.54,17
1209,1211,2007.0,8,0.68,0.43,0.29,0.14,1.54,0
1210,1212,2015.0,3,0.71,0.22,0.52,0.1,1.54,9
1211,1213,2000.0,3,0.83,0.44,0.08,0.19,1.54,6
1212,1214,2003.0,11,0.58,0.87,0.0,0.09,1.54,14
1213,1215,2006.0,6,1.4,0.02,0.02,0.1,1.54,4
1214,1216,2008.0,10,0.86,0.52,0.01,0.15,1.54,3
1215,1217,2005.0,0,1.26,0.07,0.0,0.21,1.54,6
1216,1218,1996.0,6,0.85,0.58,0.0,0.1,1.54,12
1217,1219,2012.0,6,0.63,0.69,0.0,0.21,1.53,14
1218,1220,2009.0,9,0.92,0.41,0.0,0.21,1.53,5
1219,1221,2008.0,7,0.71,0.65,0.01,0.17,1.53,0
1220,1222,2007.0,8,0.57,0.79,0.0,0.17,1.53,3
1221,1223,1994.0,9,1.19,0.29,0.0,0.05,1.53,7
1222,1224,1998.0,0,1.44,0.05,0.0,0.04,1.53,12
1223,1225,2009.0,6,0.95,0.43,0.0,0.14,1.53,0
1224,1226,2016.0,0,0.17,1.26,0.0,0.1,1.53,17
1225,1227,2003.0,0,1.09,0.15,0.25,0.04,1.53,18
1226,1228,1997.0,0,0.85,0.58,0.0,0.1,1.53,12
1227,1229,2014.0,1,0.73,0.52,0.15,0.12,1.52,19
1228,1230,2011.0,6,0.94,0.45,0.0,0.13,1.52,4
1229,1231,2007.0,2,0.44,0.69,0.0,0.39,1.52,16
1230,1232,1997.0,9,1.07,0.39,0.0,0.06,1.52,12
1231,1233,2002.0,0,0.36,0.9,0.0,0.27,1.52,6
1232,1234,1996.0,2,1.43,0.05,0.0,0.04,1.52,12
1233,1235,1984.0,2,0.0,0.0,1.52,0.0,1.52,1
1234,1236,1984.0,6,0.18,0.06,1.27,0.01,1.52,1
1235,1237,1998.0,2,1.45,0.04,0.0,0.04,1.52,12
1236,1238,1998.0,0,1.43,0.05,0.0,0.03,1.52,12
1237,1239,2010.0,8,0.5,0.72,0.04,0.26,1.52,5
1238,1240,2006.0,6,0.6,0.63,0.03,0.26,1.52,5
1239,1241,2002.0,4,1.11,0.31,0.06,0.04,1.52,18
1240,1242,2002.0,8,1.26,0.05,0.0,0.21,1.51,6
1241,1243,2014.0,0,1.3,0.09,0.0,0.12,1.51,17
1242,1244,2010.0,2,0.65,0.71,0.0,0.15,1.51,0
1243,1245,2011.0,8,0.84,0.54,0.0,0.13,1.51,4
1244,1246,2011.0,0,0.02,1.16,0.0,0.34,1.51,14
1245,1247,2013.0,3,0.0,0.0,1.51,0.0,1.51,9
1246,1248,1988.0,8,0.93,0.15,0.42,0.01,1.51,1
1247,1249,2001.0,9,0.23,1.16,0.0,0.11,1.51,12
1248,1250,1997.0,0,1.41,0.06,0.0,0.04,1.51,12
1249,1251,2007.0,8,0.35,0.03,0.0,1.13,1.51,6
1250,1252,1997.0,5,1.18,0.27,0.0,0.05,1.51,12
1251,1253,2003.0,9,0.99,0.32,0.11,0.08,1.5,18
1252,1254,2011.0,6,0.64,0.58,0.05,0.23,1.5,5
1253,1255,2000.0,2,0.66,0.52,0.15,0.17,1.5,6
1254,1256,2010.0,3,0.86,0.48,0.0,0.17,1.5,14
1255,1257,1998.0,0,1.41,0.05,0.0,0.04,1.5,12
1256,1258,2002.0,6,0.49,0.78,0.0,0.23,1.5,6
1257,1259,2010.0,4,1.08,0.31,0.0,0.11,1.5,3
1258,1260,2000.0,0,1.19,0.07,0.05,0.2,1.5,6
1259,1261,2000.0,9,1.2,0.27,0.02,0.02,1.5,11
1260,1262,1985.0,1,0.46,0.1,0.92,0.02,1.5,1
1261,1263,1993.0,1,1.0,0.36,0.09,0.05,1.5,24
1262,1264,1986.0,1,0.0,0.0,1.5,0.0,1.5,1
1263,1265,2010.0,8,0.75,0.53,0.09,0.12,1.5,4
1264,1266,2008.0,5,1.13,0.2,0.0,0.16,1.5,5
1265,1267,1998.0,8,1.21,0.14,0.1,0.04,1.5,12
1266,1268,2009.0,5,1.08,0.28,0.0,0.13,1.49,0
1267,1269,2003.0,3,0.72,0.38,0.36,0.04,1.49,18
1268,1270,2002.0,6,1.0,0.43,0.0,0.06,1.49,13
1269,1271,2008.0,0,1.22,0.0,0.0,0.27,1.49,6
1270,1272,2008.0,10,1.0,0.36,0.0,0.13,1.49,3
1271,1273,2000.0,1,0.82,0.36,0.25,0.06,1.49,11
1272,1274,2006.0,5,0.0,1.1,0.0,0.39,1.49,6
1273,1275,2008.0,8,0.82,0.52,0.01,0.14,1.49,4
1274,1276,2010.0,7,0.61,0.73,0.0,0.15,1.49,0
1275,1277,2009.0,0,0.37,0.69,0.28,0.14,1.48,0
1276,1278,2006.0,10,0.43,0.88,0.0,0.18,1.48,3
1277,1279,2006.0,6,0.47,0.37,0.52,0.12,1.48,6
1278,1280,1990.0,0,0.28,0.5,0.65,0.05,1.48,1
1279,1281,1999.0,9,1.2,0.25,0.02,0.02,1.48,11
1280,1282,1997.0,1,0.7,0.35,0.39,0.04,1.48,2
1281,1283,2011.0,3,0.78,0.47,0.03,0.2,1.48,5
1282,1284,2005.0,0,0.72,0.56,0.0,0.19,1.48,6
1283,1285,2004.0,9,1.08,0.2,0.0,0.2,1.48,6
1284,1286,2004.0,8,0.82,0.59,0.0,0.07,1.48,13
1285,1287,2007.0,7,0.39,0.92,0.0,0.17,1.47,3
1286,1288,2012.0,8,0.58,0.55,0.06,0.28,1.47,22
1287,1289,2008.0,9,0.72,0.41,0.14,0.2,1.47,5
1288,1290,1999.0,8,0.62,0.18,0.65,0.02,1.47,11
1289,1291,2003.0,1,1.04,0.37,0.0,0.06,1.47,8
1290,1292,2006.0,9,1.33,0.03,0.01,0.1,1.47,4
1291,1293,2013.0,8,0.45,0.4,0.44,0.18,1.47,5
1292,1294,2008.0,3,0.69,0.2,0.49,0.09,1.47,3
1293,1295,2010.0,8,0.95,0.4,0.0,0.12,1.47,4
1294,1296,2008.0,6,0.78,0.5,0.03,0.15,1.47,0
1295,1297,2007.0,10,1.15,0.2,0.0,0.12,1.47,3
1296,1298,2012.0,1,0.4,0.72,0.02,0.33,1.47,22
1297,1299,1998.0,3,0.29,0.19,0.89,0.1,1.46,12
1298,1300,2004.0,1,1.02,0.38,0.0,0.06,1.46,8
1299,1301,2012.0,6,0.93,0.4,0.02,0.12,1.46,4
1300,1302,2008.0,6,0.81,0.46,0.04,0.15,1.46,4
1301,1303,2003.0,5,0.72,0.56,0.0,0.19,1.46,6
1302,1304,2008.0,1,0.46,0.83,0.0,0.17,1.46,3
1304,1306,2011.0,6,0.83,0.48,0.02,0.12,1.46,4
1305,1307,2001.0,4,0.95,0.37,0.1,0.04,1.46,18
1306,1308,1981.0,1,1.36,0.08,0.0,0.02,1.46,15
1307,1309,1998.0,9,0.81,0.55,0.0,0.1,1.46,12
1308,1310,2005.0,0,0.93,0.24,0.25,0.04,1.46,18
1309,1311,2012.0,3,0.63,0.59,0.03,0.21,1.46,5
1310,1312,2012.0,8,0.94,0.4,0.0,0.11,1.46,0
1311,1313,2012.0,8,0.47,0.65,0.06,0.28,1.46,5
1312,1314,1998.0,9,1.17,0.2,0.04,0.05,1.46,12
1313,1315,2006.0,9,0.53,0.58,0.0,0.35,1.46,16
1314,1316,2013.0,1,0.51,0.75,0.07,0.12,1.46,9
1315,1317,2004.0,8,0.37,0.47,0.54,0.07,1.45,6
1316,1318,2013.0,3,0.89,0.44,0.0,0.12,1.45,4
1317,1319,2015.0,8,0.86,0.46,0.0,0.13,1.45,17
1318,1320,2008.0,6,0.75,0.49,0.01,0.21,1.45,5
1319,1321,2004.0,6,0.71,0.55,0.0,0.19,1.45,6
1320,1322,2011.0,11,0.0,1.13,0.0,0.32,1.45,14
1321,1323,2003.0,8,0.54,0.35,0.46,0.1,1.45,6
1322,1324,2007.0,5,0.53,0.76,0.0,0.16,1.45,0
1323,1325,1996.0,7,0.0,0.0,1.44,0.01,1.45,2
1324,1326,1984.0,5,0.0,0.0,1.45,0.0,1.45,1
1325,1327,1993.0,9,0.0,0.0,1.45,0.0,1.45,7
1326,1328,1997.0,7,0.0,0.0,1.44,0.01,1.45,2
1327,1329,1999.0,5,1.24,0.17,0.03,0.01,1.45,11
1328,1330,2008.0,4,0.97,0.34,0.0,0.13,1.45,0
1329,1331,2010.0,3,0.11,0.08,1.24,0.02,1.45,3
1330,1332,2005.0,0,1.38,0.05,0.0,0.02,1.45,6
1331,1333,2007.0,5,0.37,0.9,0.0,0.18,1.45,3
1332,1334,2007.0,5,0.79,0.53,0.0,0.13,1.44,3
1333,1335,2007.0,5,0.04,1.08,0.0,0.32,1.44,6
1334,1336,2006.0,2,0.73,0.42,0.0,0.28,1.44,16
1335,1337,2013.0,7,0.48,0.77,0.0,0.19,1.44,14
1336,1338,1996.0,1,0.26,0.07,1.09,0.02,1.44,7
1337,1339,2014.0,6,0.33,0.79,0.08,0.23,1.44,5
1338,1340,2007.0,9,0.92,0.38,0.0,0.13,1.44,4
1339,1341,2010.0,2,0.92,0.4,0.0,0.12,1.44,4
1340,1342,2006.0,5,1.23,0.07,0.02,0.11,1.44,0
1341,1343,2013.0,2,0.33,0.74,0.05,0.31,1.44,5
1342,1344,2004.0,0,1.03,0.32,0.0,0.09,1.44,6
1343,1345,2011.0,6,0.73,0.5,0.0,0.21,1.44,5
1344,1346,2002.0,0,1.16,0.08,0.0,0.19,1.44,6
1345,1347,1999.0,8,0.8,0.54,0.0,0.09,1.43,12
1346,1348,2013.0,8,0.96,0.37,0.0,0.11,1.43,4
1347,1349,2009.0,8,0.91,0.39,0.0,0.13,1.43,0
1348,1350,2009.0,5,0.85,0.46,0.0,0.13,1.43,4
1349,1351,2008.0,0,0.81,0.48,0.0,0.14,1.43,0
1350,1352,1988.0,1,0.82,0.23,0.35,0.03,1.43,2
1351,1353,2004.0,1,0.0,0.0,1.39,0.03,1.43,8
1352,1354,1999.0,0,0.79,0.54,0.0,0.09,1.43,12
1353,1355,2013.0,3,0.07,0.04,1.3,0.01,1.42,9
1354,1356,2002.0,0,0.7,0.54,0.0,0.18,1.42,6
1355,1357,2010.0,9,0.8,0.41,0.02,0.19,1.42,5
1356,1358,2005.0,0,1.35,0.05,0.0,0.02,1.42,6
1357,1359,2004.0,8,0.89,0.22,0.22,0.1,1.42,8
1358,1360,2004.0,0,1.15,0.08,0.0,0.19,1.42,6
1359,1361,2011.0,1,0.71,0.57,0.0,0.14,1.42,4
1360,1362,1994.0,8,0.57,0.12,0.71,0.02,1.42,7
1361,1363,1987.0,0,0.12,0.0,1.3,0.0,1.42,1
1362,1364,2008.0,8,0.89,0.4,0.0,0.13,1.42,4
1363,1365,2002.0,8,0.63,0.38,0.35,0.05,1.42,18
1364,1366,2009.0,3,0.0,0.21,1.18,0.03,1.42,3
1365,1367,2014.0,8,0.47,0.64,0.06,0.25,1.41,10
1366,1368,2006.0,8,0.58,0.51,0.0,0.32,1.41,16
1367,1369,2010.0,8,0.64,0.63,0.0,0.14,1.41,0
1368,1370,2009.0,9,0.95,0.34,0.0,0.13,1.41,4
1369,1371,2005.0,8,1.09,0.28,0.0,0.04,1.41,18
1370,1372,2013.0,9,0.97,0.34,0.0,0.11,1.41,4
1371,1373,2014.0,0,1.07,0.15,0.0,0.19,1.41,5
1372,1374,1994.0,1,0.97,0.37,0.03,0.05,1.41,20
1373,1375,2004.0,2,0.36,0.45,0.32,0.28,1.41,16
1374,1376,2010.0,8,0.87,0.31,0.13,0.1,1.41,0
1375,1377,1999.0,9,1.02,0.34,0.0,0.05,1.41,12
1376,1378,2003.0,2,0.0,0.47,0.77,0.17,1.41,6
1377,1379,2001.0,2,1.19,0.17,0.0,0.05,1.41,6
1378,1380,2004.0,2,0.69,0.54,0.0,0.18,1.41,6
1379,1381,2010.0,6,0.82,0.47,0.0,0.12,1.4,0
1380,1382,2002.0,8,1.07,0.28,0.0,0.05,1.4,13
1381,1383,2008.0,2,0.38,0.08,0.03,0.93,1.4,6
1382,1384,1996.0,0,1.15,0.2,0.0,0.05,1.4,12
1383,1385,2008.0,8,0.43,0.7,0.01,0.27,1.4,5
1384,1386,2004.0,1,0.74,0.52,0.08,0.06,1.4,8
1385,1387,1990.0,3,0.0,0.0,1.39,0.01,1.4,1
1386,1388,2013.0,6,0.38,0.86,0.0,0.16,1.4,14
1387,1389,2002.0,2,0.03,1.05,0.02,0.3,1.4,6
1388,1390,2001.0,0,0.78,0.53,0.0,0.09,1.39,12
1389,1391,2016.0,6,0.49,0.66,0.02,0.22,1.39,10
1390,1392,2007.0,3,0.34,0.42,0.54,0.1,1.39,3
1391,1393,2009.0,8,1.27,0.02,0.0,0.09,1.39,3
1392,1394,2011.0,6,0.5,0.6,0.07,0.23,1.39,5
1393,1395,1994.0,0,1.19,0.16,0.0,0.03,1.39,7
1394,1396,1991.0,8,1.05,0.17,0.15,0.02,1.39,1
1395,1397,2005.0,8,0.24,0.18,0.91,0.06,1.39,6
1396,1398,2007.0,8,0.87,0.38,0.0,0.13,1.39,0
1397,1399,2012.0,8,0.51,0.62,0.0,0.26,1.39,5
1398,1400,2011.0,6,0.76,0.48,0.02,0.12,1.39,4
1399,1401,2003.0,8,0.96,0.37,0.0,0.05,1.38,13
1400,1402,2005.0,7,0.49,0.56,0.0,0.33,1.38,16
1401,1403,2000.0,3,0.58,0.18,0.59,0.02,1.38,11
1402,1404,2012.0,3,0.5,0.32,0.49,0.07,1.38,9
1403,1405,2014.0,6,0.87,0.38,0.02,0.11,1.38,4
1404,1406,1998.0,6,0.77,0.54,0.0,0.07,1.38,12
1405,1407,2012.0,3,0.46,0.34,0.38,0.21,1.38,22
1406,1408,2010.0,8,0.43,0.57,0.15,0.22,1.38,5
1407,1409,2009.0,5,0.71,0.53,0.0,0.13,1.38,0
1408,1410,2007.0,10,1.24,0.04,0.0,0.09,1.38,0
1409,1411,2009.0,4,0.8,0.43,0.01,0.13,1.38,3
1410,1412,2001.0,0,0.67,0.53,0.0,0.18,1.38,6
1411,1413,2011.0,8,0.63,0.58,0.0,0.15,1.38,4
1412,1414,2008.0,8,0.6,0.01,0.0,0.76,1.37,6
1413,1415,2014.0,8,0.46,0.62,0.06,0.23,1.37,5
1414,1416,2006.0,2,0.24,0.7,0.16,0.26,1.37,5
1415,1417,1998.0,5,0.76,0.52,0.0,0.09,1.37,12
1416,1418,2014.0,2,0.5,0.78,0.01,0.09,1.37,17
1417,1419,2008.0,2,0.43,0.67,0.02,0.26,1.37,5
1418,1420,2010.0,1,0.74,0.5,0.01,0.13,1.37,3
1419,1421,2004.0,3,0.99,0.33,0.0,0.05,1.37,13
1420,1422,2010.0,8,0.55,0.6,0.0,0.22,1.37,5
1421,1423,1998.0,11,0.0,0.0,1.37,0.0,1.37,11
1422,1424,2014.0,0,0.86,0.27,0.02,0.22,1.36,5
1423,1425,2004.0,6,0.86,0.45,0.0,0.06,1.36,13
1424,1426,2003.0,1,0.63,0.66,0.0,0.07,1.36,8
1425,1427,2008.0,2,0.63,0.58,0.01,0.15,1.36,4
1426,1428,2008.0,5,0.23,0.04,0.0,1.09,1.36,6
1427,1429,1986.0,6,0.27,0.08,1.0,0.01,1.36,1
1428,1430,1996.0,3,0.0,0.0,1.36,0.0,1.36,7
1429,1431,1981.0,6,1.26,0.08,0.0,0.01,1.36,15
1430,1432,2014.0,1,0.47,0.51,0.28,0.09,1.36,9
1431,1433,2013.0,8,0.82,0.42,0.0,0.11,1.36,17
1432,1434,2002.0,6,0.67,0.52,0.0,0.17,1.36,6
1434,1436,2011.0,9,0.81,0.29,0.11,0.14,1.35,5
1435,1437,1999.0,7,0.0,0.0,1.26,0.09,1.35,12
1436,1438,2010.0,2,0.25,0.76,0.08,0.27,1.35,5
1437,1439,1997.0,0,1.29,0.03,0.0,0.03,1.35,12
1438,1440,2008.0,0,0.23,0.73,0.02,0.37,1.35,16
1439,1441,2007.0,5,1.18,0.01,0.06,0.09,1.35,3
1440,1442,2007.0,0,0.2,0.76,0.0,0.39,1.35,16
1441,1443,2009.0,8,0.59,0.57,0.05,0.14,1.35,3
1442,1444,2010.0,8,0.66,0.51,0.05,0.13,1.35,4
1443,1445,2008.0,6,0.76,0.36,0.05,0.18,1.35,5
1444,1446,2015.0,9,1.0,0.21,0.0,0.13,1.35,17
1445,1447,2004.0,8,0.22,0.05,1.06,0.02,1.35,6
1446,1448,2003.0,2,0.7,0.58,0.0,0.07,1.35,13
1447,1449,2008.0,8,0.79,0.34,0.08,0.13,1.35,4
1448,1450,2008.0,6,0.66,0.45,0.04,0.21,1.35,5
1449,1451,2005.0,3,0.24,0.04,1.03,0.04,1.35,16
1450,1452,2011.0,8,0.7,0.5,0.02,0.12,1.35,4
1451,1453,1997.0,3,0.15,0.04,1.07,0.09,1.35,12
1452,1454,2004.0,5,0.0,1.04,0.0,0.31,1.35,6
1453,1455,2007.0,0,0.31,0.89,0.01,0.14,1.35,4
1454,1456,2011.0,10,0.67,0.37,0.13,0.17,1.35,5
1455,1457,2002.0,2,0.95,0.21,0.01,0.18,1.34,6
1456,1458,2005.0,3,0.77,0.07,0.43,0.08,1.34,3
1457,1459,2006.0,6,1.09,0.04,0.1,0.11,1.34,4
1458,1460,1994.0,9,1.03,0.27,0.0,0.04,1.34,20
1459,1461,2005.0,6,0.85,0.43,0.0,0.06,1.34,13
1460,1462,2004.0,1,0.84,0.22,0.24,0.04,1.34,18
1461,1463,2006.0,2,1.22,0.05,0.05,0.01,1.34,6
1462,1464,2003.0,6,0.65,0.51,0.0,0.17,1.34,6
1463,1465,2000.0,11,1.32,0.02,0.0,0.0,1.34,14
1464,1466,2004.0,0,1.1,0.06,0.0,0.18,1.34,6
1465,1467,2007.0,9,0.62,0.5,0.01,0.21,1.33,5
1466,1468,2004.0,1,1.27,0.05,0.0,0.02,1.33,6
1467,1469,2010.0,0,0.79,0.42,0.0,0.11,1.33,4
1468,1470,2011.0,6,0.47,0.59,0.06,0.21,1.33,5
1469,1471,2013.0,1,0.86,0.36,0.0,0.11,1.33,4
1470,1472,2013.0,0,0.89,0.31,0.01,0.12,1.33,10
1471,1473,2002.0,8,0.92,0.35,0.01,0.05,1.33,8
1472,1474,1998.0,9,1.08,0.24,0.0,0.02,1.33,11
1473,1475,2000.0,0,0.9,0.38,0.01,0.05,1.33,2
1474,1476,2003.0,7,0.93,0.35,0.0,0.06,1.33,8
1475,1477,2000.0,0,0.74,0.5,0.0,0.09,1.33,12
1476,1478,2004.0,6,0.87,0.35,0.07,0.04,1.33,18
1477,1479,2010.0,9,0.9,0.31,0.0,0.11,1.33,4
1478,1480,2013.0,3,0.43,0.4,0.32,0.18,1.33,5
1479,1481,2004.0,2,0.65,0.51,0.0,0.17,1.33,6
1480,1482,2007.0,7,0.71,0.48,0.0,0.13,1.33,3
1481,1483,2010.0,3,0.51,0.17,0.58,0.06,1.33,3
1482,1484,2014.0,8,0.72,0.5,0.01,0.1,1.32,17
1483,1485,2005.0,2,0.69,0.38,0.02,0.24,1.32,16
1484,1486,2008.0,8,0.72,0.42,0.0,0.19,1.32,5
1485,1487,2014.0,3,0.4,0.36,0.4,0.17,1.32,5
1486,1488,2008.0,3,0.01,0.13,0.0,1.18,1.32,14
1487,1489,2014.0,3,0.52,0.43,0.18,0.19,1.32,5
1488,1490,2014.0,8,0.69,0.52,0.0,0.11,1.32,4
1489,1491,1998.0,2,0.03,1.16,0.02,0.11,1.32,12
1490,1492,1985.0,4,0.73,0.16,0.4,0.03,1.32,1
1491,1493,2002.0,0,1.06,0.08,0.0,0.18,1.32,6
1492,1494,1997.0,9,0.73,0.5,0.0,0.09,1.32,12
1493,1495,2003.0,3,0.31,0.04,0.96,0.01,1.32,8
1494,1496,2010.0,6,0.77,0.3,0.09,0.16,1.32,5
1495,1497,1996.0,0,0.73,0.5,0.0,0.09,1.32,12
1496,1498,2011.0,2,0.72,0.44,0.04,0.12,1.32,3
1497,1499,2012.0,8,0.75,0.45,0.0,0.11,1.32,4
1499,1501,1996.0,2,0.73,0.5,0.0,0.09,1.31,12
1500,1502,2002.0,2,0.64,0.5,0.0,0.17,1.31,6
1501,1503,2009.0,5,0.97,0.23,0.0,0.11,1.31,4
1502,1504,2009.0,9,0.71,0.42,0.05,0.13,1.31,4
1503,1505,2009.0,8,0.84,0.35,0.0,0.12,1.31,4
1504,1506,2009.0,5,1.22,0.0,0.0,0.09,1.31,0
1505,1507,2005.0,1,0.78,0.45,0.0,0.07,1.31,6
1506,1508,1999.0,10,0.57,0.67,0.0,0.07,1.31,12
1507,1509,2009.0,11,0.81,0.38,0.0,0.12,1.31,3
1508,1510,1983.0,1,1.22,0.07,0.0,0.02,1.31,15
1509,1511,2002.0,6,0.64,0.5,0.0,0.17,1.31,6
1510,1512,2008.0,5,0.68,0.49,0.0,0.13,1.31,0
1511,1513,2008.0,0,1.11,0.04,0.06,0.09,1.31,0
1512,1514,2004.0,2,0.84,0.43,0.0,0.04,1.31,13
1514,1516,2002.0,3,0.94,0.35,0.0,0.02,1.3,8
1515,1517,2011.0,8,0.45,0.57,0.06,0.21,1.3,5
1516,1518,2006.0,0,1.07,0.04,0.02,0.17,1.3,6
1517,1519,2013.0,8,0.56,0.44,0.09,0.21,1.3,5
1518,1520,2005.0,5,0.27,0.02,0.0,1.02,1.3,6
1519,1521,2007.0,0,0.69,0.48,0.0,0.13,1.3,0
1520,1522,1997.0,2,1.05,0.2,0.0,0.05,1.3,12
1521,1523,1995.0,3,0.0,0.0,1.29,0.01,1.3,7
1522,1524,2010.0,0,0.78,0.4,0.0,0.11,1.3,0
1523,1525,1999.0,3,0.56,0.38,0.28,0.08,1.3,12
1524,1526,2015.0,10,0.53,0.64,0.02,0.1,1.3,17
1525,1527,2006.0,2,0.46,0.66,0.02,0.15,1.29,0
1526,1528,2015.0,1,0.61,0.47,0.11,0.1,1.29,19
1527,1529,2002.0,3,0.39,0.02,0.85,0.03,1.29,8
1528,1530,2012.0,0,0.11,0.92,0.0,0.25,1.29,5
1529,1531,2002.0,8,0.54,0.27,0.45,0.04,1.29,18
1530,1532,2005.0,2,1.0,0.17,0.02,0.1,1.29,4
1531,1533,2015.0,6,0.73,0.44,0.0,0.12,1.29,17
1532,1534,2003.0,1,0.93,0.34,0.0,0.02,1.29,8
1533,1535,2004.0,6,0.63,0.49,0.0,0.16,1.29,6
1534,1536,2008.0,5,1.04,0.14,0.0,0.1,1.29,0
1535,1537,2008.0,10,0.76,0.4,0.0,0.12,1.29,3
1536,1538,2008.0,3,0.71,0.2,0.24,0.13,1.29,5
1537,1539,2005.0,2,1.22,0.05,0.0,0.01,1.29,6
1538,1540,2004.0,3,0.63,0.49,0.0,0.16,1.28,6
1539,1541,2014.0,8,0.72,0.45,0.01,0.11,1.28,4
1540,1542,2008.0,7,0.55,0.59,0.0,0.14,1.28,3
1541,1543,2014.0,8,0.45,0.46,0.17,0.2,1.28,10
1542,1544,1989.0,5,0.0,0.0,1.28,0.0,1.28,2
1543,1545,2015.0,8,0.61,0.56,0.0,0.11,1.28,17
1544,1546,1999.0,8,1.1,0.14,0.0,0.04,1.28,12
1545,1547,2012.0,8,0.72,0.45,0.0,0.11,1.28,4
1546,1548,1999.0,2,1.07,0.16,0.0,0.04,1.28,12
1547,1549,2003.0,8,0.63,0.49,0.0,0.16,1.28,6
1548,1550,2012.0,8,0.48,0.35,0.36,0.07,1.28,9
1549,1551,2001.0,8,0.62,0.49,0.0,0.16,1.28,6
1550,1552,2008.0,8,0.45,0.56,0.05,0.22,1.27,5
1551,1553,1997.0,1,0.58,0.4,0.21,0.08,1.27,12
1552,1554,2005.0,7,1.22,0.05,0.0,0.0,1.27,14
1553,1555,2008.0,8,0.72,0.03,0.0,0.52,1.27,6
1554,1556,1995.0,2,0.71,0.48,0.0,0.08,1.27,12
1555,1557,2012.0,3,0.44,0.3,0.47,0.06,1.27,9
1556,1558,1981.0,6,1.18,0.08,0.0,0.01,1.27,15
1557,1559,2008.0,0,1.0,0.16,0.0,0.11,1.27,4
1558,1560,2011.0,9,0.74,0.4,0.0,0.12,1.27,4
1559,1561,2003.0,0,0.85,0.37,0.0,0.05,1.27,13
1560,1562,1984.0,6,0.68,0.16,0.41,0.02,1.27,1
1561,1563,2015.0,3,0.77,0.38,0.0,0.12,1.27,17
1562,1564,2008.0,0,0.96,0.2,0.0,0.11,1.27,0
1563,1565,2002.0,3,0.49,0.38,0.26,0.13,1.27,6
1564,1566,2007.0,0,0.39,0.73,0.0,0.15,1.27,0
1565,1567,2003.0,1,0.87,0.3,0.06,0.03,1.27,18
1566,1568,2004.0,8,0.62,0.48,0.0,0.16,1.27,6
1567,1569,1994.0,9,0.39,0.26,0.53,0.08,1.27,12
1568,1570,2016.0,8,0.0,0.0,1.27,0.0,1.27,9
1569,1571,2008.0,8,0.56,0.57,0.0,0.14,1.26,3
1570,1572,2005.0,7,0.1,0.02,1.12,0.01,1.26,3
1571,1573,2010.0,0,0.0,1.01,0.0,0.25,1.26,14
1572,1574,1998.0,4,0.05,0.03,1.1,0.08,1.26,12
1573,1575,2007.0,7,0.54,0.05,0.62,0.05,1.26,3
1574,1576,2014.0,8,0.61,0.42,0.13,0.1,1.26,19
1575,1577,2006.0,2,0.49,0.52,0.03,0.21,1.26,5
1576,1578,2003.0,0,0.0,1.15,0.0,0.11,1.26,14
1577,1579,1998.0,0,0.02,1.13,0.01,0.1,1.26,12
1578,1580,2007.0,8,0.5,0.62,0.0,0.14,1.26,3
1579,1581,1998.0,5,0.99,0.22,0.0,0.04,1.26,12
1580,1582,2012.0,8,0.63,0.51,0.0,0.11,1.26,4
1581,1583,2007.0,0,0.45,0.68,0.0,0.12,1.26,0
1582,1584,2008.0,6,0.94,0.17,0.02,0.13,1.25,5
1583,1585,2000.0,0,0.7,0.47,0.0,0.08,1.25,12
1584,1586,2008.0,8,0.49,0.0,0.01,0.75,1.25,6
1586,1588,2007.0,6,0.47,0.53,0.03,0.22,1.25,5
1587,1589,1988.0,3,0.0,0.0,1.25,0.0,1.25,1
1588,1590,1987.0,3,0.0,0.0,1.25,0.0,1.25,1
1589,1591,1996.0,0,0.99,0.13,0.1,0.04,1.25,12
1590,1592,2013.0,9,0.48,0.53,0.01,0.23,1.25,5
1591,1593,2005.0,3,0.71,0.19,0.31,0.03,1.25,18
1592,1594,2006.0,6,1.01,0.04,0.03,0.16,1.25,6
1593,1595,2002.0,11,1.19,0.05,0.0,0.0,1.25,14
1594,1596,2003.0,8,0.61,0.48,0.0,0.16,1.25,6
1595,1597,2004.0,8,0.52,0.56,0.0,0.17,1.25,6
1596,1598,1998.0,2,1.05,0.16,0.0,0.04,1.25,12
1597,1599,2005.0,6,0.85,0.03,0.22,0.14,1.24,6
1598,1600,2001.0,3,0.61,0.48,0.0,0.16,1.24,6
1599,1601,2007.0,8,1.12,0.03,0.0,0.09,1.24,3
1600,1602,2011.0,3,0.29,0.19,0.67,0.09,1.24,5
1601,1603,2007.0,2,1.1,0.04,0.0,0.1,1.24,3
1602,1604,2009.0,8,0.65,0.41,0.0,0.19,1.24,5
1603,1605,2009.0,8,0.43,0.48,0.05,0.28,1.24,16
1604,1606,1997.0,1,0.75,0.44,0.0,0.06,1.24,12
1605,1607,2015.0,3,0.66,0.47,0.0,0.11,1.24,17
1606,1608,2000.0,8,0.24,0.19,0.75,0.06,1.24,6
1607,1609,2008.0,9,0.69,0.0,0.0,0.55,1.24,6
1608,1610,1992.0,4,0.56,0.22,0.43,0.03,1.24,2
1609,1611,2005.0,8,0.82,0.38,0.0,0.04,1.24,13
1610,1612,2007.0,8,0.55,0.55,0.0,0.13,1.23,0
1611,1613,2001.0,1,0.6,0.47,0.0,0.16,1.23,6
1612,1614,2010.0,0,0.3,0.64,0.07,0.22,1.23,5
1613,1615,2004.0,8,0.92,0.2,0.07,0.04,1.23,13
1614,1616,2002.0,1,0.59,0.57,0.0,0.07,1.23,13
1615,1617,2004.0,2,0.6,0.47,0.0,0.16,1.23,6
1616,1618,2003.0,5,0.69,0.47,0.0,0.08,1.23,12
1617,1619,2014.0,7,0.08,1.02,0.0,0.13,1.23,14
1618,1620,2008.0,5,1.0,0.14,0.0,0.1,1.23,4
1619,1621,2007.0,6,0.25,0.7,0.03,0.25,1.23,5
1620,1622,2000.0,4,0.29,0.17,0.75,0.02,1.23,2
1621,1623,2003.0,1,0.88,0.33,0.0,0.02,1.23,8
1622,1624,1998.0,2,0.68,0.47,0.0,0.08,1.23,12
1623,1625,1986.0,1,0.54,0.06,0.62,0.01,1.23,1
1624,1626,2004.0,1,0.79,0.27,0.12,0.04,1.23,8
1625,1627,2009.0,8,0.44,0.41,0.21,0.17,1.23,5
1626,1628,2003.0,4,0.4,0.11,0.7,0.02,1.23,8
1627,1629,2005.0,6,1.05,0.06,0.01,0.11,1.23,16
1628,1630,2016.0,0,0.92,0.08,0.0,0.23,1.23,10
1629,1631,2008.0,4,0.72,0.38,0.0,0.12,1.23,0
1630,1632,2015.0,3,0.5,0.63,0.0,0.1,1.23,14
1631,1633,2007.0,7,0.45,0.64,0.0,0.14,1.23,0
1632,1634,2012.0,8,0.5,0.53,0.0,0.2,1.22,5
1633,1635,2010.0,9,0.42,0.47,0.15,0.18,1.22,5
1634,1636,2004.0,0,0.58,0.16,0.46,0.03,1.22,18
1635,1637,1997.0,4,0.13,0.07,1.0,0.02,1.22,12
1636,1638,1997.0,5,0.76,0.3,0.12,0.04,1.22,2
1637,1639,1999.0,5,0.79,0.31,0.08,0.04,1.22,2
1638,1640,1984.0,4,0.27,0.08,0.85,0.02,1.22,1
1639,1641,2006.0,10,0.59,0.46,0.01,0.15,1.22,6
1640,1642,2011.0,2,0.12,0.75,0.11,0.25,1.22,5
1641,1643,2006.0,2,0.72,0.29,0.0,0.21,1.22,16
1642,1644,1997.0,0,1.13,0.05,0.0,0.03,1.22,12
1643,1645,1997.0,3,0.0,0.0,1.14,0.08,1.22,12
1644,1646,2002.0,3,0.61,0.27,0.27,0.07,1.22,8
1645,1647,1996.0,7,0.68,0.46,0.0,0.08,1.22,12
1646,1648,2001.0,6,0.98,0.19,0.0,0.05,1.22,13
1647,1649,1998.0,9,0.68,0.46,0.0,0.08,1.22,12
1648,1650,2002.0,0,0.59,0.46,0.01,0.15,1.22,6
1650,1652,2011.0,9,0.55,0.44,0.14,0.09,1.22,9
1651,1653,2006.0,2,1.01,0.04,0.0,0.16,1.21,6
1652,1654,2001.0,5,0.93,0.24,0.0,0.04,1.21,13
1653,1655,2004.0,6,0.78,0.4,0.0,0.04,1.21,13
1654,1656,2010.0,0,0.13,0.7,0.01,0.37,1.21,16
1655,1657,2002.0,1,1.03,0.14,0.0,0.04,1.21,6
1656,1658,2009.0,8,0.66,0.43,0.0,0.12,1.21,3
1657,1659,1992.0,1,0.66,0.17,0.35,0.03,1.21,7
1658,1660,2001.0,3,0.0,0.0,1.2,0.01,1.21,12
1659,1661,1999.0,8,0.66,0.48,0.01,0.06,1.21,12
1660,1662,2000.0,8,0.34,0.49,0.28,0.1,1.21,12
1661,1663,2003.0,2,0.69,0.48,0.01,0.03,1.21,18
1662,1664,2007.0,5,0.87,0.32,0.0,0.02,1.21,8
1663,1665,1997.0,2,0.67,0.46,0.0,0.08,1.21,12
1664,1666,2006.0,0,0.24,0.65,0.0,0.32,1.21,16
1665,1667,2005.0,0,0.01,0.88,0.31,0.0,1.2,16
1666,1668,2002.0,8,0.59,0.46,0.0,0.15,1.2,6
1667,1669,2011.0,8,0.52,0.49,0.0,0.2,1.2,5
1668,1670,2004.0,2,1.0,0.04,0.0,0.16,1.2,6
1669,1671,2004.0,11,0.48,0.13,0.56,0.03,1.2,18
1670,1672,2015.0,5,0.52,0.59,0.0,0.1,1.2,0
1671,1673,2008.0,5,0.77,0.31,0.0,0.12,1.2,0
1672,1674,2015.0,6,0.72,0.37,0.01,0.11,1.2,17
1673,1675,2015.0,0,0.41,0.6,0.0,0.19,1.2,10
1674,1676,1993.0,9,0.0,0.0,1.2,0.0,1.2,7
1675,1677,1986.0,6,0.0,0.0,1.2,0.0,1.2,1
1676,1678,1986.0,1,0.0,0.0,1.2,0.0,1.2,1
1677,1679,1999.0,0,1.12,0.05,0.0,0.02,1.2,21
1678,1680,1989.0,6,0.4,0.39,0.36,0.04,1.2,2
1679,1681,2003.0,8,0.72,0.43,0.01,0.04,1.2,13
1680,1682,2001.0,0,0.59,0.46,0.0,0.15,1.2,6
1681,1683,2006.0,4,0.74,0.03,0.36,0.07,1.2,3
1682,1684,2009.0,10,0.55,0.17,0.42,0.06,1.2,0
1683,1685,2012.0,8,0.01,0.24,0.86,0.09,1.2,5
1684,1686,2013.0,0,0.49,0.49,0.0,0.21,1.19,5
1685,1687,2006.0,8,0.38,0.35,0.38,0.09,1.19,16
1686,1688,1997.0,7,0.66,0.45,0.0,0.08,1.19,12
1687,1689,2014.0,4,0.56,0.36,0.19,0.09,1.19,19
1688,1690,2007.0,9,0.45,0.47,0.0,0.28,1.19,16
1689,1691,2003.0,2,0.86,0.32,0.0,0.02,1.19,8
1690,1692,2008.0,0,0.09,0.84,0.11,0.15,1.19,0
1691,1693,2002.0,1,0.92,0.23,0.0,0.04,1.19,8
1692,1694,2012.0,0,0.18,0.64,0.27,0.1,1.19,9
1693,1695,2006.0,8,0.99,0.04,0.0,0.16,1.19,6
1694,1696,1998.0,0,1.02,0.13,0.04,0.01,1.19,11
1695,1697,1990.0,1,0.68,0.14,0.35,0.02,1.19,1
1696,1698,1999.0,2,0.99,0.16,0.0,0.04,1.19,12
1698,1700,2013.0,0,0.41,0.66,0.0,0.12,1.19,17
1699,1701,2002.0,8,0.86,0.27,0.01,0.04,1.19,18
1700,1702,2004.0,3,0.64,0.24,0.29,0.02,1.19,8
1701,1703,2016.0,0,0.83,0.14,0.0,0.22,1.19,10
1702,1704,2015.0,3,0.46,0.31,0.33,0.08,1.19,9
1703,1705,2012.0,5,0.9,0.2,0.0,0.08,1.19,4
1704,1706,1999.0,10,0.66,0.45,0.0,0.08,1.18,12
1705,1707,1982.0,2,1.1,0.07,0.0,0.01,1.18,15
1706,1708,2012.0,8,0.48,0.25,0.36,0.1,1.18,5
1707,1709,2008.0,8,0.4,0.49,0.0,0.29,1.18,16
1708,1710,1988.0,0,0.1,0.0,1.08,0.0,1.18,1
1709,1711,1999.0,10,0.52,0.24,0.38,0.04,1.18,21
1710,1712,2000.0,0,0.5,0.18,0.44,0.06,1.18,2
1711,1713,2001.0,0,0.85,0.31,0.0,0.02,1.18,8
1712,1714,2011.0,9,0.53,0.46,0.02,0.17,1.18,5
1713,1715,2009.0,9,0.48,0.49,0.01,0.2,1.18,5
1714,1716,2011.0,11,0.95,0.15,0.0,0.08,1.18,3
1715,1717,2006.0,1,0.41,0.07,0.04,0.66,1.18,5
1716,1718,1991.0,1,0.5,0.14,0.52,0.02,1.18,7
1717,1719,2008.0,11,0.03,1.06,0.0,0.09,1.17,14
1718,1720,1996.0,7,0.65,0.44,0.0,0.08,1.17,12
1719,1721,2011.0,0,0.7,0.37,0.0,0.1,1.17,4
1720,1722,2008.0,6,0.74,0.26,0.02,0.15,1.17,5
1721,1723,2005.0,6,0.98,0.04,0.0,0.16,1.17,6
1722,1724,2002.0,1,0.57,0.45,0.0,0.15,1.17,6
1723,1725,2008.0,1,0.6,0.31,0.15,0.11,1.17,0
1724,1726,2007.0,1,0.54,0.49,0.01,0.12,1.17,3
1725,1727,2012.0,8,0.58,0.47,0.01,0.1,1.17,4
1726,1728,1990.0,1,0.68,0.1,0.39,0.0,1.17,1
1727,1729,2016.0,1,0.32,0.64,0.04,0.18,1.17,10
1728,1730,1997.0,8,0.74,0.38,0.02,0.03,1.17,11
1729,1731,1993.0,3,0.0,0.0,1.17,0.0,1.17,7
1730,1732,2003.0,0,0.57,0.45,0.0,0.15,1.17,6
1731,1733,1998.0,0,0.65,0.44,0.0,0.08,1.17,12
1732,1734,1996.0,2,0.16,0.11,0.83,0.08,1.17,12
1733,1735,2003.0,6,0.76,0.36,0.0,0.05,1.17,13
1734,1736,2012.0,0,0.0,0.95,0.0,0.22,1.17,14
1735,1737,1996.0,2,0.65,0.44,0.0,0.08,1.17,12
1736,1738,2008.0,1,0.51,0.51,0.01,0.13,1.17,4
1737,1739,2015.0,6,0.82,0.23,0.0,0.11,1.17,17
1738,1740,2004.0,4,0.68,0.25,0.21,0.02,1.17,8
1739,1741,2008.0,8,0.43,0.52,0.02,0.2,1.16,5
1740,1742,2009.0,0,0.78,0.28,0.0,0.1,1.16,0
1741,1743,2010.0,3,0.58,0.45,0.0,0.14,1.16,14
1742,1744,2012.0,2,0.38,0.52,0.01,0.25,1.16,22
1743,1745,2007.0,3,0.45,0.25,0.3,0.16,1.16,16
1744,1746,2006.0,2,0.97,0.04,0.0,0.16,1.16,6
1745,1747,2004.0,6,0.57,0.44,0.0,0.15,1.16,6
1746,1748,2007.0,5,0.45,0.58,0.0,0.13,1.16,5
1747,1749,1997.0,9,0.39,0.27,0.43,0.08,1.16,12
1748,1750,2011.0,8,0.66,0.39,0.0,0.11,1.16,3
1749,1751,2001.0,2,0.57,0.44,0.0,0.15,1.16,6
1750,1752,1999.0,6,0.78,0.28,0.07,0.02,1.16,11
1751,1753,1993.0,1,0.57,0.08,0.5,0.01,1.16,7
1752,1754,2002.0,3,0.84,0.27,0.0,0.05,1.16,8
1753,1755,1995.0,2,0.21,0.16,0.77,0.02,1.16,23
1754,1756,1997.0,2,0.65,0.44,0.0,0.08,1.16,12
1755,1757,2007.0,6,0.5,0.39,0.02,0.25,1.16,16
1756,1758,2010.0,6,0.54,0.51,0.0,0.12,1.16,4
1757,1759,2011.0,5,0.52,0.38,0.09,0.17,1.16,5
1758,1760,2005.0,8,0.83,0.28,0.0,0.05,1.16,13
1759,1761,2009.0,0,0.15,0.68,0.01,0.32,1.16,16
1760,1762,2014.0,6,0.51,0.54,0.0,0.1,1.16,4
1761,1763,2008.0,7,0.0,1.14,0.0,0.01,1.15,14
1762,1764,2011.0,7,0.52,0.46,0.0,0.17,1.15,5
1763,1765,2001.0,8,0.56,0.44,0.0,0.15,1.15,6
1764,1766,2007.0,8,0.57,0.33,0.09,0.16,1.15,5
1765,1767,2004.0,6,0.56,0.44,0.0,0.15,1.15,6
1766,1768,1980.0,5,1.07,0.07,0.0,0.01,1.15,15
1767,1769,2010.0,8,0.44,0.46,0.06,0.18,1.15,5
1768,1770,2009.0,1,0.69,0.35,0.01,0.11,1.15,0
1769,1771,2007.0,6,0.0,1.12,0.0,0.03,1.15,14
1770,1772,1990.0,4,0.51,0.2,0.41,0.03,1.15,2
1771,1773,1995.0,0,0.0,0.0,1.15,0.0,1.15,7
1772,1774,1986.0,8,0.0,0.0,1.15,0.0,1.15,1
1773,1775,2008.0,5,0.5,0.52,0.0,0.13,1.15,3
1774,1776,2011.0,1,0.75,0.22,0.05,0.12,1.15,5
1775,1777,2003.0,5,0.5,0.16,0.46,0.03,1.15,18
1776,1778,2011.0,9,0.45,0.51,0.0,0.19,1.15,5
1777,1779,1993.0,3,0.0,0.0,1.15,0.0,1.15,7
1778,1780,2003.0,1,0.56,0.44,0.0,0.15,1.15,6
1779,1781,1998.0,6,0.64,0.43,0.0,0.07,1.15,12
1780,1782,1997.0,4,0.0,0.0,1.07,0.07,1.15,12
1781,1783,2011.0,8,0.47,0.26,0.35,0.07,1.14,9
1782,1784,2000.0,8,0.64,0.43,0.0,0.07,1.14,12
1783,1785,2003.0,8,0.44,0.34,0.25,0.11,1.14,6
1784,1786,2005.0,8,0.78,0.03,0.2,0.13,1.14,6
1785,1787,1998.0,3,0.25,0.17,0.65,0.07,1.14,12
1786,1788,2007.0,0,0.31,0.03,0.76,0.04,1.14,5
1787,1789,2005.0,7,0.95,0.04,0.0,0.16,1.14,6
1788,1790,2008.0,1,0.31,0.59,0.02,0.22,1.14,5
1789,1791,2009.0,1,0.26,0.75,0.0,0.14,1.14,0
1790,1792,1998.0,6,0.9,0.23,0.0,0.02,1.14,11
1791,1793,1986.0,8,0.71,0.16,0.25,0.03,1.14,1
1792,1794,1990.0,7,0.46,0.17,0.48,0.02,1.14,7
1793,1795,2000.0,8,0.41,0.23,0.47,0.03,1.14,21
1794,1796,1991.0,2,0.58,0.37,0.15,0.04,1.14,2
1795,1797,2003.0,8,0.71,0.38,0.0,0.05,1.14,13
1796,1798,2005.0,8,0.82,0.3,0.0,0.02,1.14,8
1797,1799,2005.0,3,0.0,0.51,0.0,0.62,1.14,6
1798,1800,2009.0,5,0.65,0.37,0.0,0.11,1.14,4
1799,1801,2001.0,7,0.12,0.1,0.88,0.03,1.14,6
1800,1802,2004.0,2,0.7,0.39,0.01,0.03,1.14,18
1801,1803,2002.0,7,1.01,0.1,0.0,0.03,1.13,13
1802,1804,2010.0,2,0.5,0.41,0.06,0.16,1.13,5
1803,1805,2011.0,8,0.61,0.43,0.0,0.09,1.13,9
1804,1806,1999.0,0,0.0,0.0,1.06,0.07,1.13,12
1805,1807,2006.0,2,0.81,0.3,0.0,0.02,1.13,8
1806,1808,2012.0,3,0.33,0.37,0.37,0.06,1.13,9
1807,1809,2004.0,6,0.99,0.12,0.0,0.02,1.13,13
1808,1810,2014.0,0,0.38,0.56,0.0,0.19,1.13,10
1809,1811,1983.0,1,0.23,0.05,0.84,0.01,1.13,1
1810,1812,1998.0,5,0.63,0.43,0.0,0.07,1.13,12
1811,1813,2013.0,0,0.64,0.39,0.0,0.1,1.13,4
1812,1814,2014.0,6,0.34,0.56,0.04,0.19,1.13,10
1813,1815,2009.0,8,0.21,0.21,0.62,0.08,1.13,5
1814,1816,2005.0,3,0.81,0.3,0.0,0.02,1.13,8
1815,1817,2009.0,5,0.67,0.3,0.0,0.15,1.13,5
1816,1818,2011.0,8,0.72,0.3,0.01,0.09,1.12,4
1817,1819,1982.0,6,1.05,0.06,0.0,0.01,1.12,15
1818,1820,2001.0,2,0.55,0.43,0.0,0.14,1.12,6
1819,1821,1996.0,7,0.56,0.24,0.3,0.02,1.12,11
1820,1822,2010.0,6,0.63,0.37,0.02,0.1,1.12,4
1821,1823,2013.0,3,0.36,0.33,0.28,0.15,1.12,5
1822,1824,2010.0,8,0.5,0.37,0.1,0.16,1.12,5
1823,1825,2011.0,5,0.84,0.2,0.01,0.08,1.12,4
1824,1826,2014.0,8,0.62,0.4,0.0,0.1,1.12,4
1825,1827,2005.0,6,1.03,0.0,0.01,0.08,1.12,16
1826,1828,2005.0,6,0.66,0.4,0.0,0.05,1.12,13
1827,1829,1992.0,4,0.41,0.06,0.63,0.02,1.12,1
1828,1830,2009.0,5,0.28,0.3,0.0,0.54,1.12,6
1829,1831,2007.0,0,0.0,1.12,0.0,0.0,1.12,14
1830,1832,2004.0,8,0.82,0.26,0.0,0.04,1.12,13
1831,1833,2003.0,6,0.85,0.23,0.0,0.04,1.11,13
1832,1834,2015.0,8,0.32,0.58,0.04,0.17,1.11,10
1833,1835,2007.0,8,0.63,0.37,0.0,0.11,1.11,6
1834,1836,2008.0,2,0.31,0.57,0.03,0.2,1.11,5
1835,1837,2007.0,5,0.92,0.04,0.0,0.15,1.11,6
1836,1838,2014.0,6,0.62,0.4,0.0,0.08,1.11,17
1838,1840,2005.0,8,0.68,0.38,0.0,0.05,1.11,13
1839,1841,1983.0,1,0.33,0.07,0.7,0.01,1.11,1
1840,1842,1995.0,3,0.0,0.0,1.1,0.01,1.11,12
1841,1843,1994.0,0,0.95,0.14,0.0,0.03,1.11,20
1842,1844,2007.0,2,0.54,0.46,0.0,0.12,1.11,0
1843,1845,2013.0,11,0.45,0.31,0.29,0.06,1.11,19
1844,1846,1999.0,3,0.18,0.13,0.73,0.07,1.11,12
1845,1847,2004.0,4,0.52,0.35,0.0,0.23,1.11,16
1846,1848,2010.0,8,0.51,0.42,0.0,0.17,1.11,5
1847,1849,2009.0,5,0.53,0.4,0.0,0.17,1.1,5
1848,1850,1981.0,6,1.03,0.06,0.0,0.01,1.1,15
1849,1851,2007.0,6,0.45,0.53,0.01,0.12,1.1,4
1850,1852,2015.0,8,0.52,0.33,0.17,0.08,1.1,9
1851,1853,1982.0,1,1.03,0.06,0.0,0.01,1.1,15
1852,1854,1997.0,0,0.61,0.42,0.0,0.07,1.1,12
1853,1855,2012.0,8,0.36,0.53,0.0,0.21,1.1,5
1854,1856,2007.0,7,0.47,0.52,0.0,0.12,1.1,3
1855,1857,2010.0,9,0.44,0.46,0.01,0.18,1.1,5
1856,1858,1999.0,11,0.0,0.0,1.1,0.0,1.1,2
1857,1859,1984.0,4,0.0,0.0,1.1,0.0,1.1,1
1858,1860,1989.0,3,0.0,0.0,1.1,0.0,1.1,2
1859,1861,1989.0,3,0.0,0.0,1.1,0.0,1.1,1
1860,1862,1998.0,2,0.45,0.33,0.29,0.03,1.1,11
1861,1863,1983.0,1,0.51,0.12,0.45,0.02,1.1,1
1862,1864,2008.0,6,0.92,0.09,0.0,0.09,1.1,0
1863,1865,2001.0,0,0.52,0.4,0.04,0.13,1.1,6
1864,1866,2006.0,5,0.12,0.75,0.0,0.23,1.1,6
1865,1867,2006.0,5,0.0,0.84,0.0,0.25,1.1,6
1866,1868,2003.0,3,0.54,0.21,0.31,0.04,1.1,18
1867,1869,2005.0,3,0.54,0.33,0.01,0.22,1.1,16
1868,1870,1998.0,3,0.26,0.1,0.72,0.02,1.1,12
1869,1871,2013.0,3,0.31,0.22,0.45,0.12,1.1,5
1870,1872,2008.0,8,0.43,0.41,0.0,0.25,1.09,16
1871,1873,2008.0,7,0.63,0.36,0.0,0.1,1.09,3
1872,1874,2007.0,8,0.24,0.55,0.0,0.31,1.09,16
1873,1875,2006.0,10,0.05,0.04,0.84,0.16,1.09,6
1874,1876,2009.0,0,0.82,0.17,0.01,0.09,1.09,4
1875,1877,2003.0,3,0.78,0.29,0.0,0.02,1.09,8
1876,1878,2007.0,9,0.29,0.52,0.08,0.2,1.09,5
1877,1879,2000.0,0,1.02,0.05,0.0,0.02,1.09,21
1878,1880,1998.0,7,0.0,0.0,1.07,0.02,1.09,12
1879,1881,2005.0,5,0.75,0.18,0.0,0.16,1.09,16
1880,1882,2006.0,8,0.96,0.04,0.0,0.08,1.09,3
1881,1883,2003.0,0,1.02,0.02,0.0,0.05,1.09,13
1882,1884,2009.0,11,0.01,0.97,0.0,0.11,1.09,14
1883,1885,2006.0,8,0.89,0.03,0.01,0.15,1.09,6
1884,1886,2009.0,0,0.61,0.37,0.0,0.11,1.09,0
1885,1887,2002.0,6,0.53,0.42,0.0,0.14,1.09,6
1886,1888,1997.0,7,0.0,0.0,1.02,0.07,1.09,12
1887,1889,2010.0,8,0.64,0.28,0.04,0.13,1.09,5
1888,1890,2010.0,2,0.44,0.54,0.0,0.11,1.09,3
1889,1891,2012.0,8,0.35,0.52,0.0,0.22,1.09,5
1890,1892,2007.0,10,0.44,0.47,0.09,0.09,1.09,0
1891,1893,1998.0,0,0.6,0.41,0.0,0.07,1.09,12
1892,1894,2010.0,2,0.74,0.26,0.0,0.09,1.09,4
1893,1895,2003.0,2,0.53,0.41,0.0,0.14,1.08,6
1894,1896,2008.0,8,0.47,0.41,0.03,0.18,1.08,5
1895,1897,2002.0,1,0.53,0.41,0.0,0.14,1.08,6
1896,1898,2015.0,8,0.36,0.64,0.0,0.08,1.08,14
1897,1899,2009.0,0,0.87,0.12,0.0,0.09,1.08,0
1898,1900,2002.0,0,0.53,0.41,0.0,0.14,1.08,6
1899,1901,2009.0,10,0.55,0.43,0.0,0.11,1.08,3
1900,1902,2009.0,8,0.48,0.32,0.2,0.09,1.08,0
1901,1903,2012.0,8,1.02,0.0,0.0,0.06,1.08,4
1902,1904,2009.0,8,0.28,0.5,0.03,0.28,1.08,16
1903,1905,2010.0,0,0.26,0.69,0.0,0.12,1.08,0
1904,1906,2007.0,6,0.28,0.59,0.0,0.22,1.08,5
1905,1907,1982.0,1,1.01,0.06,0.0,0.01,1.08,15
1906,1908,2008.0,8,0.53,0.43,0.01,0.11,1.08,4
1907,1909,2004.0,6,0.64,0.34,0.0,0.1,1.08,6
1908,1910,2011.0,2,0.27,0.59,0.01,0.21,1.08,5
1909,1911,2013.0,1,0.47,0.4,0.13,0.08,1.08,19
1910,1912,2008.0,7,0.67,0.3,0.0,0.11,1.08,3
1911,1913,1998.0,0,0.6,0.41,0.0,0.07,1.08,12
1912,1914,2003.0,9,0.77,0.29,0.0,0.02,1.08,8
1913,1915,2002.0,1,0.77,0.29,0.0,0.02,1.08,8
1914,1916,2005.0,6,0.68,0.18,0.19,0.03,1.08,18
1915,1917,2008.0,9,0.49,0.35,0.09,0.16,1.08,5
1916,1918,2011.0,9,0.79,0.18,0.03,0.07,1.08,4
1917,1919,2013.0,0,1.01,0.0,0.0,0.06,1.07,4
1918,1920,1999.0,5,0.0,0.0,1.0,0.07,1.07,12
1919,1921,2006.0,6,0.89,0.03,0.0,0.15,1.07,6
1920,1922,2008.0,7,0.65,0.32,0.0,0.1,1.07,3
1921,1923,2010.0,8,0.57,0.39,0.02,0.09,1.07,4
1922,1924,2008.0,8,0.53,0.4,0.03,0.11,1.07,4
1923,1925,1994.0,9,0.17,0.12,0.77,0.02,1.07,23
1924,1926,1999.0,0,0.0,0.98,0.0,0.09,1.07,14
1925,1927,2009.0,9,0.53,0.01,0.0,0.54,1.07,6
1926,1928,2007.0,0,0.08,0.9,0.04,0.05,1.07,4
1927,1929,2005.0,1,0.72,0.06,0.21,0.07,1.07,3
1928,1930,1997.0,0,0.59,0.4,0.0,0.07,1.07,12
1929,1931,2005.0,9,0.74,0.15,0.13,0.05,1.07,6
1930,1932,2013.0,1,0.43,0.44,0.0,0.2,1.07,5
1931,1933,2012.0,2,0.12,0.64,0.05,0.25,1.07,5
1932,1934,2005.0,0,0.1,0.63,0.0,0.34,1.07,16
1933,1935,2011.0,8,0.67,0.3,0.0,0.1,1.07,0
1934,1936,1995.0,2,0.17,0.12,0.71,0.07,1.07,12
1935,1937,2011.0,8,0.54,0.42,0.0,0.1,1.07,4
1936,1938,1999.0,2,0.59,0.4,0.0,0.07,1.07,12
1937,1939,1998.0,0,0.59,0.4,0.0,0.07,1.06,12
1938,1940,2006.0,9,0.88,0.04,0.0,0.14,1.06,6
1939,1941,2010.0,6,0.55,0.4,0.0,0.11,1.06,4
1940,1942,2002.0,2,0.52,0.41,0.0,0.14,1.06,6
1941,1943,2008.0,5,0.23,0.74,0.0,0.1,1.06,3
1942,1944,2010.0,8,0.67,0.29,0.01,0.1,1.06,4
1943,1945,2007.0,2,0.16,0.67,0.0,0.23,1.06,5
1944,1946,2007.0,6,0.96,0.02,0.01,0.08,1.06,3
1945,1947,1998.0,5,0.0,0.0,0.99,0.07,1.06,12
1946,1948,2008.0,0,0.28,0.65,0.0,0.13,1.06,0
1947,1949,2005.0,0,0.52,0.41,0.0,0.14,1.06,6
1948,1950,2012.0,8,0.31,0.5,0.05,0.19,1.06,5
1949,1951,2008.0,6,0.65,0.3,0.01,0.1,1.06,4
1950,1952,1999.0,11,0.18,0.81,0.0,0.08,1.06,12
1951,1953,2003.0,8,0.52,0.41,0.0,0.14,1.06,6
1952,1954,2008.0,8,0.44,0.44,0.0,0.18,1.06,5
1953,1955,1998.0,0,1.02,0.04,0.0,0.01,1.06,11
1954,1956,1997.0,0,1.01,0.05,0.0,0.01,1.06,11
1955,1957,2009.0,5,0.56,0.4,0.0,0.11,1.06,4
1956,1958,2007.0,1,0.97,0.01,0.0,0.08,1.06,3
1957,1959,2001.0,3,1.03,0.02,0.0,0.0,1.06,14
1958,1960,2016.0,9,0.39,0.41,0.1,0.16,1.06,10
1959,1961,2004.0,8,0.76,0.28,0.0,0.02,1.06,8
1960,1962,2007.0,0,0.23,0.59,0.03,0.22,1.06,5
1961,1963,2002.0,2,0.52,0.4,0.0,0.14,1.06,6
1962,1964,2007.0,7,0.49,0.39,0.0,0.17,1.06,5
1963,1965,2007.0,10,0.32,0.06,0.64,0.04,1.06,3
1964,1966,2014.0,8,0.58,0.38,0.0,0.09,1.05,4
1965,1967,1981.0,6,0.99,0.05,0.0,0.01,1.05,15
1966,1968,2006.0,6,0.81,0.11,0.0,0.13,1.05,16
1967,1969,2014.0,8,0.42,0.54,0.0,0.08,1.05,0
1968,1970,2010.0,6,0.41,0.47,0.0,0.18,1.05,5
1969,1971,1980.0,5,0.99,0.05,0.0,0.01,1.05,15
1970,1972,2010.0,5,0.27,0.66,0.0,0.12,1.05,0
1971,1973,1986.0,1,0.0,0.0,1.05,0.0,1.05,1
1972,1974,1996.0,3,0.0,0.0,0.92,0.13,1.05,12
1973,1975,1985.0,9,0.0,0.0,1.05,0.0,1.05,1
1974,1976,1996.0,0,0.0,0.0,1.04,0.01,1.05,7
1975,1977,2012.0,8,0.55,0.34,0.03,0.13,1.05,5
1976,1978,2002.0,0,0.51,0.4,0.0,0.13,1.05,6
1977,1979,2015.0,9,0.3,0.48,0.12,0.15,1.05,10
1978,1980,2001.0,2,0.78,0.26,0.0,0.01,1.05,13
1979,1981,2000.0,0,0.91,0.11,0.0,0.03,1.05,12
1980,1982,2007.0,7,0.45,0.49,0.0,0.11,1.05,3
1981,1983,2009.0,9,0.56,0.38,0.01,0.11,1.05,4
1982,1984,2005.0,2,0.52,0.51,0.0,0.02,1.05,13
1983,1985,2006.0,1,0.44,0.49,0.0,0.11,1.05,4
1984,1986,2009.0,10,0.62,0.32,0.0,0.1,1.05,0
1985,1987,1998.0,7,0.19,0.13,0.66,0.07,1.05,12
1986,1988,2012.0,3,0.58,0.06,0.37,0.04,1.05,3
1987,1989,2007.0,8,0.54,0.4,0.0,0.11,1.05,4
1988,1990,2008.0,8,0.46,0.47,0.0,0.11,1.04,0
1989,1991,2003.0,0,0.51,0.4,0.0,0.13,1.04,6
1991,1993,2007.0,9,0.33,0.37,0.26,0.09,1.04,0
1992,1994,2010.0,8,0.58,0.37,0.0,0.09,1.04,3
1993,1995,1997.0,3,0.09,0.06,0.83,0.07,1.04,12
1994,1996,2000.0,2,0.58,0.39,0.0,0.07,1.04,12
1995,1997,2009.0,10,0.57,0.35,0.02,0.1,1.04,3
1996,1998,1996.0,8,0.45,0.3,0.22,0.07,1.04,12
1997,1999,2003.0,9,0.44,0.12,0.45,0.03,1.04,18
1998,2000,2006.0,7,0.87,0.03,0.0,0.14,1.04,6
1999,2001,2011.0,6,0.59,0.35,0.01,0.09,1.04,4
2000,2002,2001.0,2,0.39,0.16,0.37,0.12,1.04,8
2001,2003,1997.0,4,0.5,0.2,0.31,0.03,1.04,11
2002,2004,1998.0,2,0.91,0.1,0.0,0.03,1.04,12
2003,2005,2009.0,8,0.62,0.33,0.0,0.09,1.04,4
2004,2006,2015.0,2,0.17,0.69,0.02,0.15,1.04,10
2005,2007,2005.0,2,0.53,0.46,0.0,0.05,1.04,13
2006,2008,2011.0,1,0.52,0.06,0.41,0.05,1.04,3
2007,2009,2013.0,8,0.61,0.34,0.0,0.09,1.04,17
2008,2010,2010.0,7,0.68,0.27,0.0,0.09,1.04,3
2009,2011,2007.0,6,0.34,0.48,0.02,0.19,1.04,5
2010,2012,2009.0,2,0.16,0.58,0.0,0.3,1.04,16
2011,2013,2005.0,2,0.47,0.34,0.0,0.22,1.04,16
2012,2014,2014.0,0,0.46,0.4,0.01,0.17,1.04,10
2013,2015,2005.0,2,0.86,0.03,0.0,0.14,1.03,6
2014,2016,2008.0,1,0.56,0.33,0.01,0.14,1.03,5
2015,2017,2007.0,0,0.94,0.02,0.0,0.08,1.03,0
2016,2018,2011.0,1,0.33,0.51,0.01,0.18,1.03,5
2017,2019,2012.0,8,0.72,0.23,0.0,0.08,1.03,0
2018,2020,2003.0,0,0.5,0.39,0.0,0.13,1.03,6
2020,2022,1985.0,4,0.18,0.0,0.85,0.0,1.03,1
2021,2023,2007.0,8,0.45,0.47,0.0,0.11,1.03,0
